
TRUNCATE infrastructure_network.infrastructure_link CASCADE;
TRUNCATE internal_route.route CASCADE;
TRUNCATE internal_route.infrastructure_link_along_route CASCADE;
TRUNCATE journey_pattern.journey_pattern CASCADE;
TRUNCATE internal_service_pattern.scheduled_stop_point CASCADE;
TRUNCATE internal_journey_pattern.scheduled_stop_point_in_journey_pattern CASCADE;

INSERT INTO infrastructure_network.infrastructure_link (infrastructure_link_id, direction, shape, estimated_length_in_metres) VALUES
('ced51f16-71ad-49c0-8785-0903240e5a78',	'forward',	'01020000A0E6100000020000003333333333332840666666666666264000000000000000009A9999999999284033333333333324400000000000000000',	NULL),
('96f5419d-5641-46e8-b61e-660db08a87c4',	'bidirectional',	'01020000A0E6100000020000003333333333332840666666666666264000000000000000009A9999999999284033333333333324400000000000000000',	NULL),
('d654ff08-a7c3-4799-820c-6d61147dd1ad',	'backward',	'01020000A0E6100000020000003333333333332840666666666666264000000000000000009A9999999999284033333333333324400000000000000000',	NULL),
('b1c74990-870e-4f09-a371-6b038d96836a',	'forward',	'01020000A0E6100000020000003333333333332840666666666666264000000000000000009A9999999999284033333333333324400000000000000000',	NULL),
('bdef9ea1-6581-466b-8880-1ca4ce6871dc',	'backward',	'01020000A0E6100000020000003333333333332840666666666666264000000000000000009A9999999999284033333333333324400000000000000000',	NULL),
('59982493-e8e9-448b-99bf-4b1c9483bf59',	'backward',	'01020000A0E6100000020000003333333333332840666666666666264000000000000000009A9999999999284033333333333324400000000000000000',	NULL),
('50fe1a84-a56d-4b46-a373-ae38f26cacf0',	'bidirectional',	'01020000A0E6100000020000003333333333332840666666666666264000000000000000009A9999999999284033333333333324400000000000000000',	NULL),
('6b98582d-7b04-4048-a711-d71e3c14840a',	'bidirectional',	'01020000A0E6100000020000003333333333332840666666666666264000000000000000009A9999999999284033333333333324400000000000000000',	NULL),
('4a717af4-c04b-4555-be18-0718fa594221',	'backward',	'01020000A0E6100000020000003333333333332840666666666666264000000000000000009A9999999999284033333333333324400000000000000000',	NULL);

INSERT INTO internal_route.route (route_id, description_i18n, starts_from_scheduled_stop_point_id, ends_at_scheduled_stop_point_id) VALUES
('7ce5f1e1-250f-45f4-b454-5790b1772394',	'test route 1',	'3f604abf-06a9-42c6-90fc-649bf7d8c5eb',	'd269d7e7-3ff4-48eb-8a07-3acec1bc349d'),
('95b5605d-e160-42e7-aac0-192efb913f9a',	'test route 2',	'3f604abf-06a9-42c6-90fc-649bf7d8c5eb',	'd269d7e7-3ff4-48eb-8a07-3acec1bc349d'),
('8fda5252-6927-41e9-aecb-38981766da6d',	'test route 3',	'3f604abf-06a9-42c6-90fc-649bf7d8c5eb',	'd269d7e7-3ff4-48eb-8a07-3acec1bc349d');

INSERT INTO internal_route.infrastructure_link_along_route (route_id, infrastructure_link_id, infrastructure_link_sequence_raw, is_traversal_forwards) VALUES
('7ce5f1e1-250f-45f4-b454-5790b1772394',	'ced51f16-71ad-49c0-8785-0903240e5a78',	'2',	't'),
('7ce5f1e1-250f-45f4-b454-5790b1772394',	'96f5419d-5641-46e8-b61e-660db08a87c4',	'5',	't'),
('7ce5f1e1-250f-45f4-b454-5790b1772394',	'd654ff08-a7c3-4799-820c-6d61147dd1ad',	'226',	't'),
('95b5605d-e160-42e7-aac0-192efb913f9a',	'b1c74990-870e-4f09-a371-6b038d96836a',	'8',	't'),
('95b5605d-e160-42e7-aac0-192efb913f9a',	'bdef9ea1-6581-466b-8880-1ca4ce6871dc',	'15',	't'),
('95b5605d-e160-42e7-aac0-192efb913f9a',	'59982493-e8e9-448b-99bf-4b1c9483bf59',	'16',	't'),
('95b5605d-e160-42e7-aac0-192efb913f9a',	'50fe1a84-a56d-4b46-a373-ae38f26cacf0',	'111',	't');

INSERT INTO journey_pattern.journey_pattern (journey_pattern_id, on_route_id) VALUES
('8ae3d952-04ee-412d-8021-c444c34bf46b',	'7ce5f1e1-250f-45f4-b454-5790b1772394'),
('e2db1c8b-d5c7-4aa4-a65c-7fd30dbbd6d3',	'95b5605d-e160-42e7-aac0-192efb913f9a');

INSERT INTO internal_service_pattern.scheduled_stop_point (scheduled_stop_point_id, measured_location, located_on_infrastructure_link_id, direction, label) VALUES
('3f604abf-06a9-42c6-90fc-649bf7d8c5eb',	'01010000A0E6100000333333333333284066666666666626400000000000000000',	'ced51f16-71ad-49c0-8785-0903240e5a78',	'forward',	'stop1'),
('d269d7e7-3ff4-48eb-8a07-3acec1bc349d',	'01010000A0E6100000333333333333284066666666666626400000000000000000',	'96f5419d-5641-46e8-b61e-660db08a87c4',	'forward',	'stop2'),
('44ea9340-9943-4ce1-8ca2-af56de574184',	'01010000A0E6100000333333333333284066666666666626400000000000000000',	'd654ff08-a7c3-4799-820c-6d61147dd1ad',	'forward',	'stop3'),
('5be29866-4a74-45f3-9b85-b0717283231b',	'01010000A0E6100000333333333333284066666666666626400000000000000000',	'b1c74990-870e-4f09-a371-6b038d96836a',	'backward',	'stop4'),
('39379eca-160c-4f4d-a3bf-3cd458c20b98',	'01010000A0E6100000333333333333284066666666666626400000000000000000',	'bdef9ea1-6581-466b-8880-1ca4ce6871dc',	'backward',	'stop5'),
('486d22d9-514c-4ec7-b2de-cf389d666f37',	'01010000A0E6100000333333333333284066666666666626400000000000000000',	'59982493-e8e9-448b-99bf-4b1c9483bf59',	'forward',	'stop6a'),
('8e3ec29d-3cd1-421c-a4c9-0cfee3d37988',	'01010000A0E6100000333333333333284066666666666626400000000000000000',	'59982493-e8e9-448b-99bf-4b1c9483bf59',	'forward',	'stop6b');

INSERT INTO internal_journey_pattern.scheduled_stop_point_in_journey_pattern (journey_pattern_id, scheduled_stop_point_id, scheduled_stop_point_sequence_RAW, is_timing_point, is_via_point) VALUES
('8ae3d952-04ee-412d-8021-c444c34bf46b',	'3f604abf-06a9-42c6-90fc-649bf7d8c5eb',	'55',	'f',	'f'),
('8ae3d952-04ee-412d-8021-c444c34bf46b',	'd269d7e7-3ff4-48eb-8a07-3acec1bc349d',	'90',	'f',	'f'),
('8ae3d952-04ee-412d-8021-c444c34bf46b',	'44ea9340-9943-4ce1-8ca2-af56de574184',	'302',	'f',	'f'),
('e2db1c8b-d5c7-4aa4-a65c-7fd30dbbd6d3',	'5be29866-4a74-45f3-9b85-b0717283231b',	'1',	'f',	'f'),
('e2db1c8b-d5c7-4aa4-a65c-7fd30dbbd6d3',	'39379eca-160c-4f4d-a3bf-3cd458c20b98',	'8',	'f',	'f'),
('e2db1c8b-d5c7-4aa4-a65c-7fd30dbbd6d3',	'486d22d9-514c-4ec7-b2de-cf389d666f37',	'9',	'f',	'f'),
('e2db1c8b-d5c7-4aa4-a65c-7fd30dbbd6d3',	'8e3ec29d-3cd1-421c-a4c9-0cfee3d37988',	'202',	'f',	'f');
