-- seed data for developing the UI
-- warning: this data does not actually make any sense, should update it when we get real data from jore3

-- For testing purposes when checking the migrations' data compatibility, we do not want delete the
-- seed data in the "down" migrations... Which results in having some data in the database when
-- testing the migrations.
-- However when running the complementing "up" migrations again, these inserts get in conflict with
-- the existing data, so we need to skip these errors using "ON CONFLICT DO NOTHING";

INSERT INTO route.line
  (line_id,name_i18n,short_name_i18n,primary_vehicle_mode,label,type_of_line,transport_target,priority,validity_start,validity_end)
VALUES
  ('101f800c-39ed-4d85-8ece-187cd9fe1c5e','{"fi_FI":"Rautatientori - Veräjälaakso FI","sv_FI":"Rautatientori - Veräjälaakso SV"}','{"fi_FI":"Rautatientori - Veräjälaakso short FI","sv_FI":"Rautatientori - Veräjälaakso short SV"}','bus','65','regional_bus_service','helsinki_internal_traffic',10,'2021-01-01','2023-12-13'),
  ('9058c328-efdd-412c-9b2b-37b0f6a2c6fb','{"fi_FI":"Rautatientori - Malmi as. FI","sv_FI":"Rautatientori - Malmi as. SV"}','{"fi_FI":"Rautatientori - Malmi as. short FI","sv_FI":"Rautatientori - Malmi as. short SV"}','bus','71','regional_bus_service','helsinki_internal_traffic',10,'2021-01-01','2023-12-13'),
  ('bbd1cb29-74c3-4fa1-ac86-918d7fa96fe2','{"fi_FI":"Rautatientori - Nikkilä FI","sv_FI":"Rautatientori - Nikkilä SV"}','{"fi_FI":"Rautatientori - Nikkilä short FI","sv_FI":"Rautatientori - Nikkilä short SV"}','bus','785K','regional_bus_service','helsinki_internal_traffic',10,'2021-01-01','2023-12-13'),
  ('db748c5c-42e3-429f-baa0-e0db227dc2c8','{"fi_FI":"Erottaja - Arkkadiankatu FI","sv_FI":"Erottaja - Arkkadiankatu SV"}','{"fi_FI":"Erottaja - Arkkadiankatu short FI","sv_FI":"Erottaja - Arkkadiankatu short SV"}','bus','1234','regional_bus_service','helsinki_internal_traffic',10,'2021-01-01','2023-12-13'),
  ('6e23adfe-daab-4eb8-903c-0f725ba103e1','{"fi_FI": "Elielinaukio - Jupperi - Vanhakartano", "sv_SE": "Elielplatsen - Jupper - Gammelgård"}','{"fi_FI": "Elielinauk-Vanhak.", "sv_SE": "Eliel-Gammelgård"}','bus','321','stopping_bus_service','helsinki_internal_traffic',10,'2021-01-01','2023-12-13'),
  ('a50f8e20-1bb3-4443-9b16-c6be97a508a5','{"fi_FI": "Tikkurila - Ilola - Leinelä - Hyrylä - Kerava", "sv_SE": "Dickursby - Gladas - Lejle - Skavaböle - Kervo"}','{"fi_FI": "Tikkurila-Kerava", "sv_SE": "Dickursby-Kervo"}','bus','641','stopping_bus_service','helsinki_internal_traffic',10,'2021-01-01','2023-12-13'),
  ('d1bc3876-2e25-451f-b332-241e17c14ca7','{"fi_FI": "Kallio - Meilahti - Munkkiniemi - Leppävaara", "sv_SE": "Berghäll - Mejlans - Munksnäs - Alberga"}','{"fi_FI": "Kallio-Leppävaara", "sv_SE": "Berghäll-Alberga"}','bus','502','stopping_bus_service','helsinki_internal_traffic',10,'2021-01-01','2023-12-13'),
  ('deabb8b0-ecdd-49d7-860d-5908de426573','{"fi_FI": "Espoon keskus - Kauklahden asema - Bassenkylä", "sv_SE": "Esbo centrum - Köklax station - Bassebyn"}','{"fi_FI": "Espoo k.-Bassenk", "sv_SE": "Esbo cent-Basseb"}','bus','242','stopping_bus_service','helsinki_internal_traffic',10,'2021-01-01','2023-12-13'),
  ('f5d696e5-d87b-4478-8e43-df9cbaa46082','{"fi_FI": "Kirkkonummi - Kyrkvalla - Kantvik", "sv_SE": "Kyrkslätt - Kyrkvalla - Kantvik"}','{"fi_FI": "Kirkkonummi-Kantvik", "sv_SE": "Kyrkslätt-Kantvik"}','bus','904','stopping_bus_service','helsinki_internal_traffic',10,'2021-01-01','2023-12-13'),
  ('fbe5fe00-d442-4df1-bf54-de69399330e5','{"fi_FI": "Leppävaara-Hämevaara-Pähkinärinne-Vantaankoski", "sv_SE": "Alberga-Tavastberga-Hasselbacken-Vandaforsen"}','{"fi_FI": "Leppävaara-V.koski", "sv_SE": "Alberga-V.forsen"}','bus','522','stopping_bus_service','helsinki_internal_traffic',10,'2021-01-01','2023-12-13')
ON CONFLICT DO NOTHING;

-- to avoid constraint conflicts, inserting scheduled_stop_points and their allowed vehicle modes at the same time, within a transaction
DO $$
BEGIN
  INSERT INTO internal_service_pattern.scheduled_stop_point_invariant
    (label)
  VALUES
    ('Ki0713'),
    ('V1222'),
    ('E7103'),
    ('V1110'),
    ('E1427'),
    ('E6218'),
    ('V1737'),
    ('E1037'),
    ('E6206'),
    ('E5134'),
    ('Ki0551'),
    ('E1166'),
    ('H1931'),
    ('E6222'),
    ('V1286'),
    ('E7113'),
    ('Ki0402'),
    ('E1030'),
    ('V1207'),
    ('H1329'),
    ('Ki0714'),
    ('V1011'),
    ('E1422'),
    ('H2064'),
    ('E6339'),
    ('H1577'),
    ('E1433'),
    ('E6205'),
    ('E1006'),
    ('V1202'),
    ('H2065'),
    ('Ki0724'),
    ('E1169'),
    ('E1973'),
    ('E6336'),
    ('H1923'),
    ('E6202'),
    ('H2129'),
    ('V1440'),
    ('Ki0718'),
    ('E6020'),
    ('V1439'),
    ('E1164'),
    ('E1972'),
    ('E6018'),
    ('E1539'),
    ('H1318'),
    ('E5103'),
    ('V1211'),
    ('E1015'),
    ('V1204'),
    ('E6340'),
    ('E1954'),
    ('E6027'),
    ('Ki0406'),
    ('V1289'),
    ('Ki0403'),
    ('E1168'),
    ('V1010'),
    ('V1436'),
    ('E1952'),
    ('E5133'),
    ('Ki0719'),
    ('E1425'),
    ('E6207'),
    ('Ki0716'),
    ('E1438'),
    ('H2020'),
    ('E1116'),
    ('E1155'),
    ('E5113'),
    ('V1777'),
    ('E1428'),
    ('H1512'),
    ('H1328'),
    ('V1208'),
    ('E7104'),
    ('E6347'),
    ('Ki0723'),
    ('Ki0727'),
    ('E1953'),
    ('V1007'),
    ('E1951'),
    ('V1449'),
    ('V1444'),
    ('E1156'),
    ('E1019'),
    ('V1220'),
    ('E6210'),
    ('H2507'),
    ('V1295'),
    ('E5101'),
    ('V1714'),
    ('Ki0477'),
    ('E6212'),
    ('H2143'),
    ('E6334'),
    ('E1955'),
    ('V1288'),
    ('V1291'),
    ('H1321'),
    ('Ki0741'),
    ('E1170'),
    ('E5114'),
    ('Ki0726'),
    ('H1909'),
    ('E6335'),
    ('H2127'),
    ('V1740'),
    ('V1445'),
    ('H1576'),
    ('V1294'),
    ('Ki0720'),
    ('Ki0408'),
    ('E1424'),
    ('E6338'),
    ('V1443'),
    ('V1417'),
    ('E7105'),
    ('V1009'),
    ('E7106'),
    ('E1909'),
    ('H1580'),
    ('E1007'),
    ('H1927'),
    ('H1930'),
    ('H1919'),
    ('E5102'),
    ('E1910'),
    ('E1426'),
    ('E1405'),
    ('E1950'),
    ('V1731'),
    ('E6333'),
    ('H2506'),
    ('E6208'),
    ('H1511'),
    ('Ki0725'),
    ('H2024'),
    ('E1404'),
    ('H1323'),
    ('E1908'),
    ('E5140'),
    ('E5118'),
    ('E1947'),
    ('E5104'),
    ('V1432'),
    ('E1117'),
    ('E6211'),
    ('Ki0722'),
    ('H1914'),
    ('E6204'),
    ('E6203'),
    ('V1425'),
    ('E1033'),
    ('E1028'),
    ('E1014'),
    ('Ki0743'),
    ('E1429'),
    ('E1535'),
    ('V1298'),
    ('V1203'),
    ('V1101'),
    ('V1448'),
    ('V1223'),
    ('E1157'),
    ('E1907'),
    ('E5139'),
    ('Ki0461'),
    ('V1206'),
    ('E1537'),
    ('E6337'),
    ('H1581'),
    ('V1736'),
    ('E6021'),
    ('V1742'),
    ('E1971'),
    ('E1437'),
    ('Ki0737'),
    ('E6209'),
    ('E5106'),
    ('H1924'),
    ('E6219'),
    ('E6332'),
    ('V1201'),
    ('E6215'),
    ('Ki0407'),
    ('V1437'),
    ('V1299'),
    ('E7102'),
    ('Ki0404'),
    ('V1290'),
    ('E6002'),
    ('E1538'),
    ('V1219'),
    ('H2128'),
    ('E1905'),
    ('E1053'),
    ('E1165'),
    ('V1416'),
    ('E6216'),
    ('Ki0475'),
    ('E7101'),
    ('V1205'),
    ('V1210'),
    ('E6026'),
    ('E1949'),
    ('E1948'),
    ('E5117'),
    ('E1423'),
    ('Ki0401'),
    ('Ki0460'),
    ('H1913'),
    ('V1218'),
    ('E5105'),
    ('Ki0550'),
    ('H2511'),
    ('H1234'),
    ('H1235'),
    ('H1236')
  ON CONFLICT DO NOTHING;

  INSERT INTO internal_service_pattern.scheduled_stop_point
    (scheduled_stop_point_id,measured_location,located_on_infrastructure_link_id,direction,label,validity_start,validity_end,priority)
  VALUES
    ('e3528755-711f-4e4f-9461-7931a2c4bc6d'::uuid,'SRID=4326;POINT Z(24.928326557825727 60.16391811339392 0)'::geography,'c63b749f-5060-4710-8b07-ec9ac017cb5f'::uuid,'bidirectional','H1234','2021-01-01','2023-12-13',10),
    ('4d294d62-df17-46ff-9248-23f66f17fa87'::uuid,'SRID=4326;POINT Z(24.930490150380855 60.164635254660325 0)'::geography,'2feba2ae-c7af-4034-a299-9e592e67358f'::uuid,'bidirectional','H1235','2021-01-01','2023-12-13',10),
    ('f8eace87-7901-4438-bfee-bb6f24f1c4c4'::uuid,'SRID=4326;POINT Z(24.933251767757206 60.16565505738068 0)'::geography,'d3ed9fcf-d1fa-419a-a279-7ad3ffe47714'::uuid,'bidirectional','H1236','2021-01-01','2023-12-13',10),
    ('0150efd9-645b-472e-a699-f8863b13689b','SRID=4326;POINT Z(24.849258 60.285613 0)','4664ee1a-88b8-416c-8bfa-f6af6e73f89c','forward','V1740','1990-01-01','2051-01-01',10),
    ('084488f5-3ca9-4fdc-8856-a2465e8da46c','SRID=4326;POINT Z(24.8138 60.23154 0)','3f17cbe1-1795-46f0-8d34-28e0d0d9a511','forward','E1907','1990-01-01','2051-01-01',10),
    ('09f99bdd-949d-41d9-985d-8a2ebccff38d','SRID=4326;POINT Z(24.64968 60.21468 0)','a91f91b6-bbbf-4a01-98e7-3d6ead54a4a3','backward','E6205','1990-01-01','2051-01-01',10),
    ('0adbc1b8-f389-40b0-9f2b-1bc7694aac61','SRID=4326;POINT Z(24.72461 60.25327 0)','c6b79623-df67-407a-bc18-5342ee5262da','backward','E7104','1990-01-01','2051-01-01',10),
    ('0b04a34c-90df-4985-aabe-30bb91432c16','SRID=4326;POINT Z(24.445382 60.112248 0)','b705b7cc-4513-49cd-ba22-beb9a85a02fc','backward','Ki0407','1990-01-01','2051-01-01',10),
    ('0ba5191f-87b5-4288-8176-b49a659acc9d','SRID=4326;POINT Z(24.808523 60.24737 0)','3b48feb2-c5e3-4052-a057-4dcf049dbc0e','forward','E1951','1990-01-01','2051-01-01',10),
    ('0ca32da8-654b-4864-b08f-078871ff17b3','SRID=4326;POINT Z(24.73476 60.23921 0)','05264e17-560b-48c5-9467-4c45ac417520','forward','E1427','1990-01-01','2051-01-01',10),
    ('0cfdc29c-b5e4-4ea8-95e5-c261b3e8788a','SRID=4326;POINT Z(24.81581 60.25419 0)','7fc4570d-2028-4342-bdf2-054beea12d3d','backward','V1204','1990-01-01','2051-01-01',10),
    ('0d131979-f29a-457d-8c91-85596d56e0dc','SRID=4326;POINT Z(24.81044 60.22433 0)','fe015a64-1ca3-4cac-874e-e8aa88dfd9eb','backward','E1015','1990-01-01','2051-01-01',10),
    ('0d67314b-62a1-48c7-beb0-2d9288d37f00','SRID=4326;POINT Z(24.60752 60.192167 0)','8662d527-0737-46fb-8d0c-cb253e4f6e3d','forward','E5106','1990-01-01','2051-01-01',10),
    ('0d69b207-e7da-48cd-b096-30991b95b507','SRID=4326;POINT Z(24.71263 60.24641 0)','08757db7-1468-472d-9961-4892bfe162b4','backward','E6338','1990-01-01','2051-01-01',10),
    ('0d7dfa76-f966-4a92-bc48-a55ecd42d20a','SRID=4326;POINT Z(24.79488 60.26877 0)','eab88550-1974-48d6-8f4c-8167d226bf71','forward','V1223','1990-01-01','2051-01-01',10),
    ('10d385cc-17bb-4903-9349-103dab444437','SRID=4326;POINT Z(24.65328 60.2131 0)','6fee2eda-3168-4af8-8450-dd1b672ad702','backward','E6002','1990-01-01','2051-01-01',10),
    ('125ec84a-cb17-4fe5-8402-e3bcfe86994f','SRID=4326;POINT Z(24.73369 60.23899 0)','05264e17-560b-48c5-9467-4c45ac417520','backward','E1426','1990-01-01','2051-01-01',10),
    ('13ba939f-6597-4754-a55c-5469313c8f3d','SRID=4326;POINT Z(24.65619 60.21117 0)','475f1575-fef8-4057-b959-2599c1a5fcc7','forward','E6026','1990-01-01','2051-01-01',10),
    ('13c3e4b8-00f1-4619-b4ea-bf6a10a13c20','SRID=4326;POINT Z(24.80497 60.26687 0)','f951103b-7404-40cb-aca6-ec84ceeb283b','backward','V1298','1990-01-01','2051-01-01',10),
    ('1593a02e-22f4-4dbc-ab7a-3377b5f6e30c','SRID=4326;POINT Z(24.717954 60.234621 0)','9bc8a44d-42d1-415b-9392-5f5d70da1f76','forward','E1535','1990-01-01','2051-01-01',10),
    ('160bf7e2-7f13-489f-b462-6b8df9283467','SRID=4326;POINT Z(24.73153 60.23709 0)','657fa69d-3bed-43a4-b2f8-5afcddc3ed98','forward','E1429','1990-01-01','2051-01-01',10),
    ('1758a676-0f68-4e1c-ac32-ef594600b51b','SRID=4326;POINT Z(24.414515 60.096573 0)','3d98dbed-5a5f-4496-98e2-46aa7b7a6e4e','backward','Ki0725','1990-01-01','2051-01-01',10),
    ('17a6cb0d-7d68-4f58-b0aa-72d1ffb7cccc','SRID=4326;POINT Z(24.8263 60.21222 0)','70ad6ab5-5444-4ade-ae1b-c2cf016a7ada','forward','E1156','1990-01-01','2051-01-01',10),
    ('17b252ac-b369-42dc-ae4d-e81a38404e6d','SRID=4326;POINT Z(24.44543 60.113168 0)','5258132e-5f6d-47c9-9aad-079f699d7abe','forward','Ki0408','1990-01-01','2051-01-01',10),
    ('17c4e97b-236b-4830-8d24-05b635a01873','SRID=4326;POINT Z(24.7166 60.24994 0)','8a5aaa9e-9d14-4d9a-8123-efdbf99086a8','forward','E6339','1990-01-01','2051-01-01',10),
    ('19e2c1c0-33d7-491e-b3c6-2a6a07b76af8','SRID=4326;POINT Z(24.446102 60.129061 0)','ebdafd46-abb1-4df6-8202-d60dba92c7b2','forward','Ki0475','1990-01-01','2051-01-01',10),
    ('1a987518-c3e4-4f31-bfed-99d5862cfc82','SRID=4326;POINT Z(24.846548 60.242969 0)','20e850f7-3845-4849-8045-d4810c1cbb22','backward','H1576','1990-01-01','2051-01-01',10),
    ('1ccd30b5-2a62-4ed4-90d4-3514dab17c84','SRID=4326;POINT Z(24.640634 60.207285 0)','ae34f04a-3634-4dd7-9195-fdb1d459ccfc','forward','E6208','1990-01-01','2051-01-01',10),
    ('1d5dcf8b-8fac-42bc-bb84-9a4f8ba99bd3','SRID=4326;POINT Z(24.81164 60.21893 0)','a111be63-0fdf-4fac-af98-02dc4d3b8871','backward','E1037','1990-01-01','2051-01-01',10),
    ('1dc24b95-cd8f-44aa-bdd6-827e069bb9dd','SRID=4326;POINT Z(24.7786 60.25467 0)','5fb0d38e-06d8-4db8-8160-b27fe233c9c7','backward','V1009','1990-01-01','2051-01-01',10),
    ('1ea7b984-9909-4dce-9dfa-2956a3371926','SRID=4326;POINT Z(24.62125 60.19825 0)','96a89a6e-d8ed-4c1a-b61b-c9a6c3f791fd','backward','E5101','1990-01-01','2051-01-01',10),
    ('203cbad2-9aaa-4b2f-a1de-3c17cd600627','SRID=4326;POINT Z(24.443487 60.118532 0)','7fe2c955-595a-4175-82d9-876e2546b86c','forward','Ki0460','1990-01-01','2051-01-01',10),
    ('20c34ac1-b315-4f0e-a943-4fe5effe64f7','SRID=4326;POINT Z(24.62217 60.19834 0)','23a97ea6-b667-4d1e-b425-e75658a2ba6a','forward','E5102','1990-01-01','2051-01-01',10),
    ('20e535a4-abef-4063-8d2b-9a0dbb3f2f27','SRID=4326;POINT Z(24.90781 60.19067 0)','f5f4ee8a-28d6-40ad-868e-dc7679579c54','forward','H1323','1990-01-01','2051-01-01',10),
    ('217314d0-970f-4828-8651-cb7320210f1e','SRID=4326;POINT Z(24.8332 60.28393 0)','aba95f89-a508-44b6-8848-1e4041f545f3','backward','V1449','1990-01-01','2051-01-01',10),
    ('2187e375-2579-4e33-a876-1b4d8f301990','SRID=4326;POINT Z(24.5988 60.19031 0)','25e586ab-fb6f-4299-83c9-6273d67f9607','backward','E5118','1990-01-01','2051-01-01',10),
    ('23a4f316-de2b-4bc3-8087-062324ffcf86','SRID=4326;POINT Z(24.71277 60.24653 0)','08757db7-1468-472d-9961-4892bfe162b4','forward','E6337','1990-01-01','2051-01-01',10),
    ('23d28463-f6e7-47f9-9cd9-62f7fea08d00','SRID=4326;POINT Z(24.81829 60.2812 0)','455a4688-bf42-4ded-8dc0-c74b750520f2','backward','V1439','1990-01-01','2051-01-01',10),
    ('253e709b-f8cd-4885-afbc-602d400a5d1e','SRID=4326;POINT Z(24.402122 60.09339 0)','d01e8c5b-70f6-4e2c-980e-239c084dd840','forward','Ki0719','1990-01-01','2051-01-01',10),
    ('25b9813c-7b95-4bbc-a3aa-875b292e04c3','SRID=4326;POINT Z(24.72211 60.23536 0)','0f5d13f2-3829-405e-a876-277cf95cc3c0','backward','E1539','1990-01-01','2051-01-01',10),
    ('25e6f69e-e7cc-4c6c-bf12-63e683148ded','SRID=4326;POINT Z(24.73518 60.25359 0)','f4936526-65dd-483c-b8b3-d09a84f054bb','backward','E7113','1990-01-01','2051-01-01',10),
    ('2a65c369-554d-4f86-b303-599a268b3520','SRID=4326;POINT Z(24.81335 60.219171 0)','0cac3f00-67af-4c38-b7bd-5d78cad01cc4','forward','E1033','1990-01-01','2051-01-01',10),
    ('2b076a86-8528-4c1f-a0fb-43ac24717ada','SRID=4326;POINT Z(24.80845 60.24685 0)','3b48feb2-c5e3-4052-a057-4dcf049dbc0e','backward','E1952','1990-01-01','2051-01-01',10),
    ('2bb8f4d0-f86e-4f39-bf45-7df5ec0da6fd','SRID=4326;POINT Z(24.63538 60.20362 0)','18d31a33-1db1-42f8-9e67-cac8019b165a','backward','E6209','1990-01-01','2051-01-01',10),
    ('2c8033c6-374f-40f7-927d-fa3100757f93','SRID=4326;POINT Z(24.81219 60.21989 0)','5460f1d6-8364-4e21-a1c6-7944b1483d6a','backward','E1006','1990-01-01','2051-01-01',10),
    ('2dd1a44a-0a38-4b54-bb3d-70341811c133','SRID=4326;POINT Z(24.81095 60.27357 0)','d1d843b8-ccf0-447b-908d-dc08df9db870','forward','V1416','1990-01-01','2051-01-01',10),
    ('2e2adce8-6c61-47c5-a991-108d9af5a181','SRID=4326;POINT Z(24.80591 60.26695 0)','f951103b-7404-40cb-aca6-ec84ceeb283b','forward','V1299','1990-01-01','2051-01-01',10),
    ('2f9cdd62-7550-4058-856b-9d2224131898','SRID=4326;POINT Z(24.64336 60.21239 0)','1e9211a7-e56d-43f7-bd0c-e88c46867c48','forward','E6207','1990-01-01','2051-01-01',10),
    ('317e47a0-dffc-4d37-a7ac-579a12b55376','SRID=4326;POINT Z(24.44381 60.109248 0)','f651d756-b475-4257-9326-2cbc3925a6fa','forward','Ki0406','1990-01-01','2051-01-01',10),
    ('318ce41d-026f-4acc-8fcf-dfb6facc3148','SRID=4326;POINT Z(24.924404 60.184173 0)','4aa33db0-c38f-4951-b0a5-2f3d67455b6a','backward','H2065','1990-01-01','2051-01-01',10),
    ('3374eb45-814a-4fdb-9491-c4146a784faf','SRID=4326;POINT Z(24.80804 60.25537 0)','11349b7f-d05e-47e1-8024-9a2b59e2b55c','backward','V1206','1990-01-01','2051-01-01',10),
    ('34fee55d-6f8e-4e28-999a-cec98c745306','SRID=4326;POINT Z(24.93958 60.171203 0)','f4e1d437-9cb5-4b9b-9f87-3eda5f952a5e','forward','H2020','1990-01-01','2051-01-01',10),
    ('351460db-32b7-4bdb-943a-757d569597e1','SRID=4326;POINT Z(24.7488 60.24387 0)','c820976f-8735-432a-838a-ac59b0496455','forward','E1405','1990-01-01','2051-01-01',10),
    ('35ec128c-2795-4ac0-b986-e00b90ff48f5','SRID=4326;POINT Z(24.79557 60.27016 0)','e3da24da-b559-473a-9738-45e8fb2b2da2','backward','V1286','1990-01-01','2051-01-01',10),
    ('3871bb07-973f-4a73-bdf7-c3fcbe4a2918','SRID=4326;POINT Z(24.74307 60.2414 0)','9e23854b-250c-4100-83be-5080f5437bf4','backward','E1422','1990-01-01','2051-01-01',10),
    ('397cb4c3-b04a-4fcf-961e-15dc0dd3a6b5','SRID=4326;POINT Z(24.75508 60.24895 0)','883e37b1-65ca-4525-a501-d995422ccc4f','backward','E1433','1990-01-01','2051-01-01',10),
    ('398e90cd-69fb-4e4d-b226-cc63a17cb3b5','SRID=4326;POINT Z(24.88863 60.209738 0)','7b01cb98-9af8-4908-9aa6-8c8299f0af02','backward','H1512','1990-01-01','2051-01-01',10),
    ('3be6a7ec-542d-493b-8692-2154b48a6df3','SRID=4326;POINT Z(24.78064 60.25474 0)','db5dab43-f2a5-4dfe-b30c-2d990d0e870a','backward','V1010','1990-01-01','2051-01-01',10),
    ('3c388b35-c9b8-40a3-aa3e-e65456e2311c','SRID=4326;POINT Z(24.80224 60.2708 0)','758c75b9-6b4b-41f2-8f8d-41ecf9208c81','backward','V1295','1990-01-01','2051-01-01',10),
    ('3c8f1f5d-0d55-453a-a1e1-fd838e183405','SRID=4326;POINT Z(24.656764 60.205321 0)','83ec14bb-efd5-4c87-a5b5-6e00f0983a6e','forward','E6027','1990-01-01','2051-01-01',10),
    ('3d6e29ff-ab86-43cf-bd75-6da92f9347ea','SRID=4326;POINT Z(24.80591 60.25572 0)','09eafe6c-67c7-4a6b-8822-16837deae460','forward','V1205','1990-01-01','2051-01-01',10),
    ('41bbf17f-1cb5-454d-894e-e22acd684554','SRID=4326;POINT Z(24.64804 60.21482 0)','679098de-4ae7-4f0a-ad0f-a7429cf0cda4','backward','E6204','1990-01-01','2051-01-01',10),
    ('421d9917-1b50-4184-ace3-e342f313af1f','SRID=4326;POINT Z(24.939722 60.171861 0)','f4e1d437-9cb5-4b9b-9f87-3eda5f952a5e','forward','H2024','1990-01-01','2051-01-01',10),
    ('4268ecf4-bf49-406d-aeaa-1fc9bb4af6d0','SRID=4326;POINT Z(24.806354 60.261531 0)','9a8fc795-edf1-4f0c-9e4d-65609fd37421','backward','V1210','1990-01-01','2051-01-01',10),
    ('44394619-d169-4ab9-9603-9e83c257223e','SRID=4326;POINT Z(24.65221 60.21448 0)','53142c45-ba0e-47ef-baa1-8025ee4608fc','forward','E6222','1990-01-01','2051-01-01',10),
    ('458bf37a-9ae8-4630-9526-07af5b275def','SRID=4326;POINT Z(24.412478 60.094795 0)','d63f3d79-1876-4d1e-8dd3-df986f18b8ff','forward','Ki0724','1990-01-01','2051-01-01',10),
    ('45b1c90b-a5ac-484e-834f-0f659d07de45','SRID=4326;POINT Z(24.941707 60.184128 0)','5850b172-9b26-44d3-b4b8-f84cf7c6ba46','backward','H2128','1990-01-01','2051-01-01',10),
    ('466e0d12-5901-4302-bb70-bf01d2949a3a','SRID=4326;POINT Z(24.81982 60.25397 0)','ad9ed62d-577e-4d1a-8380-aaf1d290f78d','forward','V1201','1990-01-01','2051-01-01',10),
    ('47b221ba-3bb4-47fe-b54a-7a3ee718acbd','SRID=4326;POINT Z(24.80932 60.23598 0)','e38e7b8b-04ee-4b0f-bbf0-51b5d7307730','backward','E1905','1990-01-01','2051-01-01',10),
    ('4bc33c9b-5437-49ae-aa0f-ae23ed47272d','SRID=4326;POINT Z(24.71284 60.24109 0)','3bfeecad-2a84-4ab6-83e7-3954a5f78fde','forward','E6335','1990-01-01','2051-01-01',10),
    ('4de8391f-1920-4796-b38f-4a82a6ed42a8','SRID=4326;POINT Z(24.71404 60.24436 0)','0895dbe8-2f07-45ca-929b-588d4e33bac3','forward','E6347','1990-01-01','2051-01-01',10),
    ('4df10ebe-98fe-495a-ad71-19ea892ba1f8','SRID=4326;POINT Z(24.65499 60.21164 0)','6fee2eda-3168-4af8-8450-dd1b672ad702','backward','E6018','1990-01-01','2051-01-01',10),
    ('4e2c6c87-00c7-43fe-a012-7132b4753aad','SRID=4326;POINT Z(24.72199 60.25237 0)','bcc8e77f-517b-4fa8-b994-6864c51e8ea4','forward','E7101','1990-01-01','2051-01-01',10),
    ('4eda85c9-1a4a-406e-b829-a48f706d5f69','SRID=4326;POINT Z(24.445824 60.129131 0)','ebdafd46-abb1-4df6-8202-d60dba92c7b2','backward','Ki0477','1990-01-01','2051-01-01',10),
    ('509bcc22-d39f-48e2-a376-2ffd2ffc77f1','SRID=4326;POINT Z(24.80857 60.24119 0)','88929ebc-3b80-49cf-a466-c926845c4a7f','backward','E1948','1990-01-01','2051-01-01',10),
    ('5169c472-96d3-4115-8f00-2b1737749306','SRID=4326;POINT Z(24.59981 60.1931 0)','ec22bf01-22df-4d87-a419-62704c4f9812','forward','E5113','1990-01-01','2051-01-01',10),
    ('52425afb-77ff-4267-8b41-628df03c1430','SRID=4326;POINT Z(24.609917 60.193139 0)','8662d527-0737-46fb-8d0c-cb253e4f6e3d','backward','E5103','1990-01-01','2051-01-01',10),
    ('53fdd321-6f6f-4858-b5d2-01802888b31b','SRID=4326;POINT Z(24.8119 60.22011 0)','ef2a55d2-7b8e-49fb-a233-69f53f46264a','forward','E1007','1990-01-01','2051-01-01',10),
    ('54be9ba4-4438-4c16-975a-01558a5eef78','SRID=4326;POINT Z(24.91246 60.19157 0)','7f8f525b-3bcc-4261-be59-5ae98c57ca78','forward','H1919','1990-01-01','2051-01-01',10),
    ('55279921-fce7-45dd-93dd-771874e2ce2d','SRID=4326;POINT Z(24.80958 60.25673 0)','e5b8d043-bd08-422a-85a5-b8e601b9c576','backward','V1208','1990-01-01','2051-01-01',10),
    ('55be653f-bacf-4dd3-9020-e3ce5cb70ba1','SRID=4326;POINT Z(24.94337 60.18556 0)','87ab2239-aabc-4212-bfe5-90bfc12757db','forward','H2127','1990-01-01','2051-01-01',10),
    ('5897cc77-5ff0-497b-9c6d-b21a4559e9b3','SRID=4326;POINT Z(24.84057 60.28304 0)','27974af2-6f5a-4f98-8f95-edc7cd561601','backward','V1736','1990-01-01','2051-01-01',10),
    ('5b7a3de9-3a58-4805-abe7-b22c8b6108dc','SRID=4326;POINT Z(24.90303 60.1949 0)','69f7690b-f1a5-457e-8b4e-343eaee0e8f3','forward','H1923','1990-01-01','2051-01-01',10),
    ('5c071598-3f43-47b8-acf2-a964f70d545b','SRID=4326;POINT Z(24.953103 60.178258 0)','33f6e0d3-8021-4833-b714-308e9e7f9583','forward','H2507','1990-01-01','2051-01-01',10),
    ('5c980dfb-8765-4f3b-b9aa-d0328695bf0f','SRID=4326;POINT Z(24.74186 60.24064 0)','9e23854b-250c-4100-83be-5080f5437bf4','forward','E1404','1990-01-01','2051-01-01',10),
    ('5ddf32a7-4ca0-4e31-b762-73909f26d079','SRID=4326;POINT Z(24.8068 60.27128 0)','2834dd6e-19c6-4a47-99c4-6284e3ed279f','backward','V1444','1990-01-01','2051-01-01',10),
    ('5e623b8d-eb8c-4032-8736-86a2a5c5a42a','SRID=4326;POINT Z(24.421182 60.100687 0)','22e5cfdf-6d6c-4620-8673-af0300cb0229','backward','Ki0741','1990-01-01','2051-01-01',10),
    ('5f382115-c567-4109-949c-a9e700f7c660','SRID=4326;POINT Z(24.610889 60.193368 0)','e0dc30c2-b203-4542-a18a-df3762566f77','forward','E5104','1990-01-01','2051-01-01',10),
    ('5faa39f5-1f80-4768-8f9d-d17cbe859383','SRID=4326;POINT Z(24.4415 60.12328 0)','e27b2fad-bf73-4853-a764-e1261d337f53','backward','Ki0551','1990-01-01','2051-01-01',10),
    ('603f7ac8-3f45-49f5-816a-6e60c62548d8','SRID=4326;POINT Z(24.80847 60.24432 0)','d85cbfb6-0de5-4943-998f-e3ba69a190c7','backward','E1950','1990-01-01','2051-01-01',10),
    ('6184adb3-d69e-43e3-ab80-28cf6075a41b','SRID=4326;POINT Z(24.81071 60.2232 0)','c33d62d6-0405-4c0e-9018-fc40127c0b1d','forward','E1014','1990-01-01','2051-01-01',10),
    ('675cfb51-72b2-4f02-b27e-f5560a388cb9','SRID=4326;POINT Z(24.95265 60.178438 0)','2edd5ad6-a740-4fd4-b478-2b64f7620bf7','backward','H2506','1990-01-01','2051-01-01',10),
    ('677fb6e4-ae62-468a-ab9c-b5048eacec0c','SRID=4326;POINT Z(24.80215 60.27096 0)','758c75b9-6b4b-41f2-8f8d-41ecf9208c81','forward','V1294','1990-01-01','2051-01-01',10),
    ('685afd65-6116-4dac-98fd-c4cb7c3b3b28','SRID=4326;POINT Z(24.92175 60.18376 0)','3a2d108d-da86-477d-a415-932053067242','forward','H1329','1990-01-01','2051-01-01',10),
    ('69c64742-9d00-429a-bd58-f692b4f826e6','SRID=4326;POINT Z(24.72546 60.25325 0)','83571253-b0e2-4b4c-826d-2f5a2237335e','forward','E7103','1990-01-01','2051-01-01',10),
    ('6c882516-ff22-4361-8ba9-665109404c29','SRID=4326;POINT Z(24.80597 60.26444 0)','2fee43fb-7c67-4bd2-99f7-2901a0c16b5d','forward','V1218','1990-01-01','2051-01-01',10),
    ('6cc8fea9-5782-4a7e-a50b-8b9c38058cee','SRID=4326;POINT Z(24.806 60.24875 0)','46d4f2a4-8dc0-4d08-881d-ed13ceb637ed','forward','V1110','1990-01-01','2051-01-01',10),
    ('6d2d3171-dc80-43b7-80fe-9ffba5eda25a','SRID=4326;POINT Z(24.74724 60.24338 0)','c22d5377-80e4-407a-9f44-ce373d142f1f','backward','E1423','1990-01-01','2051-01-01',10),
    ('6df844e8-076c-477d-ac90-90373b1af0fe','SRID=4326;POINT Z(24.79672 60.25385 0)','0589d55d-4977-4783-8133-5907d1e47ab2','backward','V1011','1990-01-01','2051-01-01',10),
    ('6f79360f-941d-42bc-8d2f-edef1b2a47bb','SRID=4326;POINT Z(24.430943 60.102684 0)','53e0c6a8-5fbf-4c64-b771-6bb0b8a5563d','backward','Ki0402','1990-01-01','2051-01-01',10),
    ('6f9ed7f9-65a2-4a15-bba6-9d4f84269477','SRID=4326;POINT Z(24.83669 60.28201 0)','fcf44bbf-64d4-45b7-b21e-3f317d4cf3f3','forward','V1714','1990-01-01','2051-01-01',10),
    ('702cad82-7735-46d0-8623-8ac0e769e547','SRID=4326;POINT Z(24.826377 60.215853 0)','b68d2cce-6b01-4f23-b50a-a3869c63da75','backward','E1164','1990-01-01','2051-01-01',10),
    ('70f3ad17-1c52-4a58-81c7-9a764d8290d5','SRID=4326;POINT Z(24.59966 60.19287 0)','ec22bf01-22df-4d87-a419-62704c4f9812','backward','E5114','1990-01-01','2051-01-01',10),
    ('74e7db06-32fa-4d02-9e68-2bb8e356afbd','SRID=4326;POINT Z(24.81365 60.2313 0)','3f17cbe1-1795-46f0-8d34-28e0d0d9a511','backward','E1908','1990-01-01','2051-01-01',10),
    ('75367ee3-0246-4ce4-b031-6361647c9637','SRID=4326;POINT Z(24.61495 60.19602 0)','e0dc30c2-b203-4542-a18a-df3762566f77','backward','E5139','1990-01-01','2051-01-01',10),
    ('755f1f14-56aa-42ff-8c80-b720554d59a3','SRID=4326;POINT Z(24.84794 60.28476 0)','dadb430c-b87d-4773-b5b1-c38fbbddf033','backward','V1742','1990-01-01','2051-01-01',10),
    ('75bcca8f-555d-410d-9e5c-f0ce1c0b0a39','SRID=4326;POINT Z(24.7206 60.25185 0)','e8ee38c5-cfcf-4d3b-a0dc-f12a193d0aef','backward','E7102','1990-01-01','2051-01-01',10),
    ('76755476-8790-43b8-bbf0-9ebc5f572028','SRID=4326;POINT Z(24.83561 60.28247 0)','3ed94dcc-67e0-4a35-b6c8-85b52be9e7b0','forward','V1731','1990-01-01','2051-01-01',10),
    ('77aa2afd-11b1-470a-97dd-844952bd718c','SRID=4326;POINT Z(24.38842 60.090662 0)','ebfb986e-6aff-4c7a-be68-922080efaf3e','forward','Ki0716','1990-01-01','2051-01-01',10),
    ('78a18fe4-77b3-4d79-8a71-5eb45b5f5ef7','SRID=4326;POINT Z(24.42214 60.100692 0)','22e5cfdf-6d6c-4620-8673-af0300cb0229','forward','Ki0727','1990-01-01','2051-01-01',10),
    ('7b996d84-5560-4a82-a4b6-9c0ab12cf09f','SRID=4326;POINT Z(24.92852 60.182808 0)','d83e7fd5-3f05-4fc8-bf80-0c91c9ae729b','forward','H1930','1990-01-01','2051-01-01',10),
    ('7c2534b5-c53d-4770-a458-8c6a359d4f03','SRID=4326;POINT Z(24.816 60.21896 0)','bb58ed7b-03bc-4be5-9dd3-997c0f5688fa','backward','E1116','1990-01-01','2051-01-01',10),
    ('7e189242-31bf-4b45-a4c1-a6e174af1ceb','SRID=4326;POINT Z(24.83561 60.24945 0)','ad7fc21f-8161-4422-b4a1-d374125be0ee','forward','H1581','1990-01-01','2051-01-01',10),
    ('7f5837f9-bf58-4df7-8088-d42fc0096995','SRID=4326;POINT Z(24.79965 60.25508 0)','ce53c441-dfc7-449f-81aa-f3bf206f46e9','backward','V1291','1990-01-01','2051-01-01',10),
    ('7f9d3b7f-511b-4eed-a115-c94f0b57e883','SRID=4326;POINT Z(24.73068 60.23689 0)','f65b57b9-5fc2-4d58-94fb-4f7aab113537','backward','E1428','1990-01-01','2051-01-01',10),
    ('84e68362-3425-4867-a9a1-34bab12d6d88','SRID=4326;POINT Z(24.71155 60.24082 0)','ddf53fc5-6c0c-498d-8f83-25819d31a366','backward','E6334','1990-01-01','2051-01-01',10),
    ('854d8b43-44d7-4df6-ba12-1f4e26e60bfc','SRID=4326;POINT Z(24.919857 60.183679 0)','fd7c9a21-a50f-4ef9-8fbe-c64b12757f63','backward','H1328','1990-01-01','2051-01-01',10),
    ('881bf403-cbe8-4979-9492-434aa02eb191','SRID=4326;POINT Z(24.79949 60.26612 0)','95cb8e02-5d24-4401-afd9-83cbfc72bc47','forward','V1219','1990-01-01','2051-01-01',10),
    ('88f236a9-7a5b-49b5-a493-c75382c9dd88','SRID=4326;POINT Z(24.83209 60.28426 0)','6902aa2f-44ac-4221-ac95-0abc12a8ed08','forward','V1448','1990-01-01','2051-01-01',10),
    ('890eb4ac-2802-4a5b-8fb1-efcdb30e166d','SRID=4326;POINT Z(24.59772 60.19126 0)','8c4cd0d0-5131-409f-976a-c52754141d19','forward','E5117','1990-01-01','2051-01-01',10),
    ('8985f9db-897d-442d-adf9-7e31af383e8a','SRID=4326;POINT Z(24.63749 60.20425 0)','2bea7a75-6e33-4092-b4e9-46d87ba14a8d','forward','E6210','1990-01-01','2051-01-01',10),
    ('8acba358-e5a7-4fa3-82c6-2132af020866','SRID=4326;POINT Z(24.71562 60.2351 0)','2bd1c495-1c2d-4cd5-8499-b0d28cce033e','forward','E1537','1990-01-01','2051-01-01',10),
    ('8b232422-1f57-4692-a0db-d352c035c921','SRID=4326;POINT Z(24.80147 60.25537 0)','13d05d2f-50f1-4936-b9db-f3d665f7840f','forward','V1288','1990-01-01','2051-01-01',10),
    ('8b5694d5-854f-46fc-869e-9684ca0c5fae','SRID=4326;POINT Z(24.849306 60.285325 0)','4664ee1a-88b8-416c-8bfa-f6af6e73f89c','backward','V1777','1990-01-01','2051-01-01',10),
    ('8c16795e-7a86-4089-b9ac-5d8bc1dbf190','SRID=4326;POINT Z(24.84502 60.24435 0)','1aaaf7a0-38a7-4eaf-aaec-1448d6b68f66','forward','H1577','1990-01-01','2051-01-01',10),
    ('8c3f3b60-03e6-4a8d-8d85-afd54c68ed48','SRID=4326;POINT Z(24.607148 60.192161 0)','8662d527-0737-46fb-8d0c-cb253e4f6e3d','backward','E5105','1990-01-01','2051-01-01',10),
    ('9435b457-7c46-4618-b8b9-d9ddaf1d1488','SRID=4326;POINT Z(24.82244 60.2538 0)','c5fd2d3d-0fba-4d92-8e25-74dcffe4c218','forward','V1202','1990-01-01','2051-01-01',10),
    ('952012f8-2f99-4ec1-aeca-dda25c81c8fe','SRID=4326;POINT Z(24.816228 60.27524 0)','a540da17-2b75-4c7a-bf01-4ea39764edb6','forward','V1443','1990-01-01','2051-01-01',10),
    ('95316a60-3d56-4553-affd-1c9bdcb49529','SRID=4326;POINT Z(24.439315 60.106515 0)','9575a1f9-7cfa-4fac-98d7-b2a863d7a733','forward','Ki0404','1990-01-01','2051-01-01',10),
    ('95fe6a86-ef51-44ad-a445-edfe182a2380','SRID=4326;POINT Z(24.39843 60.09218 0)','cf4e1b47-2bf1-45e8-b123-1f7887d24af9','forward','Ki0718','1990-01-01','2051-01-01',10),
    ('9754aed3-22f9-4577-bc67-5875581b8687','SRID=4326;POINT Z(24.89932 60.20414 0)','cb146a2f-8e7d-4f37-bf79-c8cd1e4794ce','forward','H1931','1990-01-01','2051-01-01',10),
    ('9a0ab2c4-af65-469c-bd28-e4f9e24ea1d1','SRID=4326;POINT Z(24.81418 60.25461 0)','ec25b03e-c285-4fb0-a39f-d1ce8b454716','forward','V1203','1990-01-01','2051-01-01',10),
    ('9b88f28c-c19d-4147-ab70-c5ab89eb0f9a','SRID=4326;POINT Z(24.40926 60.094627 0)','e3a1d266-e920-45f4-ba83-db6bd7906002','backward','Ki0723','1990-01-01','2051-01-01',10),
    ('9d683c81-74f2-4ac0-8ac2-37cec7a3cfb2','SRID=4326;POINT Z(24.70829 60.2389 0)','c02932d1-c4de-4145-b375-8aa26967e017','forward','E6333','1990-01-01','2051-01-01',10),
    ('9dbb385b-d740-4296-b644-16eaac45bc61','SRID=4326;POINT Z(24.75143 60.24647 0)','3bc9db66-ebc8-4ae2-acca-556f13d33fa9','forward','E1424','1990-01-01','2051-01-01',10),
    ('9dc5ec46-585f-4899-8644-a35a9c51b23f','SRID=4326;POINT Z(24.81272 60.2267 0)','0f4c8cad-8d13-4529-863f-694e3cf35ab3','forward','E1028','1990-01-01','2051-01-01',10),
    ('9e60612d-a511-4410-b247-c5f14d31f48b','SRID=4326;POINT Z(24.80869 60.24158 0)','88929ebc-3b80-49cf-a466-c926845c4a7f','forward','E1947','1990-01-01','2051-01-01',10),
    ('9fa9831a-c1b8-4412-a569-981b99b05268','SRID=4326;POINT Z(24.79868 60.26647 0)','95cb8e02-5d24-4401-afd9-83cbfc72bc47','backward','V1220','1990-01-01','2051-01-01',10),
    ('a20c9fbe-9206-4caf-aac9-8ae52a4ec03e','SRID=4326;POINT Z(24.90154 60.19789 0)','b7ae83e9-7dc2-4717-ade6-7acf7b2934d9','forward','H1927','1990-01-01','2051-01-01',10),
    ('a24e15da-2089-46fa-9700-6bac6518d33b','SRID=4326;POINT Z(24.95316 60.1837 0)','24145fc4-12da-4f74-8115-323729efa897','forward','H2143','1990-01-01','2051-01-01',10),
    ('a2e25596-67ab-4967-92f1-24adecfa694b','SRID=4326;POINT Z(24.387245 60.090353 0)','1ea87d3f-9ae0-492d-8e25-5fcef0ece8ed','backward','Ki0714','1990-01-01','2051-01-01',10),
    ('a3bd3946-d666-4ec7-a2c0-67c79a42594a','SRID=4326;POINT Z(24.82623 60.21264 0)','de03e877-cd80-491a-bc52-780993356d6d','backward','E1155','1990-01-01','2051-01-01',10),
    ('a44e1543-a6fa-4209-bedc-16eb51c6d4c3','SRID=4326;POINT Z(24.88902 60.20988 0)','0fc3987a-afd1-4105-9b6a-c11a10e922e4','forward','H1511','1990-01-01','2051-01-01',10),
    ('a4857137-0aaa-40f6-b12b-6f6d3a717137','SRID=4326;POINT Z(24.80861 60.23933 0)','d437c27b-6f30-4893-8d96-c10831986716','backward','E1955','1990-01-01','2051-01-01',10),
    ('a606e8e7-e01c-4f8c-abe7-235a5ed1b2ea','SRID=4326;POINT Z(24.960529 60.179387 0)','d6a2124b-182b-40b4-8704-a5f36ea44bb2','backward','H2511','1990-01-01','2051-01-01',10),
    ('a75a6636-00b1-49b0-9088-2d7e6b306ee9','SRID=4326;POINT Z(24.91113 60.18934 0)','af59bb6c-706d-49b6-bd9a-9045f9a14e95','forward','H1321','1990-01-01','2051-01-01',10),
    ('a8de4a29-0856-4243-8c56-329b69c05ebd','SRID=4326;POINT Z(24.90115 60.19551 0)','4c51c76a-bdd8-44c1-8ea5-94c0cccf9bb5','backward','H1924','1990-01-01','2051-01-01',10),
    ('a971a0e5-2370-418e-bd8c-a0cde2a7b570','SRID=4326;POINT Z(24.81537 60.27682 0)','209d3679-6ff6-472d-989c-e2641354bd54','backward','V1436','1990-01-01','2051-01-01',10),
    ('a9d644c5-816e-400f-b7eb-eac9d4a92d93','SRID=4326;POINT Z(24.82635 60.21042 0)','89115505-0304-4a5c-9af8-4ddea678159a','backward','E1971','1990-01-01','2051-01-01',10),
    ('aa4db15d-b111-4c59-9e72-14ee042c9ec7','SRID=4326;POINT Z(24.79491 60.25419 0)','db5dab43-f2a5-4dfe-b30c-2d990d0e870a','forward','V1007','1990-01-01','2051-01-01',10),
    ('acb83b15-9f89-4bff-95f9-fe86ffaffd1d','SRID=4326;POINT Z(24.441558 60.124165 0)','30da43cb-4dcc-4f2c-95e5-0d64a4dcec8f','forward','Ki0550','1990-01-01','2051-01-01',10),
    ('b270a244-6a70-4e50-8524-add26f436291','SRID=4326;POINT Z(24.808831 60.236683 0)','80379c93-0b2b-4c03-b578-53f4e0af7333','forward','E1953','1990-01-01','2051-01-01',10),
    ('b8787c85-690b-466e-ab11-0b64b508586d','SRID=4326;POINT Z(24.79489 60.26848 0)','49105b26-a278-4375-8d84-3981ed6f8c4c','backward','V1222','1990-01-01','2051-01-01',10),
    ('b93f0d47-a06a-4dec-817a-130634f93741','SRID=4326;POINT Z(24.601866 60.190499 0)','7d71cffe-4ec9-4e4d-8b41-99dc251ea205','forward','E5134','1990-01-01','2051-01-01',10),
    ('b9a5a171-798b-410b-9b74-47d69377a92e','SRID=4326;POINT Z(24.82569 60.21104 0)','72920514-d612-4ae1-b12f-1d9bd8a8c4b8','forward','E1157','1990-01-01','2051-01-01',10),
    ('b9f2d894-bddc-4fb9-b8b0-f255c38f57e6','SRID=4326;POINT Z(24.820558 60.2171 0)','545b008c-9f1f-4437-96d0-c9159d4e90d2','backward','E1168','1990-01-01','2051-01-01',10),
    ('b9fef08f-787b-431c-ab66-222f0e2230b8','SRID=4326;POINT Z(24.76977 60.25233 0)','9a885301-9e46-4e85-9594-88617b4a1ff2','forward','E1437','1990-01-01','2051-01-01',10),
    ('ba1e3d50-ec0d-4783-9710-17cbe871b25c','SRID=4326;POINT Z(24.64243 60.21173 0)','8b4e7177-8d41-4146-8cbc-76df7a0f3cd4','backward','E6206','1990-01-01','2051-01-01',10),
    ('c00eb7be-b7e9-48ec-92fc-a9b6dc254186','SRID=4326;POINT Z(24.816951 60.219276 0)','f47484c6-02b1-4d72-bd06-ae4e71a21c7a','forward','E1117','1990-01-01','2051-01-01',10),
    ('c09f7962-c3d3-4e66-9818-e924f59cbb77','SRID=4326;POINT Z(24.80859 60.24471 0)','d85cbfb6-0de5-4943-998f-e3ba69a190c7','forward','E1949','1990-01-01','2051-01-01',10),
    ('c11389c2-0f73-4b2c-a012-5aceebd03719','SRID=4326;POINT Z(24.410103 60.094425 0)','8a495816-1d5e-47b6-b8ea-022a3640b41a','backward','Ki0722','1990-01-01','2051-01-01',10),
    ('c1c4a2eb-eae4-4312-90b1-38f2841c143f','SRID=4326;POINT Z(24.914717 60.186619 0)','3baaf2fc-1505-42f5-a0db-2f1598438f87','backward','H1318','1990-01-01','2051-01-01',10),
    ('c3cdb7e7-ce1a-4245-80a5-31385aa51d7f','SRID=4326;POINT Z(24.73325 60.25329 0)','96249cbc-0b54-472f-9e3d-34e96f7fb530','forward','E7105','1990-01-01','2051-01-01',10),
    ('c64b525c-1ff2-437c-887b-57ceeda92eff','SRID=4326;POINT Z(24.642381 60.208636 0)','f8f10bee-29e5-4746-af63-95416c64b310','forward','E6203','1990-01-01','2051-01-01',10),
    ('c6c6574f-5f9a-4a3b-8f72-d9b3d43872b1','SRID=4326;POINT Z(24.43808 60.106028 0)','997c7b38-c4fd-4ee5-a729-866a8459a7eb','backward','Ki0403','1990-01-01','2051-01-01',10),
    ('c70e4897-ff0a-4668-8348-8d6a0e237208','SRID=4326;POINT Z(24.64173 60.20934 0)','025e0a9c-4dfc-42de-880e-31b32b7a9200','backward','E6202','1990-01-01','2051-01-01',10),
    ('c754ba5a-827f-405e-ba36-cea6036f4ee6','SRID=4326;POINT Z(24.80488 60.24907 0)','6ddd121d-1e46-46df-97af-90b119a1ab8a','backward','V1101','1990-01-01','2051-01-01',10),
    ('c7e2a07b-f303-4d49-ae9f-505b64c39d99','SRID=4326;POINT Z(24.62665 60.20018 0)','8c19931d-6fdb-426b-9917-e17bc0af7c9a','backward','E6211','1990-01-01','2051-01-01',10),
    ('c8420519-5a17-4900-9adb-aae3c906bf79','SRID=4326;POINT Z(24.79724 60.25438 0)','ce53c441-dfc7-449f-81aa-f3bf206f46e9','forward','V1290','1990-01-01','2051-01-01',10),
    ('c86792f2-f7d1-4df3-a3e6-4297d664c73c','SRID=4326;POINT Z(24.640813 60.207497 0)','ae34f04a-3634-4dd7-9195-fdb1d459ccfc','backward','E6215','1990-01-01','2051-01-01',10),
    ('ca273850-6e9e-4125-a2c3-aebe29664047','SRID=4326;POINT Z(24.81431 60.27924 0)','b2442937-a516-422b-9832-9a70237bcf53','backward','V1437','1990-01-01','2051-01-01',10),
    ('ca790cc3-d145-425b-a623-c0692a22ba20','SRID=4326;POINT Z(24.639242 60.206674 0)','598eeb15-c3a8-41c5-a5bc-6403a2d93b2f','backward','E6216','1990-01-01','2051-01-01',10),
    ('ca971875-f82c-4a08-9bfa-623e5fa5bcb7','SRID=4326;POINT Z(24.81383 60.22904 0)','be5247ef-96c0-4842-a5c6-142ecbc2c546','forward','E1053','1990-01-01','2051-01-01',10),
    ('cae2bec6-96d9-428b-bf3e-0b88311b021f','SRID=4326;POINT Z(24.80801 60.27149 0)','6ecbd92d-e3a0-44d2-a6cb-87fb2130a28b','forward','V1445','1990-01-01','2051-01-01',10),
    ('cb42278c-b6cc-408c-aacb-b86528587854','SRID=4326;POINT Z(24.826476 60.215761 0)','b68d2cce-6b01-4f23-b50a-a3869c63da75','forward','E1165','1990-01-01','2051-01-01',10),
    ('cbf8d3d8-b99b-4105-8147-b61173866940','SRID=4326;POINT Z(24.80569 60.26427 0)','2fee43fb-7c67-4bd2-99f7-2901a0c16b5d','backward','V1211','1990-01-01','2051-01-01',10),
    ('cc5656c4-aa76-40e2-bc76-c8b1e57adb60','SRID=4326;POINT Z(24.81361 60.22831 0)','26079eb8-7e8a-472f-a100-bbd3c27a48c6','backward','E1019','1990-01-01','2051-01-01',10),
    ('ccaecd16-9549-44e0-9f3f-25982cd17ce7','SRID=4326;POINT Z(24.80878 60.23959 0)','06a96e68-f6c3-4464-862b-0db4f11f66a0','forward','E1954','1990-01-01','2051-01-01',10),
    ('ce59795f-9ddb-4f25-8558-bdbacd411112','SRID=4326;POINT Z(24.81867 60.28127 0)','455a4688-bf42-4ded-8dc0-c74b750520f2','forward','V1440','1990-01-01','2051-01-01',10),
    ('d00a3c0e-179b-446d-86bf-e7f4d87aa52d','SRID=4326;POINT Z(24.444255 60.115295 0)','6735a634-e07b-42a8-9dc3-441a24402944','backward','Ki0743','1990-01-01','2051-01-01',10),
    ('d098a721-6a0e-438d-855c-b8cd5ad1641d','SRID=4326;POINT Z(24.92454 60.18346 0)','a26ad1fb-7eaa-4c79-b997-79803b8ee711','backward','H1914','1990-01-01','2051-01-01',10),
    ('d0cb3166-e319-4585-bb76-3407890e380e','SRID=4326;POINT Z(24.825386 60.21716 0)','a9135ade-3d91-4807-b1af-ea9e38fd48bc','forward','E1169','1990-01-01','2051-01-01',10),
    ('d478913d-d852-479c-b317-dcc024eb9f80','SRID=4326;POINT Z(24.601027 60.190312 0)','7d71cffe-4ec9-4e4d-8b41-99dc251ea205','backward','E5133','1990-01-01','2051-01-01',10),
    ('d4a00d75-a947-43b2-a2d6-2e199ee87a2e','SRID=4326;POINT Z(24.81376 60.23386 0)','71c1599d-ee9b-4c0b-8d74-83c0768b285f','forward','E1909','1990-01-01','2051-01-01',10),
    ('d4d88dd0-0c5f-44f3-9bc4-a2fa9aed1ead','SRID=4326;POINT Z(24.432607 60.103107 0)','997c7b38-c4fd-4ee5-a729-866a8459a7eb','forward','Ki0401','1990-01-01','2051-01-01',10),
    ('d62cc4fb-fae0-4769-8fe8-f4893f0b2971','SRID=4326;POINT Z(24.415857 60.097217 0)','45f7bbd1-45d5-48db-a977-79e2f8d33ddd','forward','Ki0726','1990-01-01','2051-01-01',10),
    ('d81fb990-2021-4629-8aef-5e1db34b2b51','SRID=4326;POINT Z(24.8275 60.28486 0)','e86909eb-9b41-4b4b-93de-549ef6bfeb71','forward','V1432','1990-01-01','2051-01-01',10),
    ('d9ac5faf-1f22-40d2-8dce-5e28fe5ec098','SRID=4326;POINT Z(24.772518 60.253227 0)','9a885301-9e46-4e85-9594-88617b4a1ff2','backward','E1438','1990-01-01','2051-01-01',10),
    ('db2dc7c2-89d3-446e-b00f-3ce1af34558c','SRID=4326;POINT Z(24.63106 60.20235 0)','e8381746-f10f-4def-b659-1d782d33c9ac','backward','E6219','1990-01-01','2051-01-01',10),
    ('dbc7fc8e-92e4-4f08-b983-53ba93d68730','SRID=4326;POINT Z(24.71488 60.24335 0)','0af384d9-97ea-4483-acd0-7d40e8e2b62e','backward','E6336','1990-01-01','2051-01-01',10),
    ('dbf879e1-ebb9-4f23-95aa-b7475885f874','SRID=4326;POINT Z(24.70811 60.23841 0)','e01ec877-7ef1-4833-86a9-9e612dd99fdf','backward','E6332','1990-01-01','2051-01-01',10),
    ('dd859fc8-252a-40cf-b43f-e35b1e25bb5f','SRID=4326;POINT Z(24.66085 60.20778 0)','46808b24-1245-4dda-8fcf-61675ebbcf8f','forward','E6021','1990-01-01','2051-01-01',10),
    ('e04c267a-08d3-46e8-97c2-c4465c07f4ab','SRID=4326;POINT Z(24.63325 60.20277 0)','c3254ab8-1934-458a-a368-ecf5d71f11b9','forward','E6218','1990-01-01','2051-01-01',10),
    ('e183b004-17ea-47de-b27a-087c543dbf6b','SRID=4326;POINT Z(24.73323 60.25333 0)','96249cbc-0b54-472f-9e3d-34e96f7fb530','backward','E7106','1990-01-01','2051-01-01',10),
    ('e27c4727-996c-476f-8c98-a1997c0b5217','SRID=4326;POINT Z(24.92357 60.18433 0)','a987dd2c-58cd-46d2-8074-abb21faeb2c4','forward','H1913','1990-01-01','2051-01-01',10),
    ('e49e5a73-6dc5-48a3-b7c1-87be317dbf56','SRID=4326;POINT Z(24.82628 60.28484 0)','e86909eb-9b41-4b4b-93de-549ef6bfeb71','backward','V1425','1990-01-01','2051-01-01',10),
    ('e51a3d7f-ef9c-46ee-9dfc-5c038564003d','SRID=4326;POINT Z(24.79726 60.2705 0)','7701e14a-ed00-41df-ab2e-1e31e1670e1d','forward','V1289','1990-01-01','2051-01-01',10),
    ('e5a1d16b-77f4-46a0-9a10-ae21ccada7c6','SRID=4326;POINT Z(24.924736 60.184083 0)','4aa33db0-c38f-4951-b0a5-2f3d67455b6a','forward','H2064','1990-01-01','2051-01-01',10),
    ('e661a519-2bc0-4101-8396-8f2e99223c94','SRID=4326;POINT Z(24.381437 60.089537 0)','6101a0d2-a307-4fea-8a93-d704b29c3d39','backward','Ki0713','1990-01-01','2051-01-01',10),
    ('e89b97c2-05ec-420d-8aca-3279d80cecd4','SRID=4326;POINT Z(24.81792 60.2184 0)','6d00a8ab-8130-4670-a3fb-741732217049','forward','E1170','1990-01-01','2051-01-01',10),
    ('ec6639cf-a0c4-4936-aaf3-b2476395bbce','SRID=4326;POINT Z(24.83552 60.24917 0)','f37458df-3daf-48ff-ad5e-b144dad56375','backward','H1580','1990-01-01','2051-01-01',10),
    ('eca8a5a8-25d1-4d53-960d-594ee8cb2dce','SRID=4326;POINT Z(24.396735 60.092233 0)','958c159d-775b-41d2-8382-68d5fb602b11','backward','Ki0737','1990-01-01','2051-01-01',10),
    ('eeb4a5c3-58d8-46d4-8e11-7cd2bca976f5','SRID=4326;POINT Z(24.947472 60.181946 0)','edbfc808-5df2-4741-bcde-8d3c03e32e58','forward','H2129','1990-01-01','2051-01-01',10),
    ('ef92a414-1864-4eca-b0cd-3ce04d4f7ce0','SRID=4326;POINT Z(24.61609 60.19635 0)','e0dc30c2-b203-4542-a18a-df3762566f77','forward','E5140','1990-01-01','2051-01-01',10),
    ('f1c107b2-acfc-4aa9-a02c-9d8a77aef6f6','SRID=4326;POINT Z(24.84259 60.28335 0)','1a7cb1fc-a238-4b93-a9dd-59ea38f5e3a5','forward','V1737','1990-01-01','2051-01-01',10),
    ('f3625682-5553-45f1-97e8-753750b1f461','SRID=4326;POINT Z(24.401212 60.093213 0)','d01e8c5b-70f6-4e2c-980e-239c084dd840','backward','Ki0720','1990-01-01','2051-01-01',10),
    ('f459b2a9-4eab-48ab-baf7-570e7f160eb9','SRID=4326;POINT Z(24.72505 60.23562 0)','3d56133f-0809-4a04-b19f-cdc4481fc922','forward','E1538','1990-01-01','2051-01-01',10),
    ('f50e79dd-c5bd-4b47-877a-3d2f75b346f8','SRID=4326;POINT Z(24.830477 60.211442 0)','4731d304-e894-4032-946a-c83a677b3cbe','backward','E1972','1990-01-01','2051-01-01',10),
    ('f53bf45f-bfce-44c3-883a-379db8324903','SRID=4326;POINT Z(24.75026 60.24566 0)','3bc9db66-ebc8-4ae2-acca-556f13d33fa9','backward','E1425','1990-01-01','2051-01-01',10),
    ('f973efd1-bea6-45c7-94b6-200c1aaf5a89','SRID=4326;POINT Z(24.82504 60.217 0)','2c64e5e1-1917-44ce-a2b9-61031a30ab6f','backward','E1166','1990-01-01','2051-01-01',10),
    ('f9b5dfa5-a59e-4c73-9581-145851cca1e5','SRID=4326;POINT Z(24.81058 60.27352 0)','d1d843b8-ccf0-447b-908d-dc08df9db870','backward','V1417','1990-01-01','2051-01-01',10),
    ('fa7915fd-7844-4faa-bc9f-6f776e52b2c9','SRID=4326;POINT Z(24.442995 60.118768 0)','7fe2c955-595a-4175-82d9-876e2546b86c','backward','Ki0461','1990-01-01','2051-01-01',10),
    ('fa907376-42af-44a3-9658-1ac5465c98df','SRID=4326;POINT Z(24.71569 60.2496 0)','8a5aaa9e-9d14-4d9a-8123-efdbf99086a8','backward','E6340','1990-01-01','2051-01-01',10),
    ('fb47c8e7-9eec-4ec6-96d2-450dfb267497','SRID=4326;POINT Z(24.80891 60.25811 0)','7477b000-e71a-4553-a312-829d0f15aae0','forward','V1207','1990-01-01','2051-01-01',10),
    ('fb495b0f-f8d0-4889-b24a-e1f13ecc9fbb','SRID=4326;POINT Z(24.81357 60.23321 0)','d6ebad1f-3dbb-43a3-9034-dfabf97f50af','backward','E1910','1990-01-01','2051-01-01',10),
    ('fbc5d826-e901-442f-90de-3ffc1cbcd8a9','SRID=4326;POINT Z(24.66041 60.20801 0)','83957cc6-aacd-406f-9cbd-de9c02887fb3','backward','E6020','1990-01-01','2051-01-01',10),
    ('fbcf8728-2004-47aa-8c31-a98d88925a17','SRID=4326;POINT Z(24.62609 60.19974 0)','8c19931d-6fdb-426b-9917-e17bc0af7c9a','forward','E6212','1990-01-01','2051-01-01',10),
    ('fc3f70a0-9163-4489-aee5-5ad8a1a953ca','SRID=4326;POINT Z(24.83059 60.21132 0)','4731d304-e894-4032-946a-c83a677b3cbe','forward','E1973','1990-01-01','2051-01-01',10),
    ('fe1d4407-a122-4b20-b764-79efbd89a269','SRID=4326;POINT Z(24.92938 60.17842 0)','4b08ec72-5bc6-4d26-a44a-ab5e179b10c3','forward','H1909','1990-01-01','2051-01-01',10),
    ('febf24b0-85b3-40a6-ba26-8d845ba23e47','SRID=4326;POINT Z(24.81134 60.22132 0)','6657ba8b-cb24-4ab2-a6f4-66d42f415bc9','forward','E1030','1990-01-01','2051-01-01',10)
  ON CONFLICT DO NOTHING;

  INSERT INTO service_pattern.vehicle_mode_on_scheduled_stop_point
    (scheduled_stop_point_id,vehicle_mode)
  VALUES
    ('e3528755-711f-4e4f-9461-7931a2c4bc6d','bus'),
    ('4d294d62-df17-46ff-9248-23f66f17fa87','bus'),
    ('74e7db06-32fa-4d02-9e68-2bb8e356afbd','bus'),
    ('f3625682-5553-45f1-97e8-753750b1f461','bus'),
    ('6c882516-ff22-4361-8ba9-665109404c29','bus'),
    ('20e535a4-abef-4063-8d2b-9a0dbb3f2f27','bus'),
    ('23d28463-f6e7-47f9-9cd9-62f7fea08d00','bus'),
    ('4df10ebe-98fe-495a-ad71-19ea892ba1f8','bus'),
    ('70f3ad17-1c52-4a58-81c7-9a764d8290d5','bus'),
    ('c70e4897-ff0a-4668-8348-8d6a0e237208','bus'),
    ('c86792f2-f7d1-4df3-a3e6-4297d664c73c','bus'),
    ('160bf7e2-7f13-489f-b462-6b8df9283467','bus'),
    ('2b076a86-8528-4c1f-a0fb-43ac24717ada','bus'),
    ('19e2c1c0-33d7-491e-b3c6-2a6a07b76af8','bus'),
    ('5b7a3de9-3a58-4805-abe7-b22c8b6108dc','bus'),
    ('9dc5ec46-585f-4899-8644-a35a9c51b23f','bus'),
    ('a9d644c5-816e-400f-b7eb-eac9d4a92d93','bus'),
    ('3d6e29ff-ab86-43cf-bd75-6da92f9347ea','bus'),
    ('c09f7962-c3d3-4e66-9818-e924f59cbb77','bus'),
    ('2e2adce8-6c61-47c5-a991-108d9af5a181','bus'),
    ('e04c267a-08d3-46e8-97c2-c4465c07f4ab','bus'),
    ('eca8a5a8-25d1-4d53-960d-594ee8cb2dce','bus'),
    ('1758a676-0f68-4e1c-ac32-ef594600b51b','bus'),
    ('a75a6636-00b1-49b0-9088-2d7e6b306ee9','bus'),
    ('9e60612d-a511-4410-b247-c5f14d31f48b','bus'),
    ('5faa39f5-1f80-4768-8f9d-d17cbe859383','bus'),
    ('6cc8fea9-5782-4a7e-a50b-8b9c38058cee','bus'),
    ('78a18fe4-77b3-4d79-8a71-5eb45b5f5ef7','bus'),
    ('44394619-d169-4ab9-9603-9e83c257223e','bus'),
    ('55be653f-bacf-4dd3-9020-e3ce5cb70ba1','bus'),
    ('a20c9fbe-9206-4caf-aac9-8ae52a4ec03e','bus'),
    ('b9a5a171-798b-410b-9b74-47d69377a92e','bus'),
    ('fc3f70a0-9163-4489-aee5-5ad8a1a953ca','bus'),
    ('d4a00d75-a947-43b2-a2d6-2e199ee87a2e','bus'),
    ('890eb4ac-2802-4a5b-8fb1-efcdb30e166d','bus'),
    ('0cfdc29c-b5e4-4ea8-95e5-c261b3e8788a','bus'),
    ('20c34ac1-b315-4f0e-a943-4fe5effe64f7','bus'),
    ('755f1f14-56aa-42ff-8c80-b720554d59a3','bus'),
    ('cc5656c4-aa76-40e2-bc76-c8b1e57adb60','bus'),
    ('eeb4a5c3-58d8-46d4-8e11-7cd2bca976f5','bus'),
    ('52425afb-77ff-4267-8b41-628df03c1430','bus'),
    ('d4d88dd0-0c5f-44f3-9bc4-a2fa9aed1ead','bus'),
    ('fb495b0f-f8d0-4889-b24a-e1f13ecc9fbb','bus'),
    ('466e0d12-5901-4302-bb70-bf01d2949a3a','bus'),
    ('4eda85c9-1a4a-406e-b829-a48f706d5f69','bus'),
    ('ca273850-6e9e-4125-a2c3-aebe29664047','bus'),
    ('fa907376-42af-44a3-9658-1ac5465c98df','bus'),
    ('09f99bdd-949d-41d9-985d-8a2ebccff38d','bus'),
    ('e49e5a73-6dc5-48a3-b7c1-87be317dbf56','bus'),
    ('a2e25596-67ab-4967-92f1-24adecfa694b','bus'),
    ('2c8033c6-374f-40f7-927d-fa3100757f93','bus'),
    ('1dc24b95-cd8f-44aa-bdd6-827e069bb9dd','bus'),
    ('3374eb45-814a-4fdb-9491-c4146a784faf','bus'),
    ('84e68362-3425-4867-a9a1-34bab12d6d88','bus'),
    ('db2dc7c2-89d3-446e-b00f-3ce1af34558c','bus'),
    ('203cbad2-9aaa-4b2f-a1de-3c17cd600627','bus'),
    ('685afd65-6116-4dac-98fd-c4cb7c3b3b28','bus'),
    ('125ec84a-cb17-4fe5-8402-e3bcfe86994f','bus'),
    ('25b9813c-7b95-4bbc-a3aa-875b292e04c3','bus'),
    ('6df844e8-076c-477d-ac90-90373b1af0fe','bus'),
    ('5ddf32a7-4ca0-4e31-b762-73909f26d079','bus'),
    ('88f236a9-7a5b-49b5-a493-c75382c9dd88','bus'),
    ('d9ac5faf-1f22-40d2-8dce-5e28fe5ec098','bus'),
    ('5c980dfb-8765-4f3b-b9aa-d0328695bf0f','bus'),
    ('0ba5191f-87b5-4288-8176-b49a659acc9d','bus'),
    ('a4857137-0aaa-40f6-b12b-6f6d3a717137','bus'),
    ('677fb6e4-ae62-468a-ab9c-b5048eacec0c','bus'),
    ('1ea7b984-9909-4dce-9dfa-2956a3371926','bus'),
    ('6d2d3171-dc80-43b7-80fe-9ffba5eda25a','bus'),
    ('75367ee3-0246-4ce4-b031-6361647c9637','bus'),
    ('0d131979-f29a-457d-8c91-85596d56e0dc','bus'),
    ('a606e8e7-e01c-4f8c-abe7-235a5ed1b2ea','bus'),
    ('aa4db15d-b111-4c59-9e72-14ee042c9ec7','bus'),
    ('317e47a0-dffc-4d37-a7ac-579a12b55376','bus'),
    ('a24e15da-2089-46fa-9700-6bac6518d33b','bus'),
    ('a971a0e5-2370-418e-bd8c-a0cde2a7b570','bus'),
    ('8acba358-e5a7-4fa3-82c6-2132af020866','bus'),
    ('10d385cc-17bb-4903-9349-103dab444437','bus'),
    ('c1c4a2eb-eae4-4312-90b1-38f2841c143f','bus'),
    ('2dd1a44a-0a38-4b54-bb3d-70341811c133','bus'),
    ('0d67314b-62a1-48c7-beb0-2d9288d37f00','bus'),
    ('421d9917-1b50-4184-ace3-e342f313af1f','bus'),
    ('4de8391f-1920-4796-b38f-4a82a6ed42a8','bus'),
    ('8c16795e-7a86-4089-b9ac-5d8bc1dbf190','bus'),
    ('5897cc77-5ff0-497b-9c6d-b21a4559e9b3','bus'),
    ('95fe6a86-ef51-44ad-a445-edfe182a2380','bus'),
    ('b93f0d47-a06a-4dec-817a-130634f93741','bus'),
    ('0adbc1b8-f389-40b0-9f2b-1bc7694aac61','bus'),
    ('5e623b8d-eb8c-4032-8736-86a2a5c5a42a','bus'),
    ('1d5dcf8b-8fac-42bc-bb84-9a4f8ba99bd3','bus'),
    ('d098a721-6a0e-438d-855c-b8cd5ad1641d','bus'),
    ('9dbb385b-d740-4296-b644-16eaac45bc61','bus'),
    ('c11389c2-0f73-4b2c-a012-5aceebd03719','bus'),
    ('41bbf17f-1cb5-454d-894e-e22acd684554','bus'),
    ('d478913d-d852-479c-b317-dcc024eb9f80','bus'),
    ('ca790cc3-d145-425b-a623-c0692a22ba20','bus'),
    ('f973efd1-bea6-45c7-94b6-200c1aaf5a89','bus'),
    ('c00eb7be-b7e9-48ec-92fc-a9b6dc254186','bus'),
    ('5c071598-3f43-47b8-acf2-a964f70d545b','bus'),
    ('c8420519-5a17-4900-9adb-aae3c906bf79','bus'),
    ('76755476-8790-43b8-bbf0-9ebc5f572028','bus'),
    ('5f382115-c567-4109-949c-a9e700f7c660','bus'),
    ('b270a244-6a70-4e50-8524-add26f436291','bus'),
    ('17c4e97b-236b-4830-8d24-05b635a01873','bus'),
    ('0ca32da8-654b-4864-b08f-078871ff17b3','bus'),
    ('dbc7fc8e-92e4-4f08-b983-53ba93d68730','bus'),
    ('253e709b-f8cd-4885-afbc-602d400a5d1e','bus'),
    ('25e6f69e-e7cc-4c6c-bf12-63e683148ded','bus'),
    ('351460db-32b7-4bdb-943a-757d569597e1','bus'),
    ('34fee55d-6f8e-4e28-999a-cec98c745306','bus'),
    ('acb83b15-9f89-4bff-95f9-fe86ffaffd1d','bus'),
    ('4e2c6c87-00c7-43fe-a012-7132b4753aad','bus'),
    ('ccaecd16-9549-44e0-9f3f-25982cd17ce7','bus'),
    ('9a0ab2c4-af65-469c-bd28-e4f9e24ea1d1','bus'),
    ('854d8b43-44d7-4df6-ba12-1f4e26e60bfc','bus'),
    ('509bcc22-d39f-48e2-a376-2ffd2ffc77f1','bus'),
    ('cae2bec6-96d9-428b-bf3e-0b88311b021f','bus'),
    ('0150efd9-645b-472e-a699-f8863b13689b','bus'),
    ('8c3f3b60-03e6-4a8d-8d85-afd54c68ed48','bus'),
    ('95316a60-3d56-4553-affd-1c9bdcb49529','bus'),
    ('c6c6574f-5f9a-4a3b-8f72-d9b3d43872b1','bus'),
    ('d62cc4fb-fae0-4769-8fe8-f4893f0b2971','bus'),
    ('b9f2d894-bddc-4fb9-b8b0-f255c38f57e6','bus'),
    ('5169c472-96d3-4115-8f00-2b1737749306','bus'),
    ('3871bb07-973f-4a73-bdf7-c3fcbe4a2918','bus'),
    ('9fa9831a-c1b8-4412-a569-981b99b05268','bus'),
    ('1593a02e-22f4-4dbc-ab7a-3377b5f6e30c','bus'),
    ('fbcf8728-2004-47aa-8c31-a98d88925a17','bus'),
    ('53fdd321-6f6f-4858-b5d2-01802888b31b','bus'),
    ('2bb8f4d0-f86e-4f39-bf45-7df5ec0da6fd','bus'),
    ('675cfb51-72b2-4f02-b27e-f5560a388cb9','bus'),
    ('9b88f28c-c19d-4147-ab70-c5ab89eb0f9a','bus'),
    ('2f9cdd62-7550-4058-856b-9d2224131898','bus'),
    ('318ce41d-026f-4acc-8fcf-dfb6facc3148','bus'),
    ('ef92a414-1864-4eca-b0cd-3ce04d4f7ce0','bus'),
    ('b9fef08f-787b-431c-ab66-222f0e2230b8','bus'),
    ('7f5837f9-bf58-4df7-8088-d42fc0096995','bus'),
    ('febf24b0-85b3-40a6-ba26-8d845ba23e47','bus'),
    ('fb47c8e7-9eec-4ec6-96d2-450dfb267497','bus'),
    ('13ba939f-6597-4754-a55c-5469313c8f3d','bus'),
    ('7c2534b5-c53d-4770-a458-8c6a359d4f03','bus'),
    ('2187e375-2579-4e33-a876-1b4d8f301990','bus'),
    ('17a6cb0d-7d68-4f58-b0aa-72d1ffb7cccc','bus'),
    ('f1c107b2-acfc-4aa9-a02c-9d8a77aef6f6','bus'),
    ('f459b2a9-4eab-48ab-baf7-570e7f160eb9','bus'),
    ('54be9ba4-4438-4c16-975a-01558a5eef78','bus'),
    ('7f9d3b7f-511b-4eed-a115-c94f0b57e883','bus'),
    ('6f9ed7f9-65a2-4a15-bba6-9d4f84269477','bus'),
    ('c3cdb7e7-ce1a-4245-80a5-31385aa51d7f','bus'),
    ('e51a3d7f-ef9c-46ee-9dfc-5c038564003d','bus'),
    ('75bcca8f-555d-410d-9e5c-f0ce1c0b0a39','bus'),
    ('f53bf45f-bfce-44c3-883a-379db8324903','bus'),
    ('398e90cd-69fb-4e4d-b226-cc63a17cb3b5','bus'),
    ('f9b5dfa5-a59e-4c73-9581-145851cca1e5','bus'),
    ('c7e2a07b-f303-4d49-ae9f-505b64c39d99','bus'),
    ('fbc5d826-e901-442f-90de-3ffc1cbcd8a9','bus'),
    ('397cb4c3-b04a-4fcf-961e-15dc0dd3a6b5','bus'),
    ('e183b004-17ea-47de-b27a-087c543dbf6b','bus'),
    ('603f7ac8-3f45-49f5-816a-6e60c62548d8','bus'),
    ('17b252ac-b369-42dc-ae4d-e81a38404e6d','bus'),
    ('4268ecf4-bf49-406d-aeaa-1fc9bb4af6d0','bus'),
    ('ba1e3d50-ec0d-4783-9710-17cbe871b25c','bus'),
    ('45b1c90b-a5ac-484e-834f-0f659d07de45','bus'),
    ('6f79360f-941d-42bc-8d2f-edef1b2a47bb','bus'),
    ('4bc33c9b-5437-49ae-aa0f-ae23ed47272d','bus'),
    ('881bf403-cbe8-4979-9492-434aa02eb191','bus'),
    ('9435b457-7c46-4618-b8b9-d9ddaf1d1488','bus'),
    ('2a65c369-554d-4f86-b303-599a268b3520','bus'),
    ('23a4f316-de2b-4bc3-8087-062324ffcf86','bus'),
    ('ce59795f-9ddb-4f25-8558-bdbacd411112','bus'),
    ('9d683c81-74f2-4ac0-8ac2-37cec7a3cfb2','bus'),
    ('8b232422-1f57-4692-a0db-d352c035c921','bus'),
    ('47b221ba-3bb4-47fe-b54a-7a3ee718acbd','bus'),
    ('c64b525c-1ff2-437c-887b-57ceeda92eff','bus'),
    ('8985f9db-897d-442d-adf9-7e31af383e8a','bus'),
    ('3c388b35-c9b8-40a3-aa3e-e65456e2311c','bus'),
    ('6184adb3-d69e-43e3-ab80-28cf6075a41b','bus'),
    ('a3bd3946-d666-4ec7-a2c0-67c79a42594a','bus'),
    ('69c64742-9d00-429a-bd58-f692b4f826e6','bus'),
    ('ec6639cf-a0c4-4936-aaf3-b2476395bbce','bus'),
    ('e89b97c2-05ec-420d-8aca-3279d80cecd4','bus'),
    ('3c8f1f5d-0d55-453a-a1e1-fd838e183405','bus'),
    ('702cad82-7735-46d0-8623-8ac0e769e547','bus'),
    ('3be6a7ec-542d-493b-8692-2154b48a6df3','bus'),
    ('0d7dfa76-f966-4a92-bc48-a55ecd42d20a','bus'),
    ('7e189242-31bf-4b45-a4c1-a6e174af1ceb','bus'),
    ('0d69b207-e7da-48cd-b096-30991b95b507','bus'),
    ('e5a1d16b-77f4-46a0-9a10-ae21ccada7c6','bus'),
    ('1a987518-c3e4-4f31-bfed-99d5862cfc82','bus'),
    ('cb42278c-b6cc-408c-aacb-b86528587854','bus'),
    ('1ccd30b5-2a62-4ed4-90d4-3514dab17c84','bus'),
    ('35ec128c-2795-4ac0-b986-e00b90ff48f5','bus'),
    ('13c3e4b8-00f1-4619-b4ea-bf6a10a13c20','bus'),
    ('77aa2afd-11b1-470a-97dd-844952bd718c','bus'),
    ('9754aed3-22f9-4577-bc67-5875581b8687','bus'),
    ('0b04a34c-90df-4985-aabe-30bb91432c16','bus'),
    ('dbf879e1-ebb9-4f23-95aa-b7475885f874','bus'),
    ('952012f8-2f99-4ec1-aeca-dda25c81c8fe','bus'),
    ('8b5694d5-854f-46fc-869e-9684ca0c5fae','bus'),
    ('084488f5-3ca9-4fdc-8856-a2465e8da46c','bus'),
    ('ca971875-f82c-4a08-9bfa-623e5fa5bcb7','bus'),
    ('fe1d4407-a122-4b20-b764-79efbd89a269','bus'),
    ('b8787c85-690b-466e-ab11-0b64b508586d','bus'),
    ('7b996d84-5560-4a82-a4b6-9c0ab12cf09f','bus'),
    ('e661a519-2bc0-4101-8396-8f2e99223c94','bus'),
    ('e27c4727-996c-476f-8c98-a1997c0b5217','bus'),
    ('cbf8d3d8-b99b-4105-8147-b61173866940','bus'),
    ('f50e79dd-c5bd-4b47-877a-3d2f75b346f8','bus'),
    ('d00a3c0e-179b-446d-86bf-e7f4d87aa52d','bus'),
    ('d81fb990-2021-4629-8aef-5e1db34b2b51','bus'),
    ('dd859fc8-252a-40cf-b43f-e35b1e25bb5f','bus'),
    ('a8de4a29-0856-4243-8c56-329b69c05ebd','bus'),
    ('217314d0-970f-4828-8651-cb7320210f1e','bus'),
    ('55279921-fce7-45dd-93dd-771874e2ce2d','bus'),
    ('458bf37a-9ae8-4630-9526-07af5b275def','bus'),
    ('d0cb3166-e319-4585-bb76-3407890e380e','bus'),
    ('fa7915fd-7844-4faa-bc9f-6f776e52b2c9','bus'),
    ('a44e1543-a6fa-4209-bedc-16eb51c6d4c3','bus'),
    ('c754ba5a-827f-405e-ba36-cea6036f4ee6','bus'),
    ('f8eace87-7901-4438-bfee-bb6f24f1c4c4','bus')
  ON CONFLICT DO NOTHING;
END $$;

INSERT INTO route.route (
  route_id,
  name_i18n,
  description_i18n,
  origin_name_i18n,
  origin_short_name_i18n,
  destination_name_i18n,
  destination_short_name_i18n,
  on_line_id,
  validity_start,
  validity_end,
  priority,
  label,
  direction
)
VALUES (
  '03d55414-e5cf-4cce-9faf-d86ccb7e5f98'::uuid,
  '{"fi_FI":"Reitti A - B FI","sv_FI":"Reitti A - B SV"}',
  '{"fi_FI":"Reitti A - B desc FI","sv_FI":"Reitti A - B desc SV"}',
  '{"fi_FI":"A FI","sv_FI":"A SV"}',
  '{"fi_FI":"A short FI","sv_FI":"A short SV"}',
  '{"fi_FI":"B FI","sv_FI":"B SV"}',
  '{"fi_FI":"B short FI","sv_FI":"B short SV"}',
  '101f800c-39ed-4d85-8ece-187cd9fe1c5e'::uuid,
  '2021-01-01',
  '2023-12-13',
  10,
  '65x',
  'outbound'
),
	 ('09cf43fd-e29d-4c78-b9c5-42af9c230474','{"fi_FI": "Merihaka-Meilahti-Munkkiniemi-Leppävaara", "sv_SE": "Havshagen-Mejlans-Munksnäs-Alberga"}','{"fi_FI": "Merihaka-Meilahti-Munkkiniemi-Leppävaara", "sv_SE": "Havshagen-Mejlans-Munksnäs-Alberga"}',NULL,NULL,NULL,NULL,'d1bc3876-2e25-451f-b332-241e17c14ca7','2021-01-07','2021-03-24',10,'502','outbound'),
	 ('10eb4028-22b6-419e-8a2a-a963db774370','{"fi_FI": "Töölön kisahalli-Jupperi-Vanhakartano-Niipperi", "sv_SE": "Tölö sporthall-Jupper-Gammelgård-Nipert"}','{"fi_FI": "Töölön kisahalli-Jupperi-Vanhakartano-Niipperi", "sv_SE": "Tölö sporthall-Jupper-Gammelgård-Nipert"}',NULL,NULL,NULL,NULL,'6e23adfe-daab-4eb8-903c-0f725ba103e1','2021-12-13','2022-01-09',10,'321N','inbound'),
	 ('13877655-e397-4831-ad39-b9286d9db30c','{"fi_FI": "Tikkurila-Leinelä-Hyrylä-Kerava", "sv_SE": "Dickursby-Lejle-Hyrylä-Kerava"}','{"fi_FI": "Tikkurila-Leinelä-Hyrylä-Kerava", "sv_SE": "Dickursby-Lejle-Hyrylä-Kerava"}',NULL,NULL,NULL,NULL,'a50f8e20-1bb3-4443-9b16-c6be97a508a5','2022-05-18','2022-05-20',10,'641','inbound'),
	 ('1633e38c-8de6-4de3-aa95-d5d7919f5fbb','{"fi_FI": "Elielinaukio-Jupperi-Vanhakartano", "sv_SE": "Elielplatsen-Jupper-Gammelgård"}','{"fi_FI": "Elielinaukio-Jupperi-Vanhakartano", "sv_SE": "Elielplatsen-Jupper-Gammelgård"}',NULL,NULL,NULL,NULL,'6e23adfe-daab-4eb8-903c-0f725ba103e1','2022-08-15','2023-12-11',10,'321','inbound'),
	 ('1dcfb27d-fd67-4997-80b6-1c67f9139b29','{"fi_FI": "Merihaka-Meilahti-Munkkiniemi-Leppävaara", "sv_SE": "Havshagen-Mejlans-Munksnäs-Alberga"}','{"fi_FI": "Merihaka-Meilahti-Munkkiniemi-Leppävaara", "sv_SE": "Havshagen-Mejlans-Munksnäs-Alberga"}',NULL,NULL,NULL,NULL,'d1bc3876-2e25-451f-b332-241e17c14ca7','2021-06-07','2021-06-30',10,'502','inbound'),
	 ('33b9147a-36f5-4a54-b70e-80acc20a2ee7','{"fi_FI": "Merihaka-Meilahti-Munkkiniemi-Leppävaara", "sv_SE": "Havshagen-Mejlans-Munksnäs-Alberga"}','{"fi_FI": "Merihaka-Meilahti-Munkkiniemi-Leppävaara", "sv_SE": "Havshagen-Mejlans-Munksnäs-Alberga"}',NULL,NULL,NULL,NULL,'d1bc3876-2e25-451f-b332-241e17c14ca7','2021-10-11','2021-11-17',10,'502','outbound'),
	 ('3477ca53-7c77-4348-899c-5894add57a85','{"fi_FI": "Elielinaukio-Jupperi-Vanhakartano-Niipperi", "sv_SE": "Elielplatsen-Jupper-Gammelgård-Nipert"}','{"fi_FI": "Elielinaukio-Jupperi-Vanhakartano-Niipperi", "sv_SE": "Elielplatsen-Jupper-Gammelgård-Nipert"}',NULL,NULL,NULL,NULL,'6e23adfe-daab-4eb8-903c-0f725ba103e1','2021-08-16','2021-12-05',10,'321N','outbound'),
	 ('3bd6b7aa-58a1-42b1-b2b1-85c9039bda36','{"fi_FI": "Merihaka-Meilahti-Munkkiniemi-Leppävaara", "sv_SE": "Havshagen-Mejlans-Munksnäs-Alberga"}','{"fi_FI": "Merihaka-Meilahti-Munkkiniemi-Leppävaara", "sv_SE": "Havshagen-Mejlans-Munksnäs-Alberga"}',NULL,NULL,NULL,NULL,'d1bc3876-2e25-451f-b332-241e17c14ca7','2021-11-18','2022-08-14',10,'502','inbound'),
	 ('3fe29d8e-875d-4802-b105-a60c2f0f721d','{"fi_FI": "Elielinaukio-Jupperi-Vanhakartano-Niipperi", "sv_SE": "Elielplatsen-Jupper-Gammelgård-Nipert"}','{"fi_FI": "Elielinaukio-Jupperi-Vanhakartano-Niipperi", "sv_SE": "Elielplatsen-Jupper-Gammelgård-Nipert"}',NULL,NULL,NULL,NULL,'6e23adfe-daab-4eb8-903c-0f725ba103e1','2021-01-01','2021-02-05',10,'321N','inbound'),
	 ('41be1866-a199-4823-a183-d071b86f5883','{"fi_FI": "Töölön kisahalli-Jupperi-Vanhakartano-Niipperi", "sv_SE": "Tölö sporthall-Jupper-Gammelgård-Nipert"}','{"fi_FI": "Töölön kisahalli-Jupperi-Vanhakartano-Niipperi", "sv_SE": "Tölö sporthall-Jupper-Gammelgård-Nipert"}',NULL,NULL,NULL,NULL,'6e23adfe-daab-4eb8-903c-0f725ba103e1','2021-12-13','2022-01-09',10,'321N','outbound'),
	 ('460675e5-0121-407b-803b-2e10117beb42','{"fi_FI": "Elielinaukio-Jupperi-Vanhakartano", "sv_SE": "Elielplatsen-Jupper-Gammelgård"}','{"fi_FI": "Elielinaukio-Jupperi-Vanhakartano", "sv_SE": "Elielplatsen-Jupper-Gammelgård"}',NULL,NULL,NULL,NULL,'6e23adfe-daab-4eb8-903c-0f725ba103e1','2021-01-15','2021-08-15',10,'321','outbound'),
	 ('475561ea-de8e-4478-81d6-609724fca985','{"fi_FI": "Merihaka-Meilahti-Munkkiniemi-Leppävaara", "sv_SE": "Havshagen-Mejlans-Munksnäs-Alberga"}','{"fi_FI": "Merihaka-Meilahti-Munkkiniemi-Leppävaara", "sv_SE": "Havshagen-Mejlans-Munksnäs-Alberga"}',NULL,NULL,NULL,NULL,'d1bc3876-2e25-451f-b332-241e17c14ca7','2021-10-11','2021-11-17',10,'502','inbound'),
	 ('52e2d29c-f30f-4031-86e6-1771ea51f376','{"fi_FI": "Merihaka-Meilahti-Munkkiniemi-Leppävaara", "sv_SE": "Havshagen-Mejlans-Munksnäs-Alberga"}','{"fi_FI": "Merihaka-Meilahti-Munkkiniemi-Leppävaara", "sv_SE": "Havshagen-Mejlans-Munksnäs-Alberga"}',NULL,NULL,NULL,NULL,'d1bc3876-2e25-451f-b332-241e17c14ca7','2022-08-15','2023-12-11',10,'502','outbound'),
	 ('542c402b-747c-4190-9239-627abdef9e02','{"fi_FI": "Merihaka-Meilahti-Munkkiniemi-Leppävaara", "sv_SE": "Havshagen-Mejlans-Munksnäs-Alberga"}','{"fi_FI": "Merihaka-Meilahti-Munkkiniemi-Leppävaara", "sv_SE": "Havshagen-Mejlans-Munksnäs-Alberga"}',NULL,NULL,NULL,NULL,'d1bc3876-2e25-451f-b332-241e17c14ca7','2021-07-01','2021-10-10',10,'502','outbound'),
	 ('58c074ac-7d9e-483f-9a61-0e94f32dc59d','{"fi_FI": "Elielinaukio-Jupperi-Vanhakartano", "sv_SE": "Elielplatsen-Jupper-Gammelgård"}','{"fi_FI": "Elielinaukio-Jupperi-Vanhakartano", "sv_SE": "Elielplatsen-Jupper-Gammelgård"}',NULL,NULL,NULL,NULL,'6e23adfe-daab-4eb8-903c-0f725ba103e1','2021-01-15','2021-08-15',10,'321','inbound'),
	 ('596cebc5-9c92-4745-a47f-0dcde41a419d','{"fi_FI": "Tikkurila-Leinelä-Hyrylä-Kerava", "sv_SE": "Dickursby-Lejle-Hyrylä-Kerava"}','{"fi_FI": "Tikkurila-Leinelä-Hyrylä-Kerava", "sv_SE": "Dickursby-Lejle-Hyrylä-Kerava"}',NULL,NULL,NULL,NULL,'a50f8e20-1bb3-4443-9b16-c6be97a508a5','2022-05-21','2022-05-22',10,'641','outbound'),
	 ('6295196b-2126-4028-b38d-aa15ed1289d1','{"fi_FI": "Tikkurila-Leinelä-Hyrylä-Kerava", "sv_SE": "Dickursby-Lejle-Hyrylä-Kerava"}','{"fi_FI": "Tikkurila-Leinelä-Hyrylä-Kerava", "sv_SE": "Dickursby-Lejle-Hyrylä-Kerava"}',NULL,NULL,NULL,NULL,'a50f8e20-1bb3-4443-9b16-c6be97a508a5','2021-01-09','2021-02-21',10,'641','outbound'),
	 ('6457117a-ce37-4f2a-a0bf-7f008b544ae3','{"fi_FI": "Merihaka-Meilahti-Munkkiniemi-Leppävaara", "sv_SE": "Havshagen-Mejlans-Munksnäs-Alberga"}','{"fi_FI": "Merihaka-Meilahti-Munkkiniemi-Leppävaara", "sv_SE": "Havshagen-Mejlans-Munksnäs-Alberga"}',NULL,NULL,NULL,NULL,'d1bc3876-2e25-451f-b332-241e17c14ca7','2021-06-07','2021-06-30',10,'502','outbound'),
	 ('653515ee-372f-4074-a45b-4136f46952a9','{"fi_FI": "Merihaka-Meilahti-Munkkiniemi-Leppävaara", "sv_SE": "Havshagen-Mejlans-Munksnäs-Alberga"}','{"fi_FI": "Merihaka-Meilahti-Munkkiniemi-Leppävaara", "sv_SE": "Havshagen-Mejlans-Munksnäs-Alberga"}',NULL,NULL,NULL,NULL,'d1bc3876-2e25-451f-b332-241e17c14ca7','2022-08-15','2023-12-11',10,'502','inbound'),
	 ('68769c6a-259f-4b09-bd34-25e19d72f62a','{"fi_FI": "Merihaka-Meilahti-Munkkiniemi-Leppävaara", "sv_SE": "Havshagen-Mejlans-Munksnäs-Alberga"}','{"fi_FI": "Merihaka-Meilahti-Munkkiniemi-Leppävaara", "sv_SE": "Havshagen-Mejlans-Munksnäs-Alberga"}',NULL,NULL,NULL,NULL,'d1bc3876-2e25-451f-b332-241e17c14ca7','2021-11-18','2022-08-14',10,'502','outbound'),
	 ('6c2d2a9d-c057-4bca-8784-d21dc228401a','{"fi_FI": "Elielinaukio-Jupperi-Vanhakartano-Niipperi", "sv_SE": "Elielplatsen-Jupper-Gammelgård-Nipert"}','{"fi_FI": "Elielinaukio-Jupperi-Vanhakartano-Niipperi", "sv_SE": "Elielplatsen-Jupper-Gammelgård-Nipert"}',NULL,NULL,NULL,NULL,'6e23adfe-daab-4eb8-903c-0f725ba103e1','2021-02-06','2021-08-15',10,'321N','inbound'),
	 ('70ff8fac-6f0b-4795-9705-ed664c55f040','{"fi_FI": "(reitillä ei otsikkoa)                                      "}','{"fi_FI": "(reitillä ei otsikkoa)                                      "}',NULL,NULL,NULL,NULL,'fbe5fe00-d442-4df1-bf54-de69399330e5','2022-08-15','2023-12-11',10,'522','inbound'),
	 ('7615f326-4c52-40fc-8345-67cd38f8e8bb','{"fi_FI": "Tikkurila-Leinelä-Hyrylä-Kerava", "sv_SE": "Dickursby-Lejle-Hyrylä-Kerava"}','{"fi_FI": "Tikkurila-Leinelä-Hyrylä-Kerava", "sv_SE": "Dickursby-Lejle-Hyrylä-Kerava"}',NULL,NULL,NULL,NULL,'a50f8e20-1bb3-4443-9b16-c6be97a508a5','2021-02-22','2021-02-23',10,'641','outbound'),
	 ('7c683a01-b165-4d05-baab-d36f93a3f32f','{"fi_FI": "Töölön kisahalli-Jupperi-Vanhakartano", "sv_SE": "Tölö sporthall-Jupper-Gammelgård"}','{"fi_FI": "Töölön kisahalli-Jupperi-Vanhakartano", "sv_SE": "Tölö sporthall-Jupper-Gammelgård"}',NULL,NULL,NULL,NULL,'6e23adfe-daab-4eb8-903c-0f725ba103e1','2021-12-13','2022-01-09',10,'321','outbound'),
	 ('7e1ca4cd-e152-4100-8acc-c41288fe1b52','{"fi_FI": "Merihaka-Meilahti-Munkkiniemi-Leppävaara", "sv_SE": "Havshagen-Mejlans-Munksnäs-Alberga"}','{"fi_FI": "Merihaka-Meilahti-Munkkiniemi-Leppävaara", "sv_SE": "Havshagen-Mejlans-Munksnäs-Alberga"}',NULL,NULL,NULL,NULL,'d1bc3876-2e25-451f-b332-241e17c14ca7','2021-07-01','2021-10-10',10,'502','inbound'),
	 ('7ffe44f7-370a-4f19-bf8f-8ddf3ef53852','{"fi_FI": "Tikkurila-Leinelä-Hyrylä-Kerava", "sv_SE": "Dickursby-Lejle-Hyrylä-Kerava"}','{"fi_FI": "Tikkurila-Leinelä-Hyrylä-Kerava", "sv_SE": "Dickursby-Lejle-Hyrylä-Kerava"}',NULL,NULL,NULL,NULL,'a50f8e20-1bb3-4443-9b16-c6be97a508a5','2021-02-22','2021-02-23',10,'641','inbound'),
	 ('835484b9-2a7c-4e42-9f03-fbc5465d23f7','{"fi_FI": "Tikkurila-Leinelä-Hyrylä-Kerava", "sv_SE": "Dickursby-Lejle-Hyrylä-Kerava"}','{"fi_FI": "Tikkurila-Leinelä-Hyrylä-Kerava", "sv_SE": "Dickursby-Lejle-Hyrylä-Kerava"}',NULL,NULL,NULL,NULL,'a50f8e20-1bb3-4443-9b16-c6be97a508a5','2022-05-23','2023-12-11',10,'641','inbound'),
	 ('8393081b-9ead-417e-b3f1-ad62ccfbd6db','{"fi_FI": "Kirkkonummi", "sv_SE": "Kyrkslätt"}','{"fi_FI": "Kirkkonummi", "sv_SE": "Kyrkslätt"}',NULL,NULL,NULL,NULL,'f5d696e5-d87b-4478-8e43-df9cbaa46082','2023-01-01','2023-12-11',10,'904','outbound'),
	 ('8546874d-dae3-487b-9876-953415a580c0','{"fi_FI": "Merihaka-Meilahti-Munkkiniemi-Leppävaara", "sv_SE": "Havshagen-Mejlans-Munksnäs-Alberga"}','{"fi_FI": "Merihaka-Meilahti-Munkkiniemi-Leppävaara", "sv_SE": "Havshagen-Mejlans-Munksnäs-Alberga"}',NULL,NULL,NULL,NULL,'d1bc3876-2e25-451f-b332-241e17c14ca7','2021-01-07','2021-03-24',10,'502','inbound'),
	 ('89591b80-4216-4a34-903b-c3065114a5d1','{"fi_FI": "Tikkurila-Leinelä-Hyrylä-Kerava", "sv_SE": "Dickursby-Lejle-Hyrylä-Kerava"}','{"fi_FI": "Tikkurila-Leinelä-Hyrylä-Kerava", "sv_SE": "Dickursby-Lejle-Hyrylä-Kerava"}',NULL,NULL,NULL,NULL,'a50f8e20-1bb3-4443-9b16-c6be97a508a5','2022-05-23','2023-12-11',10,'641','outbound'),
	 ('8bd83436-6091-4482-b882-6eea69045e5c','{"fi_FI": "Elielinaukio-Jupperi-Vanhakartano-Niipperi", "sv_SE": "Elielplatsen-Jupper-Gammelgård-Nipert"}','{"fi_FI": "Elielinaukio-Jupperi-Vanhakartano-Niipperi", "sv_SE": "Elielplatsen-Jupper-Gammelgård-Nipert"}',NULL,NULL,NULL,NULL,'6e23adfe-daab-4eb8-903c-0f725ba103e1','2021-01-01','2021-02-05',10,'321N','outbound'),
	 ('8fd34ba9-5dc5-49fa-b12d-6a6f815e0982','{"fi_FI": "Töölön kisahalli-Jupperi-Vanhakartano", "sv_SE": "Tölö sporthall-Jupper-Gammelgård"}','{"fi_FI": "Töölön kisahalli-Jupperi-Vanhakartano", "sv_SE": "Tölö sporthall-Jupper-Gammelgård"}',NULL,NULL,NULL,NULL,'6e23adfe-daab-4eb8-903c-0f725ba103e1','2021-12-13','2022-01-09',10,'321','inbound'),
	 ('9c31bbed-c177-46d0-8a8a-6efd0acf41a7','{"fi_FI": "Elielinaukio-Jupperi-Vanhakartano-Niipperi", "sv_SE": "Elielplatsen-Jupper-Gammelgård-Nipert"}','{"fi_FI": "Elielinaukio-Jupperi-Vanhakartano-Niipperi", "sv_SE": "Elielplatsen-Jupper-Gammelgård-Nipert"}',NULL,NULL,NULL,NULL,'6e23adfe-daab-4eb8-903c-0f725ba103e1','2021-08-16','2021-12-05',10,'321N','inbound'),
	 ('a276b28d-ef5e-41bc-a32a-bfbd8b7b7eec','{"fi_FI": "Elielinaukio-Jupperi-Vanhakartano-Niipperi", "sv_SE": "Elielplatsen-Jupper-Gammelgård-Nipert"}','{"fi_FI": "Elielinaukio-Jupperi-Vanhakartano-Niipperi", "sv_SE": "Elielplatsen-Jupper-Gammelgård-Nipert"}',NULL,NULL,NULL,NULL,'6e23adfe-daab-4eb8-903c-0f725ba103e1','2021-02-06','2021-08-15',10,'321N','outbound'),
	 ('bf05ed96-7ae8-4f82-a0e8-6fcb5db7dd0c','{"fi_FI": "Tikkurila-Leinelä-Hyrylä-Kerava", "sv_SE": "Dickursby-Lejle-Hyrylä-Kerava"}','{"fi_FI": "Tikkurila-Leinelä-Hyrylä-Kerava", "sv_SE": "Dickursby-Lejle-Hyrylä-Kerava"}',NULL,NULL,NULL,NULL,'a50f8e20-1bb3-4443-9b16-c6be97a508a5','2021-02-24','2022-05-17',10,'641','outbound'),
	 ('d28f9a45-4c4b-477d-9d9a-fa6698600dbe','{"fi_FI": "Tikkurila-Leinelä-Hyrylä-Kerava", "sv_SE": "Dickursby-Lejle-Hyrylä-Kerava"}','{"fi_FI": "Tikkurila-Leinelä-Hyrylä-Kerava", "sv_SE": "Dickursby-Lejle-Hyrylä-Kerava"}',NULL,NULL,NULL,NULL,'a50f8e20-1bb3-4443-9b16-c6be97a508a5','2022-05-21','2022-05-22',10,'641','inbound'),
	 ('d75a3e8f-2bdd-4fde-aea4-c3f52436d9e6','{"fi_FI": "Merihaka-Meilahti-Munkkiniemi-Leppävaara", "sv_SE": "Havshagen-Mejlans-Munksnäs-Alberga"}','{"fi_FI": "Merihaka-Meilahti-Munkkiniemi-Leppävaara", "sv_SE": "Havshagen-Mejlans-Munksnäs-Alberga"}',NULL,NULL,NULL,NULL,'d1bc3876-2e25-451f-b332-241e17c14ca7','2021-03-25','2021-06-06',10,'502','inbound'),
	 ('df437436-8fcc-47da-b19f-02a525a8f695','{"fi_FI": "Elielinaukio-Jupperi-Vanhakartano", "sv_SE": "Elielplatsen-Jupper-Gammelgård"}','{"fi_FI": "Elielinaukio-Jupperi-Vanhakartano", "sv_SE": "Elielplatsen-Jupper-Gammelgård"}',NULL,NULL,NULL,NULL,'6e23adfe-daab-4eb8-903c-0f725ba103e1','2022-08-15','2023-12-11',10,'321','outbound'),
	 ('e1c919c9-7110-4769-b0de-59cf5965ac59','{"fi_FI": "Tikkurila-Leinelä-Hyrylä-Kerava", "sv_SE": "Dickursby-Lejle-Hyrylä-Kerava"}','{"fi_FI": "Tikkurila-Leinelä-Hyrylä-Kerava", "sv_SE": "Dickursby-Lejle-Hyrylä-Kerava"}',NULL,NULL,NULL,NULL,'a50f8e20-1bb3-4443-9b16-c6be97a508a5','2021-01-09','2021-02-21',10,'641','inbound'),
	 ('e2946cf6-d93d-4838-84c4-162e43fddf6e','{"fi_FI": "Tikkurila-Leinelä-Hyrylä-Kerava", "sv_SE": "Dickursby-Lejle-Hyrylä-Kerava"}','{"fi_FI": "Tikkurila-Leinelä-Hyrylä-Kerava", "sv_SE": "Dickursby-Lejle-Hyrylä-Kerava"}',NULL,NULL,NULL,NULL,'a50f8e20-1bb3-4443-9b16-c6be97a508a5','2022-05-18','2022-05-20',10,'641','outbound'),
	 ('e6f09199-f1b5-4709-9cef-cc33df416523','{"fi_FI": "Espoon keskus-Muurala-Nupuri-Siikaniemi", "sv_SE": "Esbo centrum-Morby-Nupurböle-Siknäs"}','{"fi_FI": "Espoon keskus-Muurala-Nupuri-Siikaniemi", "sv_SE": "Esbo centrum-Morby-Nupurböle-Siknäs"}',NULL,NULL,NULL,NULL,'deabb8b0-ecdd-49d7-860d-5908de426573','2022-01-10','2023-12-11',10,'242','inbound'),
	 ('e71b73a3-44bf-434a-8a1d-bf2444e5fcf4','{"fi_FI": "(reitillä ei otsikkoa)                                      "}','{"fi_FI": "(reitillä ei otsikkoa)                                      "}',NULL,NULL,NULL,NULL,'fbe5fe00-d442-4df1-bf54-de69399330e5','2022-08-15','2023-12-11',10,'522','outbound'),
	 ('e81b7531-1b0d-46b7-9b79-463e03b01c3c','{"fi_FI": "Kirkkonummi", "sv_SE": "Kyrkslätt"}','{"fi_FI": "Kirkkonummi", "sv_SE": "Kyrkslätt"}',NULL,NULL,NULL,NULL,'f5d696e5-d87b-4478-8e43-df9cbaa46082','2023-01-01','2023-12-11',10,'904','inbound'),
	 ('eba4ab51-532c-4f5b-9fc8-9ad18da92702','{"fi_FI": "Espoon keskus-Muurala-Nupuri-Siikaniemi", "sv_SE": "Esbo centrum-Morby-Nupurböle-Siknäs"}','{"fi_FI": "Espoon keskus-Muurala-Nupuri-Siikaniemi", "sv_SE": "Esbo centrum-Morby-Nupurböle-Siknäs"}',NULL,NULL,NULL,NULL,'deabb8b0-ecdd-49d7-860d-5908de426573','2022-01-10','2023-12-11',10,'242','outbound'),
	 ('edb8a7f0-8661-44d6-9025-3058f96d4cb4','{"fi_FI": "Tikkurila-Leinelä-Hyrylä-Kerava", "sv_SE": "Dickursby-Lejle-Hyrylä-Kerava"}','{"fi_FI": "Tikkurila-Leinelä-Hyrylä-Kerava", "sv_SE": "Dickursby-Lejle-Hyrylä-Kerava"}',NULL,NULL,NULL,NULL,'a50f8e20-1bb3-4443-9b16-c6be97a508a5','2021-02-24','2022-05-17',10,'641','inbound'),
	 ('ee07c52d-878c-4da6-b17f-f6a409cda90e','{"fi_FI": "Merihaka-Meilahti-Munkkiniemi-Leppävaara", "sv_SE": "Havshagen-Mejlans-Munksnäs-Alberga"}','{"fi_FI": "Merihaka-Meilahti-Munkkiniemi-Leppävaara", "sv_SE": "Havshagen-Mejlans-Munksnäs-Alberga"}',NULL,NULL,NULL,NULL,'d1bc3876-2e25-451f-b332-241e17c14ca7','2021-03-25','2021-06-06',10,'502','outbound')
ON CONFLICT DO NOTHING;

INSERT INTO route.infrastructure_link_along_route
  (route_id,infrastructure_link_id,infrastructure_link_sequence,is_traversal_forwards)
VALUES
  ('03d55414-e5cf-4cce-9faf-d86ccb7e5f98'::uuid,'c63b749f-5060-4710-8b07-ec9ac017cb5f'::uuid,0,true),
  ('03d55414-e5cf-4cce-9faf-d86ccb7e5f98'::uuid,'2feba2ae-c7af-4034-a299-9e592e67358f'::uuid,1,true),
  ('03d55414-e5cf-4cce-9faf-d86ccb7e5f98'::uuid,'d3ed9fcf-d1fa-419a-a279-7ad3ffe47714'::uuid,2,true),
  ('e6f09199-f1b5-4709-9cef-cc33df416523','59dcf5cd-b1f4-4dd9-a7ff-6beb45ea4770',55,true),
  ('6457117a-ce37-4f2a-a0bf-7f008b544ae3','59bae632-4b30-487f-9d54-2b74113f4761',16,false),
  ('68769c6a-259f-4b09-bd34-25e19d72f62a','6ba17caf-fc02-4d8d-95a6-b0150ed63ba0',102,true),
  ('8fd34ba9-5dc5-49fa-b12d-6a6f815e0982','93b88312-a86a-40d3-9505-324f49405e7c',117,false),
  ('df437436-8fcc-47da-b19f-02a525a8f695','ad9ed62d-577e-4d1a-8380-aaf1d290f78d',98,true),
  ('09cf43fd-e29d-4c78-b9c5-42af9c230474','53b4f788-2af4-4c71-a8e2-092a04b1a3b2',127,true),
  ('1633e38c-8de6-4de3-aa95-d5d7919f5fbb','bdfd9d8e-bbde-4e15-83a7-3813006c09f4',166,false),
  ('e71b73a3-44bf-434a-8a1d-bf2444e5fcf4','610bf7f5-6084-42b7-8d28-fc256a755eb5',14,true),
  ('542c402b-747c-4190-9239-627abdef9e02','7c93d5c3-0454-4654-b84f-b00480cee39e',58,true),
  ('1633e38c-8de6-4de3-aa95-d5d7919f5fbb','83571253-b0e2-4b4c-826d-2f5a2237335e',7,false),
  ('8fd34ba9-5dc5-49fa-b12d-6a6f815e0982','9c02ca8d-6def-4187-a329-573f7c7f7128',19,false),
  ('d75a3e8f-2bdd-4fde-aea4-c3f52436d9e6','0f1368c8-110f-413d-9184-9fc31ca362ae',56,false),
  ('1633e38c-8de6-4de3-aa95-d5d7919f5fbb','9a885301-9e46-4e85-9594-88617b4a1ff2',81,true),
  ('8fd34ba9-5dc5-49fa-b12d-6a6f815e0982','1af7e67b-3aa6-46a0-980a-1bc0875d2bdd',130,false),
  ('e71b73a3-44bf-434a-8a1d-bf2444e5fcf4','97adcbc7-0c2d-46f3-8947-9433651dc071',35,true),
  ('e81b7531-1b0d-46b7-9b79-463e03b01c3c','a0088a08-e885-4b49-9974-16374437be64',17,true),
  ('1633e38c-8de6-4de3-aa95-d5d7919f5fbb','241beb39-2ef6-462c-a558-15c60a64e2d0',119,false),
  ('df437436-8fcc-47da-b19f-02a525a8f695','be8f9397-a59b-4089-ace0-d27474da5022',50,true),
  ('8546874d-dae3-487b-9876-953415a580c0','e3c73f3a-8f96-401e-ae05-17c37ae29d1d',6,false),
  ('d75a3e8f-2bdd-4fde-aea4-c3f52436d9e6','d300e764-9583-4b59-97b8-c0698978f080',85,false),
  ('7e1ca4cd-e152-4100-8acc-c41288fe1b52','0591671c-cf8f-4a32-93a3-2aad295fedc0',2,false),
  ('33b9147a-36f5-4a54-b70e-80acc20a2ee7','75148221-7459-44fc-8d04-654a38688db3',114,false),
  ('653515ee-372f-4074-a45b-4136f46952a9','64ef8968-40fb-433c-97e1-a06fd6d33fd0',7,false),
  ('58c074ac-7d9e-483f-9a61-0e94f32dc59d','44cddcc9-e6f1-4781-afc6-685cb3df3ca5',139,false),
  ('e71b73a3-44bf-434a-8a1d-bf2444e5fcf4','6657ba8b-cb24-4ab2-a6f4-66d42f415bc9',15,true),
  ('460675e5-0121-407b-803b-2e10117beb42','f6b33a5d-59b1-45ca-951a-fb7b81307c9e',129,false),
  ('475561ea-de8e-4478-81d6-609724fca985','f128cce0-8d1a-4b9f-a25b-7efb92e5a270',94,true),
  ('1633e38c-8de6-4de3-aa95-d5d7919f5fbb','a4fbf62b-c272-41cf-8f84-2d72f7795fe6',187,false),
  ('33b9147a-36f5-4a54-b70e-80acc20a2ee7','24145fc4-12da-4f74-8115-323729efa897',0,true),
  ('8546874d-dae3-487b-9876-953415a580c0','68cf689d-8295-4fd2-9228-0224d28a291e',12,false),
  ('e71b73a3-44bf-434a-8a1d-bf2444e5fcf4','37a0b2eb-2ac1-402d-af13-9cd761d9550c',118,true),
  ('653515ee-372f-4074-a45b-4136f46952a9','8962833b-dd4d-461a-8e7f-52d4e87675a5',3,false),
  ('8546874d-dae3-487b-9876-953415a580c0','418df147-cab4-4e35-96b8-788e87ac750f',23,false),
  ('1dcfb27d-fd67-4997-80b6-1c67f9139b29','794afe47-daf6-4d0e-bf52-2b21d35f13ad',37,false),
  ('70ff8fac-6f0b-4795-9705-ed664c55f040','be5247ef-96c0-4842-a5c6-142ecbc2c546',132,false),
  ('7c683a01-b165-4d05-baab-d36f93a3f32f','4fc214e4-84d2-4864-bc45-8f47ab1958d3',24,true),
  ('8fd34ba9-5dc5-49fa-b12d-6a6f815e0982','09eafe6c-67c7-4a6b-8822-16837deae460',96,false),
  ('1633e38c-8de6-4de3-aa95-d5d7919f5fbb','eeadc881-5b70-4ce6-9770-7198c567cbea',170,false),
  ('52e2d29c-f30f-4031-86e6-1771ea51f376','2956cce6-0533-418b-866f-bc27caaa9a53',75,true),
  ('68769c6a-259f-4b09-bd34-25e19d72f62a','101a41f0-baef-4525-9642-c55b7ae174bf',63,true),
  ('8546874d-dae3-487b-9876-953415a580c0','52182f4d-35ed-423d-8c3b-41d070fb4ed6',97,false),
  ('ee07c52d-878c-4da6-b17f-f6a409cda90e','e2c89600-f406-46d0-b968-55f3219042bd',67,true),
  ('d75a3e8f-2bdd-4fde-aea4-c3f52436d9e6','21f0c670-cacb-4292-a703-5e1cad83a891',134,false),
  ('1dcfb27d-fd67-4997-80b6-1c67f9139b29','81e7f861-09b5-43f8-b49b-3ecf5575511b',64,false),
  ('e6f09199-f1b5-4709-9cef-cc33df416523','08f171fe-ae52-4dfb-a7a3-6a58b8120c97',53,true),
  ('3bd6b7aa-58a1-42b1-b2b1-85c9039bda36','59d30c55-f1b5-4b9a-a6d2-24ab72700b86',99,true),
  ('58c074ac-7d9e-483f-9a61-0e94f32dc59d','64eff923-e621-4ca3-be0f-5e63e86b3d66',70,true),
  ('d75a3e8f-2bdd-4fde-aea4-c3f52436d9e6','72920514-d612-4ae1-b12f-1d9bd8a8c4b8',30,false),
  ('653515ee-372f-4074-a45b-4136f46952a9','e402fd5a-c394-488a-b1ee-63a9b9f3ee25',89,false),
  ('7c683a01-b165-4d05-baab-d36f93a3f32f','8bb9a5c2-5f8c-45b1-9c0f-1b3629e3c09b',184,true),
  ('e81b7531-1b0d-46b7-9b79-463e03b01c3c','0718117c-8535-4023-a2cd-fb0846506088',4,true),
  ('68769c6a-259f-4b09-bd34-25e19d72f62a','7210ea1b-d8af-4be6-a172-bb7034a2f0df',106,true),
  ('1633e38c-8de6-4de3-aa95-d5d7919f5fbb','962e4e19-4e56-40ef-a4b7-104f79c9330d',182,false),
  ('70ff8fac-6f0b-4795-9705-ed664c55f040','d63a1ef1-86d8-48e4-a70e-6e6faa597316',75,false),
  ('ee07c52d-878c-4da6-b17f-f6a409cda90e','513f646e-7755-46c7-a709-39aaeb2f53df',96,false),
  ('460675e5-0121-407b-803b-2e10117beb42','d9349239-5076-41d1-9476-b9ce3ec77a21',19,true),
  ('460675e5-0121-407b-803b-2e10117beb42','f65f9149-dd04-48c5-b4f3-add1a9afb829',3,true),
  ('1633e38c-8de6-4de3-aa95-d5d7919f5fbb','7e06304c-65cc-4d3b-aa1a-936d8a04a7b4',98,false),
  ('58c074ac-7d9e-483f-9a61-0e94f32dc59d','ab1286f8-3d0f-4088-b618-c589d903187e',56,true),
  ('df437436-8fcc-47da-b19f-02a525a8f695','ce6d5c8e-4249-4760-ba11-b47a5223a749',63,true),
  ('1633e38c-8de6-4de3-aa95-d5d7919f5fbb','3d56133f-0809-4a04-b19f-cdc4481fc922',51,true),
  ('1633e38c-8de6-4de3-aa95-d5d7919f5fbb','47b95ef4-04fe-44e5-b80b-5da757a4a654',4,true),
  ('eba4ab51-532c-4f5b-9fc8-9ad18da92702','8c4cd0d0-5131-409f-976a-c52754141d19',79,true),
  ('1633e38c-8de6-4de3-aa95-d5d7919f5fbb','81d81066-725d-4614-9701-de800322ab08',157,false),
  ('e81b7531-1b0d-46b7-9b79-463e03b01c3c','bbf2badb-ead1-421c-b8e8-4202743f84b8',25,true),
  ('542c402b-747c-4190-9239-627abdef9e02','3a2d108d-da86-477d-a415-932053067242',32,true),
  ('460675e5-0121-407b-803b-2e10117beb42','4b92ce38-ecc7-40d3-90b6-e206c9f0f1d8',6,false),
  ('33b9147a-36f5-4a54-b70e-80acc20a2ee7','edbfc808-5df2-4741-bcde-8d3c03e32e58',6,true),
  ('1633e38c-8de6-4de3-aa95-d5d7919f5fbb','39dd7e4e-94d7-4a2d-976f-7148533e59fe',150,false),
  ('d75a3e8f-2bdd-4fde-aea4-c3f52436d9e6','1447069e-896c-4609-8921-d66ff1faf073',59,false),
  ('df437436-8fcc-47da-b19f-02a525a8f695','79b8ef93-376e-47ab-ad05-97f28cf436a2',54,true),
  ('8546874d-dae3-487b-9876-953415a580c0','794afe47-daf6-4d0e-bf52-2b21d35f13ad',37,false),
  ('8546874d-dae3-487b-9876-953415a580c0','eeaed413-e52f-46d9-ab56-fbd1b1821495',135,false),
  ('52e2d29c-f30f-4031-86e6-1771ea51f376','c5cac2de-e425-400d-ab48-08cc8fd37f2b',54,true),
  ('eba4ab51-532c-4f5b-9fc8-9ad18da92702','a6a7e2fd-00ea-4001-8060-c586f5c5c44f',86,true),
  ('1633e38c-8de6-4de3-aa95-d5d7919f5fbb','09eafe6c-67c7-4a6b-8822-16837deae460',96,false),
  ('8fd34ba9-5dc5-49fa-b12d-6a6f815e0982','c1f87ed5-abb9-4903-8234-520e504109c5',188,true),
  ('3bd6b7aa-58a1-42b1-b2b1-85c9039bda36','c768882f-efdb-402e-8589-a1bbdb238330',118,false),
  ('58c074ac-7d9e-483f-9a61-0e94f32dc59d','af347b22-cde5-46db-bd33-ce2aadac0668',128,false),
  ('09cf43fd-e29d-4c78-b9c5-42af9c230474','f5f4ee8a-28d6-40ad-868e-dc7679579c54',54,true),
  ('7c683a01-b165-4d05-baab-d36f93a3f32f','9e23854b-250c-4100-83be-5080f5437bf4',126,false),
  ('6457117a-ce37-4f2a-a0bf-7f008b544ae3','cffc080b-9d51-4aaf-b013-07057b08c002',107,true),
  ('460675e5-0121-407b-803b-2e10117beb42','483e3c2b-e399-4051-861a-ce410a9c34d3',70,true),
  ('6457117a-ce37-4f2a-a0bf-7f008b544ae3','f077ff87-1e94-4ebb-810c-ef01b7ca2e06',110,true),
  ('d75a3e8f-2bdd-4fde-aea4-c3f52436d9e6','ae9a2315-b73d-44a2-a309-611a7214289b',110,true),
  ('ee07c52d-878c-4da6-b17f-f6a409cda90e','532b3514-8072-4ad3-ab4c-5cc1c20be1f4',97,true),
  ('df437436-8fcc-47da-b19f-02a525a8f695','3af16e56-1817-4f2c-b898-b4848f1cc914',124,false),
  ('52e2d29c-f30f-4031-86e6-1771ea51f376','31f40769-5409-44c0-a2d7-60d1a1497173',82,true),
  ('58c074ac-7d9e-483f-9a61-0e94f32dc59d','05264e17-560b-48c5-9467-4c45ac417520',55,true),
  ('d75a3e8f-2bdd-4fde-aea4-c3f52436d9e6','beedea70-ed67-4181-aab2-dd97839fb476',139,true),
  ('68769c6a-259f-4b09-bd34-25e19d72f62a','d885bd2e-1294-4b55-9e39-3077be4d13f3',76,true),
  ('eba4ab51-532c-4f5b-9fc8-9ad18da92702','6fee2eda-3168-4af8-8450-dd1b672ad702',24,true),
  ('1dcfb27d-fd67-4997-80b6-1c67f9139b29','b6879a79-d7df-43e0-bf65-b2abfd939a6f',87,false),
  ('eba4ab51-532c-4f5b-9fc8-9ad18da92702','0aac3017-8f9d-4431-bb9b-bbb23b6a4020',48,false),
  ('1633e38c-8de6-4de3-aa95-d5d7919f5fbb','9c02ca8d-6def-4187-a329-573f7c7f7128',19,false),
  ('e71b73a3-44bf-434a-8a1d-bf2444e5fcf4','efe4b064-26fb-46cf-aab8-93b1306896d2',132,true),
  ('33b9147a-36f5-4a54-b70e-80acc20a2ee7','bd4ad40d-a482-44b2-a876-68f0d03622db',26,true),
  ('542c402b-747c-4190-9239-627abdef9e02','7229fe38-1d68-42f8-b5a5-4c35fc811971',21,false),
  ('475561ea-de8e-4478-81d6-609724fca985','794afe47-daf6-4d0e-bf52-2b21d35f13ad',37,false),
  ('70ff8fac-6f0b-4795-9705-ed664c55f040','6e254145-7bc9-45ad-a6eb-323835bf2e1f',62,false),
  ('1633e38c-8de6-4de3-aa95-d5d7919f5fbb','386c88db-6ffe-4399-b2fc-491524e4420b',5,true),
  ('460675e5-0121-407b-803b-2e10117beb42','13d05d2f-50f1-4936-b9db-f3d665f7840f',108,false),
  ('09cf43fd-e29d-4c78-b9c5-42af9c230474','60af5f61-205f-4509-86ee-1c7a1b79e1d3',21,true),
  ('6457117a-ce37-4f2a-a0bf-7f008b544ae3','a0d89b77-8930-47ce-b51a-dfb990254e6e',42,true),
  ('df437436-8fcc-47da-b19f-02a525a8f695','e79d17b3-6d48-404d-81b5-6f133971a65e',175,true),
  ('1dcfb27d-fd67-4997-80b6-1c67f9139b29','b4422e9a-7f1d-44ca-9926-85dadce125da',14,false),
  ('e6f09199-f1b5-4709-9cef-cc33df416523','7d71cffe-4ec9-4e4d-8b41-99dc251ea205',27,true),
  ('3bd6b7aa-58a1-42b1-b2b1-85c9039bda36','e402fd5a-c394-488a-b1ee-63a9b9f3ee25',89,false),
  ('e71b73a3-44bf-434a-8a1d-bf2444e5fcf4','58bcf9a2-d780-4bdb-a7cb-3944cb9d85f5',129,true),
  ('1dcfb27d-fd67-4997-80b6-1c67f9139b29','19a4d582-00fa-4aa3-9d64-cd682fa4d67a',42,false),
  ('e81b7531-1b0d-46b7-9b79-463e03b01c3c','73c8f471-04c3-40d0-b89e-1288418f67b6',77,false),
  ('58c074ac-7d9e-483f-9a61-0e94f32dc59d','070ecc18-468f-4011-9aa0-855959749e55',177,false),
  ('58c074ac-7d9e-483f-9a61-0e94f32dc59d','39dd7e4e-94d7-4a2d-976f-7148533e59fe',150,false),
  ('e71b73a3-44bf-434a-8a1d-bf2444e5fcf4','6e254145-7bc9-45ad-a6eb-323835bf2e1f',97,true),
  ('70ff8fac-6f0b-4795-9705-ed664c55f040','c019e01d-39fa-459f-b227-e7a023183b9e',63,false),
  ('7e1ca4cd-e152-4100-8acc-c41288fe1b52','47ae20e6-14d2-4cc1-a4af-7451706b0762',4,false),
  ('7c683a01-b165-4d05-baab-d36f93a3f32f','f65b57b9-5fc2-4d58-94fb-4f7aab113537',138,false),
  ('09cf43fd-e29d-4c78-b9c5-42af9c230474','a4f5adff-c117-4f10-a596-c6dedbf52caa',109,true),
  ('58c074ac-7d9e-483f-9a61-0e94f32dc59d','1443042d-eee0-46f1-9b6a-54028b872f6b',107,false),
  ('7e1ca4cd-e152-4100-8acc-c41288fe1b52','a4f5adff-c117-4f10-a596-c6dedbf52caa',22,false),
  ('58c074ac-7d9e-483f-9a61-0e94f32dc59d','95c05fd1-7add-41eb-aacd-662f0e876fa0',147,false),
  ('33b9147a-36f5-4a54-b70e-80acc20a2ee7','3ec9d618-b827-483d-8301-ae599e51a94f',52,true),
  ('542c402b-747c-4190-9239-627abdef9e02','bd4ad40d-a482-44b2-a876-68f0d03622db',26,true),
  ('e81b7531-1b0d-46b7-9b79-463e03b01c3c','5748699c-07f1-4f30-a163-b4ef1b8ce86a',78,false),
  ('ee07c52d-878c-4da6-b17f-f6a409cda90e','157b24c4-dab0-412d-9b67-133090f054fc',78,true),
  ('1633e38c-8de6-4de3-aa95-d5d7919f5fbb','95c05fd1-7add-41eb-aacd-662f0e876fa0',147,false),
  ('e71b73a3-44bf-434a-8a1d-bf2444e5fcf4','1fcee9b9-d5a8-4510-9a9f-88b700d06f74',56,true),
  ('542c402b-747c-4190-9239-627abdef9e02','59bae632-4b30-487f-9d54-2b74113f4761',16,false),
  ('e81b7531-1b0d-46b7-9b79-463e03b01c3c','05b5c36c-be9f-4dfe-b002-9acbfb05322f',88,false),
  ('58c074ac-7d9e-483f-9a61-0e94f32dc59d','d954bd65-3418-4749-8a4d-3d5e3e6ee633',47,false),
  ('542c402b-747c-4190-9239-627abdef9e02','880a8433-0cd0-4148-9e8a-bbcd13530f89',45,true),
  ('33b9147a-36f5-4a54-b70e-80acc20a2ee7','9555ae05-e4d3-4a25-ab2b-7e6448e4b5e2',115,true),
  ('e6f09199-f1b5-4709-9cef-cc33df416523','bed20508-9a83-47ab-9f70-0ab0e493bc11',81,false),
  ('e71b73a3-44bf-434a-8a1d-bf2444e5fcf4','811b635c-d60d-4d96-84a7-e5af7c40f3fe',38,true),
  ('d75a3e8f-2bdd-4fde-aea4-c3f52436d9e6','3af32413-f8da-4404-be9d-e00422c473cb',105,true),
  ('df437436-8fcc-47da-b19f-02a525a8f695','74b2ebe9-c85c-4ad7-8560-b47aca8f5ac6',59,true),
  ('7e1ca4cd-e152-4100-8acc-c41288fe1b52','4731d304-e894-4032-946a-c83a677b3cbe',33,true),
  ('1633e38c-8de6-4de3-aa95-d5d7919f5fbb','b5e43f46-9a30-4b3f-844c-846a4cac115f',88,true),
  ('58c074ac-7d9e-483f-9a61-0e94f32dc59d','b083b6d3-ce41-434b-8bb9-a7ad6a05e9bd',115,false),
  ('8fd34ba9-5dc5-49fa-b12d-6a6f815e0982','66fbe0b2-82c1-4943-9782-224d5a2a081c',11,false),
  ('6457117a-ce37-4f2a-a0bf-7f008b544ae3','37e50a32-673c-49e9-9824-e3e7c978bdfd',74,true),
  ('e71b73a3-44bf-434a-8a1d-bf2444e5fcf4','1465f271-74a3-40d6-8254-7f51bf3b0c89',110,true),
  ('df437436-8fcc-47da-b19f-02a525a8f695','e96d98f7-c74b-4353-93c3-323efbca6b18',4,true),
  ('653515ee-372f-4074-a45b-4136f46952a9','03bc612f-afb1-45eb-b7f8-f5c4070ecae5',63,false),
  ('ee07c52d-878c-4da6-b17f-f6a409cda90e','f8626def-dcb4-4342-8acd-956270029486',8,true),
  ('52e2d29c-f30f-4031-86e6-1771ea51f376','101a41f0-baef-4525-9642-c55b7ae174bf',63,true),
  ('1633e38c-8de6-4de3-aa95-d5d7919f5fbb','a22e4f60-9ee6-457f-9e34-963f83c1db1d',161,false),
  ('460675e5-0121-407b-803b-2e10117beb42','9b69d3d7-6c06-4b9e-bd48-406d36f973cb',136,false),
  ('ee07c52d-878c-4da6-b17f-f6a409cda90e','bd4ad40d-a482-44b2-a876-68f0d03622db',37,true),
  ('1633e38c-8de6-4de3-aa95-d5d7919f5fbb','2bda83a9-d3c0-4168-84c6-9d1ea9d2d979',94,true),
  ('52e2d29c-f30f-4031-86e6-1771ea51f376','039dc74a-e5d3-49e0-b053-44e41ae75107',101,true),
  ('68769c6a-259f-4b09-bd34-25e19d72f62a','d36181b8-c328-43a3-9400-9cb41c8d689c',72,false),
  ('8fd34ba9-5dc5-49fa-b12d-6a6f815e0982','0a393dc4-cb63-4ebd-b638-8c4477bba93c',31,false),
  ('df437436-8fcc-47da-b19f-02a525a8f695','9439a59b-4d08-4cb2-8299-58bca450b42b',90,true),
  ('460675e5-0121-407b-803b-2e10117beb42','860ca25f-7e2e-46a7-94cf-62ee780ff821',53,true),
  ('8fd34ba9-5dc5-49fa-b12d-6a6f815e0982','b5337799-91a7-428f-908c-0dd55e051315',106,false),
  ('8393081b-9ead-417e-b3f1-ad62ccfbd6db','5a480ab3-8cce-422b-8e24-a0879e622bb0',78,false),
  ('1dcfb27d-fd67-4997-80b6-1c67f9139b29','c3abecd6-fbcd-4861-9670-e2c9a1ab0fc6',31,false),
  ('09cf43fd-e29d-4c78-b9c5-42af9c230474','3a2d108d-da86-477d-a415-932053067242',43,true),
  ('e6f09199-f1b5-4709-9cef-cc33df416523','2fa7e86d-2057-4697-86e8-cd897444396a',31,true),
  ('3bd6b7aa-58a1-42b1-b2b1-85c9039bda36','b68d2cce-6b01-4f23-b50a-a3869c63da75',20,false),
  ('70ff8fac-6f0b-4795-9705-ed664c55f040','0d69af5a-7e54-4ce1-8361-de081930e9e2',153,true),
  ('8393081b-9ead-417e-b3f1-ad62ccfbd6db','53e0c6a8-5fbf-4c64-b771-6bb0b8a5563d',61,false),
  ('58c074ac-7d9e-483f-9a61-0e94f32dc59d','5c748e6f-cd1c-402f-8b18-791ac38598d4',16,false),
  ('3bd6b7aa-58a1-42b1-b2b1-85c9039bda36','4d6a759c-1d8c-4365-862b-0c1e621f240d',61,false),
  ('d75a3e8f-2bdd-4fde-aea4-c3f52436d9e6','ccf52069-7251-476d-8dce-c9abbaa136ae',138,true),
  ('1633e38c-8de6-4de3-aa95-d5d7919f5fbb','9b69d3d7-6c06-4b9e-bd48-406d36f973cb',65,true),
  ('e6f09199-f1b5-4709-9cef-cc33df416523','5e9a083c-560d-402c-af74-4b19b1360f37',88,false),
  ('6457117a-ce37-4f2a-a0bf-7f008b544ae3','6f500f59-515b-4673-a6f4-2c614d1d08b1',50,true),
  ('8546874d-dae3-487b-9876-953415a580c0','8ea367e5-a5ee-4d72-b0b6-272e56e9afd9',141,true),
  ('70ff8fac-6f0b-4795-9705-ed664c55f040','fe5d1116-282f-4ac7-9c79-72226ce69d83',142,false),
  ('8fd34ba9-5dc5-49fa-b12d-6a6f815e0982','e0790599-7cea-4799-8c2c-b29a057681b8',160,false),
  ('8546874d-dae3-487b-9876-953415a580c0','92a37ad4-d333-41d0-b5ff-d1b9db161c61',133,false),
  ('460675e5-0121-407b-803b-2e10117beb42','05264e17-560b-48c5-9467-4c45ac417520',147,false),
  ('8fd34ba9-5dc5-49fa-b12d-6a6f815e0982','2bda83a9-d3c0-4168-84c6-9d1ea9d2d979',94,true),
  ('542c402b-747c-4190-9239-627abdef9e02','157b24c4-dab0-412d-9b67-133090f054fc',67,true),
  ('70ff8fac-6f0b-4795-9705-ed664c55f040','b78f172a-44f9-47e6-8650-f560d8e325ca',111,false),
  ('33b9147a-36f5-4a54-b70e-80acc20a2ee7','513f646e-7755-46c7-a709-39aaeb2f53df',85,false),
  ('68769c6a-259f-4b09-bd34-25e19d72f62a','418df147-cab4-4e35-96b8-788e87ac750f',97,true),
  ('e81b7531-1b0d-46b7-9b79-463e03b01c3c','997c7b38-c4fd-4ee5-a729-866a8459a7eb',39,true),
  ('58c074ac-7d9e-483f-9a61-0e94f32dc59d','2e226300-91c5-4d84-b042-582c5326246f',192,false),
  ('e71b73a3-44bf-434a-8a1d-bf2444e5fcf4','3f17cbe1-1795-46f0-8d34-28e0d0d9a511',28,true),
  ('e6f09199-f1b5-4709-9cef-cc33df416523','1e9211a7-e56d-43f7-bd0c-e88c46867c48',64,true),
  ('68769c6a-259f-4b09-bd34-25e19d72f62a','f8deb8d1-1fcf-421e-b309-41109b43f862',96,true),
  ('e81b7531-1b0d-46b7-9b79-463e03b01c3c','e27b2fad-bf73-4853-a764-e1261d337f53',85,false),
  ('58c074ac-7d9e-483f-9a61-0e94f32dc59d','3b16e5f0-6e14-4152-af19-f27e7be33004',59,false),
  ('e71b73a3-44bf-434a-8a1d-bf2444e5fcf4','db556f93-5a29-40f8-a65c-1a99aaa71a5f',88,true),
  ('542c402b-747c-4190-9239-627abdef9e02','d36181b8-c328-43a3-9400-9cb41c8d689c',72,false),
  ('33b9147a-36f5-4a54-b70e-80acc20a2ee7','70ad6ab5-5444-4ade-ae1b-c2cf016a7ada',92,true),
  ('52e2d29c-f30f-4031-86e6-1771ea51f376','83d89401-a895-4fad-a313-d096949b948c',113,true),
  ('58c074ac-7d9e-483f-9a61-0e94f32dc59d','7f7b40c0-b274-4793-bec3-6a31ec821c75',58,true),
  ('475561ea-de8e-4478-81d6-609724fca985','6b8306db-fa93-418e-9775-59f25476ad42',57,false),
  ('8393081b-9ead-417e-b3f1-ad62ccfbd6db','eca40106-e916-47fe-8e42-2fd719cac129',11,true),
  ('6457117a-ce37-4f2a-a0bf-7f008b544ae3','09f0bd4e-d2a6-48f1-afa9-f8dc11f9cc01',13,true),
  ('8fd34ba9-5dc5-49fa-b12d-6a6f815e0982','9810517c-93ad-4708-865e-81ae4a6966b0',192,false),
  ('df437436-8fcc-47da-b19f-02a525a8f695','37c23511-f72b-4aef-a287-ac606b6267da',184,true),
  ('6457117a-ce37-4f2a-a0bf-7f008b544ae3','101a41f0-baef-4525-9642-c55b7ae174bf',63,true),
  ('e81b7531-1b0d-46b7-9b79-463e03b01c3c','f651d756-b475-4257-9326-2cbc3925a6fa',45,true),
  ('e81b7531-1b0d-46b7-9b79-463e03b01c3c','55872a84-daf7-4325-9667-56c02020e2d5',20,false),
  ('1633e38c-8de6-4de3-aa95-d5d7919f5fbb','f37458df-3daf-48ff-ad5e-b144dad56375',112,false),
  ('e81b7531-1b0d-46b7-9b79-463e03b01c3c','4427efe2-d0c7-4e63-aff0-d0debbef9a7a',29,true),
  ('d75a3e8f-2bdd-4fde-aea4-c3f52436d9e6','9e38f508-3704-46be-ab6e-17e6e856222c',88,false),
  ('eba4ab51-532c-4f5b-9fc8-9ad18da92702','8c19931d-6fdb-426b-9917-e17bc0af7c9a',61,false),
  ('d75a3e8f-2bdd-4fde-aea4-c3f52436d9e6','bb8b3971-adf7-4503-a815-87037e893ec6',79,false),
  ('e71b73a3-44bf-434a-8a1d-bf2444e5fcf4','bfe1a4c3-9787-4aaf-9fc9-24dc68acc9c6',78,true),
  ('09cf43fd-e29d-4c78-b9c5-42af9c230474','983766eb-bc19-4473-9e79-a9959e7e32d0',12,true),
  ('8546874d-dae3-487b-9876-953415a580c0','81fc8fee-ef9e-4442-870f-424f5df24301',67,false),
  ('7e1ca4cd-e152-4100-8acc-c41288fe1b52','a78f0563-8cb9-4912-82f2-8fd6123b4938',65,false),
  ('8546874d-dae3-487b-9876-953415a580c0','caeb10de-ae13-4a7e-8ba9-db5e80e87d0e',66,false),
  ('460675e5-0121-407b-803b-2e10117beb42','0f5d13f2-3829-405e-a876-277cf95cc3c0',152,false),
  ('7c683a01-b165-4d05-baab-d36f93a3f32f','c820976f-8735-432a-838a-ac59b0496455',123,false),
  ('475561ea-de8e-4478-81d6-609724fca985','b37480ea-a0cc-463d-ad7b-2ab939b18cb0',80,false),
  ('653515ee-372f-4074-a45b-4136f46952a9','4d6a759c-1d8c-4365-862b-0c1e621f240d',61,false),
  ('df437436-8fcc-47da-b19f-02a525a8f695','d9349239-5076-41d1-9476-b9ce3ec77a21',19,true),
  ('e71b73a3-44bf-434a-8a1d-bf2444e5fcf4','5ea525dd-2437-46d3-989d-eb4361b957c3',41,true),
  ('1633e38c-8de6-4de3-aa95-d5d7919f5fbb','3a211ccc-530d-4a14-8d7c-831dcdcae077',121,false),
  ('e71b73a3-44bf-434a-8a1d-bf2444e5fcf4','4664ee1a-88b8-416c-8bfa-f6af6e73f89c',159,true),
  ('ee07c52d-878c-4da6-b17f-f6a409cda90e','2461cec9-0d4b-469f-b9fe-6bd32a0cd11e',55,true),
  ('d75a3e8f-2bdd-4fde-aea4-c3f52436d9e6','2c64e5e1-1917-44ce-a2b9-61031a30ab6f',17,false),
  ('e6f09199-f1b5-4709-9cef-cc33df416523','337f0a7f-71d9-407f-b19a-f4ef3e39e45e',10,false),
  ('df437436-8fcc-47da-b19f-02a525a8f695','8a2176f9-4f64-4ae7-8580-44ba1c1b5e3c',119,true),
  ('8393081b-9ead-417e-b3f1-ad62ccfbd6db','e3550e71-a418-48d1-bc25-0452881a9c33',7,true),
  ('e81b7531-1b0d-46b7-9b79-463e03b01c3c','a842529c-e389-4076-b66d-0e27d01c7993',7,true),
  ('e71b73a3-44bf-434a-8a1d-bf2444e5fcf4','833c155a-9eb5-407a-a048-522b2ad102e4',6,true),
  ('7c683a01-b165-4d05-baab-d36f93a3f32f','860ca25f-7e2e-46a7-94cf-62ee780ff821',42,true),
  ('70ff8fac-6f0b-4795-9705-ed664c55f040','42abcf10-7349-4f91-b904-3ef888621431',6,false),
  ('e71b73a3-44bf-434a-8a1d-bf2444e5fcf4','bc6845a6-68bb-4c96-a627-b9c478ece89e',61,true),
  ('3bd6b7aa-58a1-42b1-b2b1-85c9039bda36','d9c4c012-2798-4cb7-a604-850d9612c5ea',62,false),
  ('8fd34ba9-5dc5-49fa-b12d-6a6f815e0982','e01ec877-7ef1-4833-86a9-9e612dd99fdf',34,false),
  ('653515ee-372f-4074-a45b-4136f46952a9','1447069e-896c-4609-8921-d66ff1faf073',59,false),
  ('8546874d-dae3-487b-9876-953415a580c0','a33eb8d1-47a8-47de-b975-668fb2fc113f',46,false),
  ('6457117a-ce37-4f2a-a0bf-7f008b544ae3','59d30c55-f1b5-4b9a-a6d2-24ab72700b86',25,false),
  ('1633e38c-8de6-4de3-aa95-d5d7919f5fbb','37c23511-f72b-4aef-a287-ac606b6267da',17,false),
  ('d75a3e8f-2bdd-4fde-aea4-c3f52436d9e6','4731d304-e894-4032-946a-c83a677b3cbe',33,true),
  ('475561ea-de8e-4478-81d6-609724fca985','1447069e-896c-4609-8921-d66ff1faf073',59,false),
  ('d75a3e8f-2bdd-4fde-aea4-c3f52436d9e6','532b3514-8072-4ad3-ab4c-5cc1c20be1f4',34,false),
  ('8fd34ba9-5dc5-49fa-b12d-6a6f815e0982','d83e7fd5-3f05-4fc8-bf80-0c91c9ae729b',194,true),
  ('09cf43fd-e29d-4c78-b9c5-42af9c230474','0cac3f00-67af-4c38-b7bd-5d78cad01cc4',129,true),
  ('475561ea-de8e-4478-81d6-609724fca985','9ecdff88-788f-4c9f-95f7-3a1da983ef9b',107,true),
  ('e71b73a3-44bf-434a-8a1d-bf2444e5fcf4','71c1599d-ee9b-4c0b-8d74-83c0768b285f',33,true),
  ('6457117a-ce37-4f2a-a0bf-7f008b544ae3','6b1f5635-d581-4a5f-a8a9-018adb0d7f6a',2,false),
  ('8fd34ba9-5dc5-49fa-b12d-6a6f815e0982','0895dbe8-2f07-45ca-929b-588d4e33bac3',23,false),
  ('3bd6b7aa-58a1-42b1-b2b1-85c9039bda36','fedf7581-2828-47fc-a5e4-255226797983',1,false),
  ('e81b7531-1b0d-46b7-9b79-463e03b01c3c','f944f8bb-757e-48d7-8d65-30709fef4970',62,true),
  ('e6f09199-f1b5-4709-9cef-cc33df416523','52240dc6-64de-4152-9a13-a5cbb1a1e873',89,false),
  ('460675e5-0121-407b-803b-2e10117beb42','861c39cc-e1bf-46ef-82fa-7beb918597c9',73,true),
  ('7c683a01-b165-4d05-baab-d36f93a3f32f','aa8da7e4-1390-4251-b020-79865f6edc62',15,true),
  ('460675e5-0121-407b-803b-2e10117beb42','833bb99f-f47e-4f2b-be8c-87e7a8424138',83,true),
  ('7c683a01-b165-4d05-baab-d36f93a3f32f','3af16e56-1817-4f2c-b898-b4848f1cc914',113,false),
  ('33b9147a-36f5-4a54-b70e-80acc20a2ee7','bd115f63-7988-43e8-aed2-01ece92e5508',105,true),
  ('8fd34ba9-5dc5-49fa-b12d-6a6f815e0982','883e37b1-65ca-4525-a501-d995422ccc4f',71,true),
  ('6457117a-ce37-4f2a-a0bf-7f008b544ae3','2b5894a7-dff6-4b75-bde2-8eedcc3eec71',91,true),
  ('7c683a01-b165-4d05-baab-d36f93a3f32f','577bb128-9eaa-49f1-bb20-db5a62d41a43',115,false),
  ('8fd34ba9-5dc5-49fa-b12d-6a6f815e0982','eacf19b6-a958-4d8d-9fe4-969d20ea16e5',76,true),
  ('e71b73a3-44bf-434a-8a1d-bf2444e5fcf4','5231d97d-b15d-492f-bc2e-d5d688198632',89,true),
  ('6457117a-ce37-4f2a-a0bf-7f008b544ae3','c3abecd6-fbcd-4861-9670-e2c9a1ab0fc6',89,true),
  ('8fd34ba9-5dc5-49fa-b12d-6a6f815e0982','577bb128-9eaa-49f1-bb20-db5a62d41a43',77,true),
  ('1633e38c-8de6-4de3-aa95-d5d7919f5fbb','956d4cc6-d88f-41e3-be45-3a44ab2b676f',57,true),
  ('475561ea-de8e-4478-81d6-609724fca985','c3dfe92b-9855-4992-b054-d0f696df8b7a',58,false),
  ('1633e38c-8de6-4de3-aa95-d5d7919f5fbb','db5dab43-f2a5-4dfe-b30c-2d990d0e870a',90,false),
  ('542c402b-747c-4190-9239-627abdef9e02','9c71b1ea-e325-4ad3-9da7-e04f465eff49',66,true),
  ('475561ea-de8e-4478-81d6-609724fca985','532b3514-8072-4ad3-ab4c-5cc1c20be1f4',34,false),
  ('33b9147a-36f5-4a54-b70e-80acc20a2ee7','4aa33db0-c38f-4951-b0a5-2f3d67455b6a',28,false),
  ('8546874d-dae3-487b-9876-953415a580c0','d9c4c012-2798-4cb7-a604-850d9612c5ea',62,false),
  ('eba4ab51-532c-4f5b-9fc8-9ad18da92702','94989385-e4c1-4082-a8a6-b985c38b7ace',75,false),
  ('653515ee-372f-4074-a45b-4136f46952a9','039dc74a-e5d3-49e0-b053-44e41ae75107',19,false),
  ('460675e5-0121-407b-803b-2e10117beb42','dba3ddb7-1258-4d81-b254-c2ce177a244b',24,true),
  ('3bd6b7aa-58a1-42b1-b2b1-85c9039bda36','71ce4d9e-66a6-4ab8-9cb7-42f98b188b86',41,false),
  ('52e2d29c-f30f-4031-86e6-1771ea51f376','00c562fc-fa9a-49c5-86a0-ac8faed03e4d',60,true),
  ('8546874d-dae3-487b-9876-953415a580c0','897e8ff1-2b82-4a8d-8a7e-17172636e9a5',39,false),
  ('475561ea-de8e-4478-81d6-609724fca985','d193fc8c-5ecc-4217-a5be-e9fb6dfe7d6a',52,false),
  ('df437436-8fcc-47da-b19f-02a525a8f695','47b95ef4-04fe-44e5-b80b-5da757a4a654',197,false),
  ('09cf43fd-e29d-4c78-b9c5-42af9c230474','6f500f59-515b-4673-a6f4-2c614d1d08b1',61,true),
  ('e81b7531-1b0d-46b7-9b79-463e03b01c3c','a455432f-3b4b-4d23-8f81-c911fea3c004',90,false),
  ('1633e38c-8de6-4de3-aa95-d5d7919f5fbb','1610ad2f-5c89-4f9f-afbf-742726bc7f54',185,false),
  ('8546874d-dae3-487b-9876-953415a580c0','a9ffeae3-cfdd-4711-a722-3c735db8746a',77,false),
  ('6457117a-ce37-4f2a-a0bf-7f008b544ae3','9555ae05-e4d3-4a25-ab2b-7e6448e4b5e2',115,true),
  ('7c683a01-b165-4d05-baab-d36f93a3f32f','8a14febd-0b15-4b48-ad14-f8804be06be9',6,true),
  ('653515ee-372f-4074-a45b-4136f46952a9','9e38f508-3704-46be-ab6e-17e6e856222c',88,false),
  ('58c074ac-7d9e-483f-9a61-0e94f32dc59d','bf29aaa9-839a-4239-b171-91211591a21c',189,false),
  ('1dcfb27d-fd67-4997-80b6-1c67f9139b29','71ce4d9e-66a6-4ab8-9cb7-42f98b188b86',41,false),
  ('58c074ac-7d9e-483f-9a61-0e94f32dc59d','f54a7892-27d9-4bbb-a752-f6669daf0df8',20,false),
  ('1dcfb27d-fd67-4997-80b6-1c67f9139b29','fd7c9a21-a50f-4ef9-8fbe-c64b12757f63',91,false),
  ('8fd34ba9-5dc5-49fa-b12d-6a6f815e0982','af65a589-cc95-4230-9d48-f09467dcdd2d',133,false),
  ('e81b7531-1b0d-46b7-9b79-463e03b01c3c','f7424a56-373c-44fc-90d8-f3a1593544b6',71,true),
  ('1633e38c-8de6-4de3-aa95-d5d7919f5fbb','f2217156-cae3-4632-b5c5-f96b8a6055f7',153,false),
  ('7e1ca4cd-e152-4100-8acc-c41288fe1b52','9d0c9358-e050-4ea8-97ca-715b16da109a',78,false),
  ('ee07c52d-878c-4da6-b17f-f6a409cda90e','301b205f-c992-4213-92a1-be161819cf2d',90,true),
  ('58c074ac-7d9e-483f-9a61-0e94f32dc59d','3dda112e-d472-4fc0-a4bc-d67fa1792ac6',200,true),
  ('7c683a01-b165-4d05-baab-d36f93a3f32f','89632d15-c026-4d64-991a-fe3b42ea67ff',83,false),
  ('8fd34ba9-5dc5-49fa-b12d-6a6f815e0982','c3c1aae1-4ae1-4b60-9f7c-f314ee51c1c8',82,true),
  ('52e2d29c-f30f-4031-86e6-1771ea51f376','05c022e1-cab6-4483-aa28-80e072aa4fa9',48,true),
  ('7e1ca4cd-e152-4100-8acc-c41288fe1b52','09f0bd4e-d2a6-48f1-afa9-f8dc11f9cc01',113,false),
  ('460675e5-0121-407b-803b-2e10117beb42','d004f92c-cf61-4e97-aeae-20fa0c836aa8',81,true),
  ('542c402b-747c-4190-9239-627abdef9e02','de7d0c8e-72d6-49ba-aee9-a8b242feab94',4,false),
  ('68769c6a-259f-4b09-bd34-25e19d72f62a','52182f4d-35ed-423d-8c3b-41d070fb4ed6',27,true),
  ('8546874d-dae3-487b-9876-953415a580c0','93118ea7-223b-4949-97e1-5b060d5f8eb1',38,false),
  ('e6f09199-f1b5-4709-9cef-cc33df416523','dbf91025-4731-49aa-8304-58f0a9219cd3',30,true),
  ('eba4ab51-532c-4f5b-9fc8-9ad18da92702','48d73c29-c02e-4ebf-8540-a9851bc6ff59',11,true),
  ('df437436-8fcc-47da-b19f-02a525a8f695','8b11a276-3ed0-47b7-a3b8-fbedfc514ee9',99,true),
  ('8546874d-dae3-487b-9876-953415a580c0','d7c630f0-b01d-4d46-9e20-7b0305cc9046',114,false),
  ('eba4ab51-532c-4f5b-9fc8-9ad18da92702','c926320a-7a18-4db7-a384-2c24f2c9b8cc',74,false),
  ('7c683a01-b165-4d05-baab-d36f93a3f32f','185b84d6-bcf4-498f-a3ee-922f2ca10751',82,false),
  ('8546874d-dae3-487b-9876-953415a580c0','edbfc808-5df2-4741-bcde-8d3c03e32e58',120,false),
  ('460675e5-0121-407b-803b-2e10117beb42','13e67563-701c-4113-8b5c-034a8b6e65e6',188,true),
  ('ee07c52d-878c-4da6-b17f-f6a409cda90e','d885bd2e-1294-4b55-9e39-3077be4d13f3',87,true),
  ('8fd34ba9-5dc5-49fa-b12d-6a6f815e0982','930e7a33-e6bc-4a71-bbd0-d9e3982ecefb',175,false),
  ('8fd34ba9-5dc5-49fa-b12d-6a6f815e0982','0f5d13f2-3829-405e-a876-277cf95cc3c0',50,true),
  ('68769c6a-259f-4b09-bd34-25e19d72f62a','53b4f788-2af4-4c71-a8e2-092a04b1a3b2',116,true),
  ('09cf43fd-e29d-4c78-b9c5-42af9c230474','fabe83a8-47a1-4b38-a84c-8537483a6181',4,true),
  ('8fd34ba9-5dc5-49fa-b12d-6a6f815e0982','04d3ef92-743c-4894-b151-f8c9269d71c2',171,false),
  ('6457117a-ce37-4f2a-a0bf-7f008b544ae3','d183fbcf-eaa8-4a1f-ae0d-2a53df24257e',55,true),
  ('68769c6a-259f-4b09-bd34-25e19d72f62a','7c93d5c3-0454-4654-b84f-b00480cee39e',58,true),
  ('ee07c52d-878c-4da6-b17f-f6a409cda90e','f077ff87-1e94-4ebb-810c-ef01b7ca2e06',121,true),
  ('542c402b-747c-4190-9239-627abdef9e02','f077ff87-1e94-4ebb-810c-ef01b7ca2e06',110,true),
  ('8546874d-dae3-487b-9876-953415a580c0','9436a91e-b2d1-4d65-a058-308db187e32e',123,false),
  ('1633e38c-8de6-4de3-aa95-d5d7919f5fbb','5c748e6f-cd1c-402f-8b18-791ac38598d4',16,false),
  ('e71b73a3-44bf-434a-8a1d-bf2444e5fcf4','415592cd-bd60-41ec-87c9-5d0e91d19d4b',11,true),
  ('d75a3e8f-2bdd-4fde-aea4-c3f52436d9e6','5ac0b251-b2a8-4808-9a1b-95f213af8a57',100,false),
  ('ee07c52d-878c-4da6-b17f-f6a409cda90e','7229fe38-1d68-42f8-b5a5-4c35fc811971',32,false),
  ('8fd34ba9-5dc5-49fa-b12d-6a6f815e0982','bd4ad40d-a482-44b2-a876-68f0d03622db',191,false),
  ('68769c6a-259f-4b09-bd34-25e19d72f62a','7e038577-3229-48a2-8c39-90601869f9f9',14,true),
  ('8fd34ba9-5dc5-49fa-b12d-6a6f815e0982','5c748e6f-cd1c-402f-8b18-791ac38598d4',16,false),
  ('eba4ab51-532c-4f5b-9fc8-9ad18da92702','39066240-6c13-4880-a46c-1a1942a8acfa',36,false),
  ('1dcfb27d-fd67-4997-80b6-1c67f9139b29','7e038577-3229-48a2-8c39-90601869f9f9',112,false),
  ('475561ea-de8e-4478-81d6-609724fca985','70996c1a-8743-4e1a-abf1-0c78a423e9b2',44,false),
  ('70ff8fac-6f0b-4795-9705-ed664c55f040','9598e8fc-865a-42a1-8d4c-f7e9afee6f90',58,false),
  ('68769c6a-259f-4b09-bd34-25e19d72f62a','de7d0c8e-72d6-49ba-aee9-a8b242feab94',4,false),
  ('70ff8fac-6f0b-4795-9705-ed664c55f040','0cb7ce72-1b30-4c24-bb9b-7414dd75ecc2',94,false),
  ('460675e5-0121-407b-803b-2e10117beb42','e93e25f5-e15a-4c3a-9ad8-8c2bd02cff4c',125,false),
  ('70ff8fac-6f0b-4795-9705-ed664c55f040','ced522bf-c62f-42a6-972f-31d2e271dec2',86,false),
  ('09cf43fd-e29d-4c78-b9c5-42af9c230474','a0d89b77-8930-47ce-b51a-dfb990254e6e',53,true),
  ('df437436-8fcc-47da-b19f-02a525a8f695','d954bd65-3418-4749-8a4d-3d5e3e6ee633',155,true),
  ('e81b7531-1b0d-46b7-9b79-463e03b01c3c','9cd8a491-4fff-422a-91b1-7bb7d0f040b3',70,true),
  ('d75a3e8f-2bdd-4fde-aea4-c3f52436d9e6','6db8b1cf-bb07-4e80-aa60-889714de7590',13,false),
  ('653515ee-372f-4074-a45b-4136f46952a9','0a070fa4-8d48-45f6-97c9-4afed3ad48b5',93,true),
  ('653515ee-372f-4074-a45b-4136f46952a9','57472148-b885-4897-82dd-1e94f390a04a',16,false),
  ('6457117a-ce37-4f2a-a0bf-7f008b544ae3','b98836db-866b-4c49-b4e2-c7b6cd85f9c7',84,true),
  ('68769c6a-259f-4b09-bd34-25e19d72f62a','9555ae05-e4d3-4a25-ab2b-7e6448e4b5e2',115,true),
  ('8546874d-dae3-487b-9876-953415a580c0','31d4b082-ecd2-4a9b-aa14-66fd360ecc21',74,false),
  ('d75a3e8f-2bdd-4fde-aea4-c3f52436d9e6','59d30c55-f1b5-4b9a-a6d2-24ab72700b86',99,true),
  ('70ff8fac-6f0b-4795-9705-ed664c55f040','6ecbd92d-e3a0-44d2-a6cb-87fb2130a28b',44,false),
  ('8fd34ba9-5dc5-49fa-b12d-6a6f815e0982','070ecc18-468f-4011-9aa0-855959749e55',177,false),
  ('e71b73a3-44bf-434a-8a1d-bf2444e5fcf4','8311d831-eaee-4b7e-8e84-e071f5a9f8dc',139,false),
  ('475561ea-de8e-4478-81d6-609724fca985','23ad3e72-f0b7-4a05-bc5e-6e71924a7242',11,false),
  ('33b9147a-36f5-4a54-b70e-80acc20a2ee7','721b0097-a698-4c52-add1-501ee04265a2',108,true),
  ('e81b7531-1b0d-46b7-9b79-463e03b01c3c','73c8f471-04c3-40d0-b89e-1288418f67b6',74,true),
  ('09cf43fd-e29d-4c78-b9c5-42af9c230474','8b1c5d26-28ba-4b77-9e62-730892194ec5',11,false),
  ('df437436-8fcc-47da-b19f-02a525a8f695','9f5892dc-2d24-410f-a0f8-b9b0c092b805',7,false),
  ('ee07c52d-878c-4da6-b17f-f6a409cda90e','6f500f59-515b-4673-a6f4-2c614d1d08b1',61,true),
  ('475561ea-de8e-4478-81d6-609724fca985','c768882f-efdb-402e-8589-a1bbdb238330',118,false),
  ('58c074ac-7d9e-483f-9a61-0e94f32dc59d','3d56133f-0809-4a04-b19f-cdc4481fc922',51,true),
  ('52e2d29c-f30f-4031-86e6-1771ea51f376','6ba17caf-fc02-4d8d-95a6-b0150ed63ba0',102,true),
  ('e71b73a3-44bf-434a-8a1d-bf2444e5fcf4','0875a857-11cc-46f3-8cc9-31fa65e15bf5',19,true),
  ('3bd6b7aa-58a1-42b1-b2b1-85c9039bda36','545b008c-9f1f-4437-96d0-c9159d4e90d2',15,false),
  ('8fd34ba9-5dc5-49fa-b12d-6a6f815e0982','05264e17-560b-48c5-9467-4c45ac417520',55,true),
  ('542c402b-747c-4190-9239-627abdef9e02','a8a1d7a3-ed03-42ec-9923-741bfeee01ca',69,false),
  ('1dcfb27d-fd67-4997-80b6-1c67f9139b29','bb8b3971-adf7-4503-a815-87037e893ec6',79,false),
  ('3bd6b7aa-58a1-42b1-b2b1-85c9039bda36','ae9a2315-b73d-44a2-a309-611a7214289b',110,true),
  ('52e2d29c-f30f-4031-86e6-1771ea51f376','d300e764-9583-4b59-97b8-c0698978f080',39,true),
  ('e81b7531-1b0d-46b7-9b79-463e03b01c3c','cf4e1b47-2bf1-45e8-b123-1f7887d24af9',12,true),
  ('7e1ca4cd-e152-4100-8acc-c41288fe1b52','4010a149-feb0-469b-b0e1-4853f90a4091',109,true),
  ('8393081b-9ead-417e-b3f1-ad62ccfbd6db','b9fdb583-4bee-4139-a631-4c53a802812c',5,true),
  ('7e1ca4cd-e152-4100-8acc-c41288fe1b52','c768882f-efdb-402e-8589-a1bbdb238330',118,false),
  ('70ff8fac-6f0b-4795-9705-ed664c55f040','eab88550-1974-48d6-8f4c-8167d226bf71',57,false),
  ('542c402b-747c-4190-9239-627abdef9e02','301b205f-c992-4213-92a1-be161819cf2d',79,true),
  ('58c074ac-7d9e-483f-9a61-0e94f32dc59d','96249cbc-0b54-472f-9e3d-34e96f7fb530',2,false),
  ('8fd34ba9-5dc5-49fa-b12d-6a6f815e0982','930d0baa-7089-4eac-b931-0bec82877dd5',52,true),
  ('ee07c52d-878c-4da6-b17f-f6a409cda90e','95b4cf17-fa4b-4981-a494-11490c8ca8ed',58,true),
  ('1633e38c-8de6-4de3-aa95-d5d7919f5fbb','15973b6a-7e0c-4100-baec-949fc24a4882',154,false),
  ('eba4ab51-532c-4f5b-9fc8-9ad18da92702','a91f91b6-bbbf-4a01-98e7-3d6ead54a4a3',29,true),
  ('ee07c52d-878c-4da6-b17f-f6a409cda90e','cf833a7a-aa59-4bbd-8e6d-b52b8a78134a',31,false),
  ('33b9147a-36f5-4a54-b70e-80acc20a2ee7','a6ed7b89-558a-48ef-81ae-92c217fa0402',64,true),
  ('7e1ca4cd-e152-4100-8acc-c41288fe1b52','f555ec56-be0b-47d3-a53c-67abe7b61187',35,false),
  ('475561ea-de8e-4478-81d6-609724fca985','64ef8968-40fb-433c-97e1-a06fd6d33fd0',7,false),
  ('1dcfb27d-fd67-4997-80b6-1c67f9139b29','87ab2239-aabc-4212-bfe5-90bfc12757db',115,false),
  ('68769c6a-259f-4b09-bd34-25e19d72f62a','cf833a7a-aa59-4bbd-8e6d-b52b8a78134a',20,false),
  ('eba4ab51-532c-4f5b-9fc8-9ad18da92702','1efe963b-4245-4a2f-8166-83d79bc99635',43,false),
  ('8393081b-9ead-417e-b3f1-ad62ccfbd6db','e7bdf806-e10f-4525-8f95-8fd738af827e',35,false),
  ('58c074ac-7d9e-483f-9a61-0e94f32dc59d','bcc8e77f-517b-4fa8-b994-6864c51e8ea4',9,false),
  ('ee07c52d-878c-4da6-b17f-f6a409cda90e','82e6fc08-6eaa-4801-98b8-0a8934347d25',6,false),
  ('1dcfb27d-fd67-4997-80b6-1c67f9139b29','70996c1a-8743-4e1a-abf1-0c78a423e9b2',44,false),
  ('3bd6b7aa-58a1-42b1-b2b1-85c9039bda36','251b00d7-eeea-4a23-b9ac-495b8b3ae16d',121,false),
  ('09cf43fd-e29d-4c78-b9c5-42af9c230474','d077beb4-1b04-4ecd-9ac1-6691402ee8d4',5,true),
  ('e6f09199-f1b5-4709-9cef-cc33df416523','d5d97fe0-2fe7-4261-a979-3a28b899d5c2',26,true),
  ('df437436-8fcc-47da-b19f-02a525a8f695','c6b79623-df67-407a-bc18-5342ee5262da',193,true),
  ('1633e38c-8de6-4de3-aa95-d5d7919f5fbb','9e6370ae-7ca7-4b53-970b-3d5b0885fb99',91,true),
  ('1633e38c-8de6-4de3-aa95-d5d7919f5fbb','883e37b1-65ca-4525-a501-d995422ccc4f',71,true),
  ('68769c6a-259f-4b09-bd34-25e19d72f62a','87ab2239-aabc-4212-bfe5-90bfc12757db',11,true),
  ('475561ea-de8e-4478-81d6-609724fca985','5ac0b251-b2a8-4808-9a1b-95f213af8a57',100,false),
  ('460675e5-0121-407b-803b-2e10117beb42','a0e820aa-7820-4971-8bfc-92ee0442788a',102,true),
  ('58c074ac-7d9e-483f-9a61-0e94f32dc59d','0a393dc4-cb63-4ebd-b638-8c4477bba93c',31,false),
  ('1dcfb27d-fd67-4997-80b6-1c67f9139b29','9ecdff88-788f-4c9f-95f7-3a1da983ef9b',107,true),
  ('1633e38c-8de6-4de3-aa95-d5d7919f5fbb','0d9f3607-8c72-41f6-93d9-57470c8bf827',108,false),
  ('e81b7531-1b0d-46b7-9b79-463e03b01c3c','d388c1fe-508a-43dd-aaa0-43184c69ca44',41,true),
  ('e71b73a3-44bf-434a-8a1d-bf2444e5fcf4','df1c72b1-aced-48e9-aa9c-aa04df5d0aca',50,true),
  ('8fd34ba9-5dc5-49fa-b12d-6a6f815e0982','0e0f17d7-092b-49d3-8248-99b74bcb335e',143,false),
  ('e71b73a3-44bf-434a-8a1d-bf2444e5fcf4','534e0edf-879b-4334-a4db-a2d3b781e139',57,true),
  ('460675e5-0121-407b-803b-2e10117beb42','0f9356e0-c3a2-42a3-b709-1d635a9a0a7d',61,true),
  ('8393081b-9ead-417e-b3f1-ad62ccfbd6db','2e6d019d-85e1-4a5f-a6a2-5e8f3ced45cb',15,true),
  ('eba4ab51-532c-4f5b-9fc8-9ad18da92702','8b4e7177-8d41-4146-8cbc-76df7a0f3cd4',37,false),
  ('d75a3e8f-2bdd-4fde-aea4-c3f52436d9e6','3a2d108d-da86-477d-a415-932053067242',92,false),
  ('58c074ac-7d9e-483f-9a61-0e94f32dc59d','956d4cc6-d88f-41e3-be45-3a44ab2b676f',57,true),
  ('475561ea-de8e-4478-81d6-609724fca985','251b00d7-eeea-4a23-b9ac-495b8b3ae16d',121,false),
  ('6457117a-ce37-4f2a-a0bf-7f008b544ae3','75b8b228-89cf-4eb3-a863-55fa666fc8b7',40,true),
  ('8fd34ba9-5dc5-49fa-b12d-6a6f815e0982','5aa66c9f-75d8-4cda-ad5e-fd149e542d1d',132,false),
  ('653515ee-372f-4074-a45b-4136f46952a9','a33eb8d1-47a8-47de-b975-668fb2fc113f',46,false),
  ('8393081b-9ead-417e-b3f1-ad62ccfbd6db','1c19e56e-2a61-4b7d-b5d0-393535c8bd78',100,false),
  ('58c074ac-7d9e-483f-9a61-0e94f32dc59d','04d3ef92-743c-4894-b151-f8c9269d71c2',171,false),
  ('8393081b-9ead-417e-b3f1-ad62ccfbd6db','d63f3d79-1876-4d1e-8dd3-df986f18b8ff',77,false),
  ('d75a3e8f-2bdd-4fde-aea4-c3f52436d9e6','8ea367e5-a5ee-4d72-b0b6-272e56e9afd9',141,true),
  ('ee07c52d-878c-4da6-b17f-f6a409cda90e','ae2db9bb-88e6-4b9b-9372-48a7b0415596',84,false),
  ('653515ee-372f-4074-a45b-4136f46952a9','8adbdbc4-a54a-45ed-9af5-59c3b3b9eaf3',54,false),
  ('eba4ab51-532c-4f5b-9fc8-9ad18da92702','e0dc30c2-b203-4542-a18a-df3762566f77',65,false),
  ('8393081b-9ead-417e-b3f1-ad62ccfbd6db','28a351f7-335d-4711-88f3-25b217ede4f6',62,false),
  ('8546874d-dae3-487b-9876-953415a580c0','b5ba133a-e2c2-487e-92ea-a76b4bb8effa',111,true),
  ('df437436-8fcc-47da-b19f-02a525a8f695','89632d15-c026-4d64-991a-fe3b42ea67ff',94,false),
  ('653515ee-372f-4074-a45b-4136f46952a9','31d4b082-ecd2-4a9b-aa14-66fd360ecc21',74,false),
  ('1633e38c-8de6-4de3-aa95-d5d7919f5fbb','e2a5f29b-acc7-4ab6-abfe-a03aedee5cf3',83,false),
  ('e81b7531-1b0d-46b7-9b79-463e03b01c3c','ebdafd46-abb1-4df6-8202-d60dba92c7b2',75,true),
  ('8fd34ba9-5dc5-49fa-b12d-6a6f815e0982','1443042d-eee0-46f1-9b6a-54028b872f6b',107,false),
  ('58c074ac-7d9e-483f-9a61-0e94f32dc59d','883e37b1-65ca-4525-a501-d995422ccc4f',71,true),
  ('09cf43fd-e29d-4c78-b9c5-42af9c230474','1de53f96-aed0-40d7-bf1d-815c2aa9798d',28,false),
  ('7e1ca4cd-e152-4100-8acc-c41288fe1b52','5ac0b251-b2a8-4808-9a1b-95f213af8a57',100,false),
  ('df437436-8fcc-47da-b19f-02a525a8f695','833bb99f-f47e-4f2b-be8c-87e7a8424138',83,true),
  ('e6f09199-f1b5-4709-9cef-cc33df416523','af25f631-4f48-495c-83e2-1f20772bd6db',98,false),
  ('d75a3e8f-2bdd-4fde-aea4-c3f52436d9e6','64ef8968-40fb-433c-97e1-a06fd6d33fd0',7,false),
  ('1633e38c-8de6-4de3-aa95-d5d7919f5fbb','c57d64c5-1bb6-4e53-b9f7-73d8027f7c05',174,false),
  ('8546874d-dae3-487b-9876-953415a580c0','51df5516-1155-4d34-82d3-1407e195df67',36,false),
  ('7e1ca4cd-e152-4100-8acc-c41288fe1b52','75b8b228-89cf-4eb3-a863-55fa666fc8b7',84,false),
  ('460675e5-0121-407b-803b-2e10117beb42','866c63b1-9b0d-462f-887e-d7890035d493',15,true),
  ('58c074ac-7d9e-483f-9a61-0e94f32dc59d','e544e1c9-464b-4ee0-9122-41438bdd55ab',86,true),
  ('7c683a01-b165-4d05-baab-d36f93a3f32f','30c4b09d-b250-41ee-8d37-9b03d89702f4',63,true),
  ('ee07c52d-878c-4da6-b17f-f6a409cda90e','fd7c9a21-a50f-4ef9-8fbe-c64b12757f63',44,true),
  ('542c402b-747c-4190-9239-627abdef9e02','5ac0b251-b2a8-4808-9a1b-95f213af8a57',24,true),
  ('1633e38c-8de6-4de3-aa95-d5d7919f5fbb','2abf4bc0-0e7c-423c-b49a-a25439b9e02b',62,true),
  ('3bd6b7aa-58a1-42b1-b2b1-85c9039bda36','dd197b18-2747-4279-bb33-6c2d34376b59',123,true),
  ('6457117a-ce37-4f2a-a0bf-7f008b544ae3','ed73a909-5814-4480-b944-5392e9741390',117,true),
  ('1dcfb27d-fd67-4997-80b6-1c67f9139b29','d98aac0e-3f29-468c-b9bd-a160e5208f75',47,false),
  ('ee07c52d-878c-4da6-b17f-f6a409cda90e','490e3571-3002-413b-82db-2b6d1a34e1f4',88,true),
  ('33b9147a-36f5-4a54-b70e-80acc20a2ee7','7e038577-3229-48a2-8c39-90601869f9f9',14,true),
  ('58c074ac-7d9e-483f-9a61-0e94f32dc59d','7b2ec403-1bad-4790-847c-f7f11dd96e5c',142,false),
  ('58c074ac-7d9e-483f-9a61-0e94f32dc59d','9b69d3d7-6c06-4b9e-bd48-406d36f973cb',65,true),
  ('475561ea-de8e-4478-81d6-609724fca985','418df147-cab4-4e35-96b8-788e87ac750f',23,false),
  ('7c683a01-b165-4d05-baab-d36f93a3f32f','c6b79623-df67-407a-bc18-5342ee5262da',182,true),
  ('ee07c52d-878c-4da6-b17f-f6a409cda90e','cffc080b-9d51-4aaf-b013-07057b08c002',118,true),
  ('6457117a-ce37-4f2a-a0bf-7f008b544ae3','52182f4d-35ed-423d-8c3b-41d070fb4ed6',27,true),
  ('eba4ab51-532c-4f5b-9fc8-9ad18da92702','3dea3ce5-77f2-4b3b-9f15-315d1d878fa2',57,false),
  ('df437436-8fcc-47da-b19f-02a525a8f695','eb532a2a-e6cb-4ee9-badf-78271c8a35a3',200,true),
  ('58c074ac-7d9e-483f-9a61-0e94f32dc59d','a85af458-fc20-42a7-b202-2be351e0609d',103,false),
  ('1dcfb27d-fd67-4997-80b6-1c67f9139b29','22288a69-ac19-4ff5-9521-7895a0bca993',27,false),
  ('653515ee-372f-4074-a45b-4136f46952a9','fd7c9a21-a50f-4ef9-8fbe-c64b12757f63',91,false),
  ('653515ee-372f-4074-a45b-4136f46952a9','70ad6ab5-5444-4ade-ae1b-c2cf016a7ada',28,false),
  ('52e2d29c-f30f-4031-86e6-1771ea51f376','e6e676ed-51f4-4530-a420-3d65bcb97540',61,true),
  ('09cf43fd-e29d-4c78-b9c5-42af9c230474','37e50a32-673c-49e9-9824-e3e7c978bdfd',85,true),
  ('6457117a-ce37-4f2a-a0bf-7f008b544ae3','d7c630f0-b01d-4d46-9e20-7b0305cc9046',12,true),
  ('8546874d-dae3-487b-9876-953415a580c0','beedea70-ed67-4181-aab2-dd97839fb476',139,true),
  ('8393081b-9ead-417e-b3f1-ad62ccfbd6db','6277a898-1d46-4fb8-b622-91b09c9ae177',37,false),
  ('460675e5-0121-407b-803b-2e10117beb42','0a082979-4ad5-4336-8cf9-5b888141c149',160,true),
  ('df437436-8fcc-47da-b19f-02a525a8f695','b7ae83e9-7dc2-4717-ade6-7acf7b2934d9',32,true),
  ('70ff8fac-6f0b-4795-9705-ed664c55f040','dee558f1-45c7-4000-8850-ef731f82d5cc',101,false),
  ('8546874d-dae3-487b-9876-953415a580c0','222099c0-3aa4-4980-8d54-22ecf0b0637f',130,true),
  ('e6f09199-f1b5-4709-9cef-cc33df416523','f467c58c-f400-44a5-9afd-6aced208bfec',5,false),
  ('e71b73a3-44bf-434a-8a1d-bf2444e5fcf4','80379c93-0b2b-4c03-b578-53f4e0af7333',39,true),
  ('8393081b-9ead-417e-b3f1-ad62ccfbd6db','1009cedd-2eb3-4b3e-891e-3c1c25740292',10,true),
  ('09cf43fd-e29d-4c78-b9c5-42af9c230474','9c71b1ea-e325-4ad3-9da7-e04f465eff49',77,true),
  ('475561ea-de8e-4478-81d6-609724fca985','af59bb6c-706d-49b6-bd9a-9045f9a14e95',83,false),
  ('d75a3e8f-2bdd-4fde-aea4-c3f52436d9e6','a9ffeae3-cfdd-4711-a722-3c735db8746a',77,false),
  ('8546874d-dae3-487b-9876-953415a580c0','532b3514-8072-4ad3-ab4c-5cc1c20be1f4',34,false),
  ('460675e5-0121-407b-803b-2e10117beb42','110cf47c-2b08-4fbf-b4c7-04dfda3cc315',79,true),
  ('ee07c52d-878c-4da6-b17f-f6a409cda90e','80d885a3-6bee-40d4-a838-61d36facee26',92,true),
  ('7e1ca4cd-e152-4100-8acc-c41288fe1b52','3af32413-f8da-4404-be9d-e00422c473cb',105,true),
  ('ee07c52d-878c-4da6-b17f-f6a409cda90e','6d00a8ab-8130-4670-a3fb-741732217049',123,true),
  ('8546874d-dae3-487b-9876-953415a580c0','09f0bd4e-d2a6-48f1-afa9-f8dc11f9cc01',113,false),
  ('8fd34ba9-5dc5-49fa-b12d-6a6f815e0982','83571253-b0e2-4b4c-826d-2f5a2237335e',7,false),
  ('7c683a01-b165-4d05-baab-d36f93a3f32f','110cf47c-2b08-4fbf-b4c7-04dfda3cc315',68,true),
  ('542c402b-747c-4190-9239-627abdef9e02','70ad6ab5-5444-4ade-ae1b-c2cf016a7ada',92,true),
  ('460675e5-0121-407b-803b-2e10117beb42','c1b8ca3b-7893-4caf-8582-69f81834486e',97,true),
  ('6457117a-ce37-4f2a-a0bf-7f008b544ae3','3baaf2fc-1505-42f5-a0db-2f1598438f87',38,true),
  ('7c683a01-b165-4d05-baab-d36f93a3f32f','1317daae-205a-44cd-ad78-7cde2cf16666',32,true),
  ('8fd34ba9-5dc5-49fa-b12d-6a6f815e0982','3bfeecad-2a84-4ab6-83e7-3954a5f78fde',27,false),
  ('8fd34ba9-5dc5-49fa-b12d-6a6f815e0982','9bc8a44d-42d1-415b-9392-5f5d70da1f76',48,true),
  ('1633e38c-8de6-4de3-aa95-d5d7919f5fbb','e93e25f5-e15a-4c3a-9ad8-8c2bd02cff4c',78,true),
  ('8393081b-9ead-417e-b3f1-ad62ccfbd6db','ea1cdb15-60ac-4f77-88fa-0ff6de8fc034',91,false),
  ('3bd6b7aa-58a1-42b1-b2b1-85c9039bda36','532b3514-8072-4ad3-ab4c-5cc1c20be1f4',34,false),
  ('df437436-8fcc-47da-b19f-02a525a8f695','d004f92c-cf61-4e97-aeae-20fa0c836aa8',81,true),
  ('7c683a01-b165-4d05-baab-d36f93a3f32f','85ab10e9-9144-4d41-9e8c-0b5c1b24b2ad',22,true),
  ('8393081b-9ead-417e-b3f1-ad62ccfbd6db','6735a634-e07b-42a8-9dc3-441a24402944',48,false),
  ('3bd6b7aa-58a1-42b1-b2b1-85c9039bda36','a111be63-0fdf-4fac-af98-02dc4d3b8871',0,false),
  ('653515ee-372f-4074-a45b-4136f46952a9','7e038577-3229-48a2-8c39-90601869f9f9',112,false),
  ('e71b73a3-44bf-434a-8a1d-bf2444e5fcf4','c560a3d2-106f-4536-8c19-5c1fbd26de56',121,true),
  ('58c074ac-7d9e-483f-9a61-0e94f32dc59d','930d0baa-7089-4eac-b931-0bec82877dd5',52,true),
  ('09cf43fd-e29d-4c78-b9c5-42af9c230474','6df35e8c-6adf-45ea-901f-152d50e73555',82,false),
  ('8393081b-9ead-417e-b3f1-ad62ccfbd6db','bfbe0db7-a8f6-4b04-8810-a945e9e6ad8d',0,false),
  ('460675e5-0121-407b-803b-2e10117beb42','fdecdcd6-0761-4959-8fd5-797828d4029a',51,true),
  ('7e1ca4cd-e152-4100-8acc-c41288fe1b52','6db8b1cf-bb07-4e80-aa60-889714de7590',13,false),
  ('7c683a01-b165-4d05-baab-d36f93a3f32f','d83e7fd5-3f05-4fc8-bf80-0c91c9ae729b',0,true),
  ('e71b73a3-44bf-434a-8a1d-bf2444e5fcf4','32f9dd82-8311-48b1-a8ae-d2a2d355ab9a',92,false),
  ('ee07c52d-878c-4da6-b17f-f6a409cda90e','c768882f-efdb-402e-8589-a1bbdb238330',19,true),
  ('653515ee-372f-4074-a45b-4136f46952a9','2c64e5e1-1917-44ce-a2b9-61031a30ab6f',17,false),
  ('460675e5-0121-407b-803b-2e10117beb42','597c75bd-146a-4732-9d3e-d3b5ddcba9e4',166,true),
  ('460675e5-0121-407b-803b-2e10117beb42','635db411-27f8-4f21-9481-3c08dd5daa66',163,true),
  ('460675e5-0121-407b-803b-2e10117beb42','4bdd2f6f-4b26-48ec-b293-4573f9001958',138,false),
  ('52e2d29c-f30f-4031-86e6-1771ea51f376','e2c89600-f406-46d0-b968-55f3219042bd',56,true),
  ('ee07c52d-878c-4da6-b17f-f6a409cda90e','3b70d195-a48d-46e4-b7b2-277de821aec6',10,true),
  ('e6f09199-f1b5-4709-9cef-cc33df416523','2cc4f0d1-da76-43ee-91e6-0021a911bd28',67,true),
  ('e71b73a3-44bf-434a-8a1d-bf2444e5fcf4','18c7e3da-1dbb-41a1-a841-1d0b71ca9998',7,true),
  ('7e1ca4cd-e152-4100-8acc-c41288fe1b52','0c14cc7d-b8ec-4cba-9f04-7b79a927aa6f',10,false),
  ('8fd34ba9-5dc5-49fa-b12d-6a6f815e0982','5fb0d38e-06d8-4db8-8160-b27fe233c9c7',89,true),
  ('3bd6b7aa-58a1-42b1-b2b1-85c9039bda36','dd4c97ff-c99d-4b26-b64e-e1be5a8b5173',108,true),
  ('70ff8fac-6f0b-4795-9705-ed664c55f040','811b635c-d60d-4d96-84a7-e5af7c40f3fe',118,false),
  ('33b9147a-36f5-4a54-b70e-80acc20a2ee7','101a41f0-baef-4525-9642-c55b7ae174bf',63,true),
  ('7e1ca4cd-e152-4100-8acc-c41288fe1b52','c1f87ed5-abb9-4903-8234-520e504109c5',95,true),
  ('475561ea-de8e-4478-81d6-609724fca985','87ab2239-aabc-4212-bfe5-90bfc12757db',115,false),
  ('8fd34ba9-5dc5-49fa-b12d-6a6f815e0982','e544e1c9-464b-4ee0-9122-41438bdd55ab',86,true),
  ('8fd34ba9-5dc5-49fa-b12d-6a6f815e0982','f3cfeac7-1705-4f9d-b3cb-13b612ccfa7e',49,true),
  ('1633e38c-8de6-4de3-aa95-d5d7919f5fbb','f4936526-65dd-483c-b8b3-d09a84f054bb',0,false),
  ('33b9147a-36f5-4a54-b70e-80acc20a2ee7','dbe5b791-60ca-44de-889d-aba0f689f01b',111,true),
  ('7c683a01-b165-4d05-baab-d36f93a3f32f','ee4b539e-6804-4b8c-b93a-18317b40da98',18,true),
  ('52e2d29c-f30f-4031-86e6-1771ea51f376','dbe5b791-60ca-44de-889d-aba0f689f01b',111,true),
  ('8393081b-9ead-417e-b3f1-ad62ccfbd6db','efd4e982-c28b-4335-a8cc-b28aeff3ee98',75,false),
  ('58c074ac-7d9e-483f-9a61-0e94f32dc59d','db5dab43-f2a5-4dfe-b30c-2d990d0e870a',90,false),
  ('8fd34ba9-5dc5-49fa-b12d-6a6f815e0982','b4ed8883-58e0-4ad2-9633-63b48f360f75',39,false),
  ('09cf43fd-e29d-4c78-b9c5-42af9c230474','e2c89600-f406-46d0-b968-55f3219042bd',67,true),
  ('475561ea-de8e-4478-81d6-609724fca985','e5eea887-a655-420a-b6f0-785dc47def7f',51,false),
  ('8fd34ba9-5dc5-49fa-b12d-6a6f815e0982','7e06304c-65cc-4d3b-aa1a-936d8a04a7b4',98,false),
  ('58c074ac-7d9e-483f-9a61-0e94f32dc59d','a4fbf62b-c272-41cf-8f84-2d72f7795fe6',187,false),
  ('6457117a-ce37-4f2a-a0bf-7f008b544ae3','22288a69-ac19-4ff5-9521-7895a0bca993',93,true),
  ('7c683a01-b165-4d05-baab-d36f93a3f32f','3e0887e2-4cd3-4511-8508-20b3227d9d47',9,true),
  ('6457117a-ce37-4f2a-a0bf-7f008b544ae3','d36181b8-c328-43a3-9400-9cb41c8d689c',72,false),
  ('8fd34ba9-5dc5-49fa-b12d-6a6f815e0982','412f9120-c9fa-4482-b272-5849a50792ff',84,true),
  ('70ff8fac-6f0b-4795-9705-ed664c55f040','e86909eb-9b41-4b4b-93de-549ef6bfeb71',23,false),
  ('8fd34ba9-5dc5-49fa-b12d-6a6f815e0982','e2a5f29b-acc7-4ab6-abfe-a03aedee5cf3',83,false),
  ('ee07c52d-878c-4da6-b17f-f6a409cda90e','9c71b1ea-e325-4ad3-9da7-e04f465eff49',77,true),
  ('eba4ab51-532c-4f5b-9fc8-9ad18da92702','25e586ab-fb6f-4299-83c9-6273d67f9607',78,true),
  ('09cf43fd-e29d-4c78-b9c5-42af9c230474','721b0097-a698-4c52-add1-501ee04265a2',119,true),
  ('542c402b-747c-4190-9239-627abdef9e02','ea68b4b0-9df0-418c-a65b-334575c5794e',103,true),
  ('1633e38c-8de6-4de3-aa95-d5d7919f5fbb','e0790599-7cea-4799-8c2c-b29a057681b8',160,false),
  ('d75a3e8f-2bdd-4fde-aea4-c3f52436d9e6','bdb3e9e4-4e66-428e-b517-bd0fef6063e8',71,false),
  ('52e2d29c-f30f-4031-86e6-1771ea51f376','418df147-cab4-4e35-96b8-788e87ac750f',97,true),
  ('70ff8fac-6f0b-4795-9705-ed664c55f040','eb099b21-d8f4-432b-ad65-d0e1dea9488a',34,false),
  ('7e1ca4cd-e152-4100-8acc-c41288fe1b52','19a4d582-00fa-4aa3-9d64-cd682fa4d67a',42,false),
  ('475561ea-de8e-4478-81d6-609724fca985','09263f12-9edd-4dd9-aa26-cc9fd5aab62e',5,true),
  ('e81b7531-1b0d-46b7-9b79-463e03b01c3c','3a680185-9b2f-4f55-b50a-f16b03c82cb4',16,true),
  ('542c402b-747c-4190-9239-627abdef9e02','b6879a79-d7df-43e0-bf65-b2abfd939a6f',37,true),
  ('70ff8fac-6f0b-4795-9705-ed664c55f040','88929ebc-3b80-49cf-a466-c926845c4a7f',112,false),
  ('ee07c52d-878c-4da6-b17f-f6a409cda90e','3baaf2fc-1505-42f5-a0db-2f1598438f87',49,true),
  ('653515ee-372f-4074-a45b-4136f46952a9','09f0bd4e-d2a6-48f1-afa9-f8dc11f9cc01',113,false),
  ('e81b7531-1b0d-46b7-9b79-463e03b01c3c','75535a7b-3cd8-4707-aaf2-13a749a01c9b',30,true),
  ('58c074ac-7d9e-483f-9a61-0e94f32dc59d','68ba7872-46c6-4552-bdbd-b09710883765',113,false),
  ('7e1ca4cd-e152-4100-8acc-c41288fe1b52','70ad6ab5-5444-4ade-ae1b-c2cf016a7ada',28,false),
  ('e6f09199-f1b5-4709-9cef-cc33df416523','c889c93b-ae26-48cf-9791-132b68050ccc',94,false),
  ('6457117a-ce37-4f2a-a0bf-7f008b544ae3','70ad6ab5-5444-4ade-ae1b-c2cf016a7ada',92,true),
  ('1633e38c-8de6-4de3-aa95-d5d7919f5fbb','4c51c76a-bdd8-44c1-8ea5-94c0cccf9bb5',172,false),
  ('653515ee-372f-4074-a45b-4136f46952a9','4c1ff6bf-59b1-44e0-b423-704ee9d658e6',55,false),
  ('8393081b-9ead-417e-b3f1-ad62ccfbd6db','ca6c91a2-ce9d-4122-910d-eb15d5e6538c',57,false),
  ('09cf43fd-e29d-4c78-b9c5-42af9c230474','bd115f63-7988-43e8-aed2-01ece92e5508',116,true),
  ('3bd6b7aa-58a1-42b1-b2b1-85c9039bda36','6b8306db-fa93-418e-9775-59f25476ad42',57,false),
  ('09cf43fd-e29d-4c78-b9c5-42af9c230474','09f0bd4e-d2a6-48f1-afa9-f8dc11f9cc01',24,true),
  ('460675e5-0121-407b-803b-2e10117beb42','3dda112e-d472-4fc0-a4bc-d67fa1792ac6',5,false),
  ('09cf43fd-e29d-4c78-b9c5-42af9c230474','a6ed7b89-558a-48ef-81ae-92c217fa0402',75,true),
  ('8393081b-9ead-417e-b3f1-ad62ccfbd6db','e27b2fad-bf73-4853-a764-e1261d337f53',32,false),
  ('542c402b-747c-4190-9239-627abdef9e02','6f500f59-515b-4673-a6f4-2c614d1d08b1',50,true),
  ('ee07c52d-878c-4da6-b17f-f6a409cda90e','6ba17caf-fc02-4d8d-95a6-b0150ed63ba0',113,true),
  ('7c683a01-b165-4d05-baab-d36f93a3f32f','b6ff914e-4e1e-4df5-af08-37d523dd0608',78,true),
  ('1633e38c-8de6-4de3-aa95-d5d7919f5fbb','3b16e5f0-6e14-4152-af19-f27e7be33004',59,false),
  ('58c074ac-7d9e-483f-9a61-0e94f32dc59d','c8a58c75-e9d3-4f6a-8c41-553c4cb07101',176,false),
  ('58c074ac-7d9e-483f-9a61-0e94f32dc59d','192b85c4-d19d-4ca4-8590-e03a2c483bc6',151,false),
  ('e81b7531-1b0d-46b7-9b79-463e03b01c3c','6101a0d2-a307-4fea-8a93-d704b29c3d39',0,false),
  ('8546874d-dae3-487b-9876-953415a580c0','c1f87ed5-abb9-4903-8234-520e504109c5',95,true),
  ('460675e5-0121-407b-803b-2e10117beb42','d954bd65-3418-4749-8a4d-3d5e3e6ee633',155,true),
  ('eba4ab51-532c-4f5b-9fc8-9ad18da92702','108956b7-5580-4f31-9a03-3516bdb9df2c',97,true),
  ('1633e38c-8de6-4de3-aa95-d5d7919f5fbb','0f5d13f2-3829-405e-a876-277cf95cc3c0',50,true),
  ('58c074ac-7d9e-483f-9a61-0e94f32dc59d','a7bd2d24-9bdb-46ab-83b3-1a41eabf739d',73,false),
  ('1dcfb27d-fd67-4997-80b6-1c67f9139b29','e402fd5a-c394-488a-b1ee-63a9b9f3ee25',89,false),
  ('542c402b-747c-4190-9239-627abdef9e02','00c562fc-fa9a-49c5-86a0-ac8faed03e4d',60,true),
  ('7c683a01-b165-4d05-baab-d36f93a3f32f','c02932d1-c4de-4145-b375-8aa26967e017',158,true),
  ('68769c6a-259f-4b09-bd34-25e19d72f62a','043f18d4-a5f0-4f75-931f-0101ff5b1259',68,false),
  ('d75a3e8f-2bdd-4fde-aea4-c3f52436d9e6','eeaed413-e52f-46d9-ab56-fbd1b1821495',135,false),
  ('1633e38c-8de6-4de3-aa95-d5d7919f5fbb','1af7e67b-3aa6-46a0-980a-1bc0875d2bdd',130,false),
  ('df437436-8fcc-47da-b19f-02a525a8f695','185b84d6-bcf4-498f-a3ee-922f2ca10751',93,false),
  ('8fd34ba9-5dc5-49fa-b12d-6a6f815e0982','39dd7e4e-94d7-4a2d-976f-7148533e59fe',150,false),
  ('68769c6a-259f-4b09-bd34-25e19d72f62a','b68d2cce-6b01-4f23-b50a-a3869c63da75',100,true),
  ('7c683a01-b165-4d05-baab-d36f93a3f32f','59d30c55-f1b5-4b9a-a6d2-24ab72700b86',1,false),
  ('8fd34ba9-5dc5-49fa-b12d-6a6f815e0982','ff153154-91f5-4de1-84bb-7c189502bb76',30,false),
  ('542c402b-747c-4190-9239-627abdef9e02','0aa6e077-7fb9-4d57-802f-0446f23062e1',70,true),
  ('1633e38c-8de6-4de3-aa95-d5d7919f5fbb','1592ea26-b1d5-4f49-9e47-ffdcf1da093a',87,true),
  ('7e1ca4cd-e152-4100-8acc-c41288fe1b52','9e38f508-3704-46be-ab6e-17e6e856222c',88,false),
  ('3bd6b7aa-58a1-42b1-b2b1-85c9039bda36','d98aac0e-3f29-468c-b9bd-a160e5208f75',47,false),
  ('68769c6a-259f-4b09-bd34-25e19d72f62a','9e38f508-3704-46be-ab6e-17e6e856222c',36,true),
  ('7c683a01-b165-4d05-baab-d36f93a3f32f','9a885301-9e46-4e85-9594-88617b4a1ff2',111,false),
  ('df437436-8fcc-47da-b19f-02a525a8f695','fc9e3b38-413a-42d8-86b8-4c145a458950',72,true),
  ('7c683a01-b165-4d05-baab-d36f93a3f32f','76c21849-9e07-4362-bf91-5ef76e9a49cb',26,true),
  ('7c683a01-b165-4d05-baab-d36f93a3f32f','fdecdcd6-0761-4959-8fd5-797828d4029a',40,true),
  ('df437436-8fcc-47da-b19f-02a525a8f695','09eafe6c-67c7-4a6b-8822-16837deae460',107,true),
  ('58c074ac-7d9e-483f-9a61-0e94f32dc59d','6b25e693-2bf5-4c07-82c0-a627fb2682de',195,false),
  ('8393081b-9ead-417e-b3f1-ad62ccfbd6db','3d98dbed-5a5f-4496-98e2-46aa7b7a6e4e',72,false),
  ('68769c6a-259f-4b09-bd34-25e19d72f62a','f4742294-0cec-41e6-9cd8-76ff3d1c6c02',109,true),
  ('7c683a01-b165-4d05-baab-d36f93a3f32f','5428c81b-011b-40d0-9596-94ed6fee43c4',31,true),
  ('eba4ab51-532c-4f5b-9fc8-9ad18da92702','8cc8e446-5610-45ea-9749-896713b3ff38',94,true),
  ('475561ea-de8e-4478-81d6-609724fca985','3018c128-693e-4955-8018-5e6770bbf1b6',76,false),
  ('8546874d-dae3-487b-9876-953415a580c0','9ecdff88-788f-4c9f-95f7-3a1da983ef9b',107,true),
  ('8546874d-dae3-487b-9876-953415a580c0','fcc9eb95-6be0-4850-bf75-6a3b2b8d5dd4',48,true),
  ('7c683a01-b165-4d05-baab-d36f93a3f32f','b5e43f46-9a30-4b3f-844c-846a4cac115f',104,false),
  ('e6f09199-f1b5-4709-9cef-cc33df416523','ec77af63-80f7-4ec6-a74a-07ddda08104e',97,false),
  ('1633e38c-8de6-4de3-aa95-d5d7919f5fbb','0e3fc60d-67f1-49b5-8cf5-0f2d18716c13',46,true),
  ('8546874d-dae3-487b-9876-953415a580c0','a78f0563-8cb9-4912-82f2-8fd6123b4938',65,false),
  ('475561ea-de8e-4478-81d6-609724fca985','bbf47daa-969e-4e16-a2d3-abb1568fbbd2',50,true),
  ('8546874d-dae3-487b-9876-953415a580c0','23ad3e72-f0b7-4a05-bc5e-6e71924a7242',11,false),
  ('70ff8fac-6f0b-4795-9705-ed664c55f040','13e2fed8-bfb7-4187-ab59-dd4ec7607032',148,false),
  ('653515ee-372f-4074-a45b-4136f46952a9','edbfc808-5df2-4741-bcde-8d3c03e32e58',120,false),
  ('09cf43fd-e29d-4c78-b9c5-42af9c230474','6ba17caf-fc02-4d8d-95a6-b0150ed63ba0',113,true),
  ('460675e5-0121-407b-803b-2e10117beb42','6834d576-7589-446b-9c31-bbbbcb981d71',39,true),
  ('58c074ac-7d9e-483f-9a61-0e94f32dc59d','f2217156-cae3-4632-b5c5-f96b8a6055f7',153,false),
  ('7e1ca4cd-e152-4100-8acc-c41288fe1b52','9f834a93-b8cc-46c3-af2b-16e2581709f4',43,false),
  ('df437436-8fcc-47da-b19f-02a525a8f695','ee4b539e-6804-4b8c-b93a-18317b40da98',29,true),
  ('1633e38c-8de6-4de3-aa95-d5d7919f5fbb','28f53ee2-c22a-463f-af31-67f3331b6fb1',181,false),
  ('09cf43fd-e29d-4c78-b9c5-42af9c230474','0aa6e077-7fb9-4d57-802f-0446f23062e1',81,true),
  ('e71b73a3-44bf-434a-8a1d-bf2444e5fcf4','945a1521-adcf-4035-b434-451aa0bb3305',103,true),
  ('8393081b-9ead-417e-b3f1-ad62ccfbd6db','3a680185-9b2f-4f55-b50a-f16b03c82cb4',83,false),
  ('8393081b-9ead-417e-b3f1-ad62ccfbd6db','6b887268-c182-422a-ac59-d0c895a9a3c4',46,false),
  ('58c074ac-7d9e-483f-9a61-0e94f32dc59d','e2a5f29b-acc7-4ab6-abfe-a03aedee5cf3',83,false),
  ('58c074ac-7d9e-483f-9a61-0e94f32dc59d','b5337799-91a7-428f-908c-0dd55e051315',106,false),
  ('8546874d-dae3-487b-9876-953415a580c0','0f1368c8-110f-413d-9184-9fc31ca362ae',56,false),
  ('68769c6a-259f-4b09-bd34-25e19d72f62a','e402fd5a-c394-488a-b1ee-63a9b9f3ee25',35,true),
  ('58c074ac-7d9e-483f-9a61-0e94f32dc59d','93b88312-a86a-40d3-9505-324f49405e7c',117,false),
  ('33b9147a-36f5-4a54-b70e-80acc20a2ee7','8785fcf8-7002-4f64-8f1e-3d318e4b646e',78,true),
  ('8546874d-dae3-487b-9876-953415a580c0','c3dfe92b-9855-4992-b054-d0f696df8b7a',58,false),
  ('70ff8fac-6f0b-4795-9705-ed664c55f040','06909914-c55b-4acd-b1b2-84d3c492e283',76,false),
  ('7c683a01-b165-4d05-baab-d36f93a3f32f','8a2176f9-4f64-4ae7-8580-44ba1c1b5e3c',108,true),
  ('8546874d-dae3-487b-9876-953415a580c0','d300e764-9583-4b59-97b8-c0698978f080',85,false),
  ('68769c6a-259f-4b09-bd34-25e19d72f62a','5ac0b251-b2a8-4808-9a1b-95f213af8a57',24,true),
  ('653515ee-372f-4074-a45b-4136f46952a9','15ce83a5-2c01-470f-a908-df16e82740a2',8,false),
  ('ee07c52d-878c-4da6-b17f-f6a409cda90e','af59bb6c-706d-49b6-bd9a-9045f9a14e95',52,true),
  ('52e2d29c-f30f-4031-86e6-1771ea51f376','721b0097-a698-4c52-add1-501ee04265a2',108,true),
  ('460675e5-0121-407b-803b-2e10117beb42','9f5892dc-2d24-410f-a0f8-b9b0c092b805',7,false),
  ('e6f09199-f1b5-4709-9cef-cc33df416523','108956b7-5580-4f31-9a03-3516bdb9df2c',1,false),
  ('460675e5-0121-407b-803b-2e10117beb42','bc243ab1-c2c0-45ce-8365-cc5fa0206fb1',9,true),
  ('1633e38c-8de6-4de3-aa95-d5d7919f5fbb','96249cbc-0b54-472f-9e3d-34e96f7fb530',2,false),
  ('58c074ac-7d9e-483f-9a61-0e94f32dc59d','ee4ddbd8-2000-44a7-843c-41d3149e9f74',22,false),
  ('653515ee-372f-4074-a45b-4136f46952a9','70996c1a-8743-4e1a-abf1-0c78a423e9b2',44,false),
  ('475561ea-de8e-4478-81d6-609724fca985','70ad6ab5-5444-4ade-ae1b-c2cf016a7ada',28,false),
  ('542c402b-747c-4190-9239-627abdef9e02','f128cce0-8d1a-4b9f-a25b-7efb92e5a270',30,false),
  ('7e1ca4cd-e152-4100-8acc-c41288fe1b52','31d4b082-ecd2-4a9b-aa14-66fd360ecc21',74,false),
  ('eba4ab51-532c-4f5b-9fc8-9ad18da92702','d1b34500-06c4-45d0-bca1-7f27083191f7',15,true),
  ('70ff8fac-6f0b-4795-9705-ed664c55f040','46d4f2a4-8dc0-4d08-881d-ed13ceb637ed',103,false),
  ('52e2d29c-f30f-4031-86e6-1771ea51f376','2461cec9-0d4b-469f-b9fe-6bd32a0cd11e',44,true),
  ('653515ee-372f-4074-a45b-4136f46952a9','51df5516-1155-4d34-82d3-1407e195df67',36,false),
  ('d75a3e8f-2bdd-4fde-aea4-c3f52436d9e6','7e038577-3229-48a2-8c39-90601869f9f9',112,false),
  ('e71b73a3-44bf-434a-8a1d-bf2444e5fcf4','f7b5fec6-6188-482d-978b-949793d94cfd',144,false),
  ('ee07c52d-878c-4da6-b17f-f6a409cda90e','6306a994-bbf9-4ae7-b1a1-cd564c73a148',13,true),
  ('6457117a-ce37-4f2a-a0bf-7f008b544ae3','7938211f-9a18-4d26-8060-021d6f504d28',19,false),
  ('475561ea-de8e-4478-81d6-609724fca985','f9d08863-d2ce-47f4-bc9b-8a19edba63a6',60,false),
  ('3bd6b7aa-58a1-42b1-b2b1-85c9039bda36','93118ea7-223b-4949-97e1-5b060d5f8eb1',38,false),
  ('58c074ac-7d9e-483f-9a61-0e94f32dc59d','b9fdf24d-09e7-447c-a2f1-7e7a42120eff',134,false),
  ('8fd34ba9-5dc5-49fa-b12d-6a6f815e0982','42abe2a2-b962-407d-9613-ed1386544719',109,false),
  ('e6f09199-f1b5-4709-9cef-cc33df416523','e2213fc7-a57e-40f9-af58-2dfd47b9432c',9,false),
  ('33b9147a-36f5-4a54-b70e-80acc20a2ee7','251b00d7-eeea-4a23-b9ac-495b8b3ae16d',5,true),
  ('df437436-8fcc-47da-b19f-02a525a8f695','bcc8e77f-517b-4fa8-b994-6864c51e8ea4',192,true),
  ('70ff8fac-6f0b-4795-9705-ed664c55f040','9f0c764f-8000-4a81-bf53-5793a9254680',13,false),
  ('e71b73a3-44bf-434a-8a1d-bf2444e5fcf4','7701e14a-ed00-41df-ab2e-1e31e1670e1d',107,true),
  ('542c402b-747c-4190-9239-627abdef9e02','c5cac2de-e425-400d-ab48-08cc8fd37f2b',54,true),
  ('1633e38c-8de6-4de3-aa95-d5d7919f5fbb','b47ec247-0672-4d95-a7bf-9f1bc3ec1c0b',179,false),
  ('d75a3e8f-2bdd-4fde-aea4-c3f52436d9e6','794afe47-daf6-4d0e-bf52-2b21d35f13ad',37,false),
  ('33b9147a-36f5-4a54-b70e-80acc20a2ee7','d885bd2e-1294-4b55-9e39-3077be4d13f3',76,true),
  ('1dcfb27d-fd67-4997-80b6-1c67f9139b29','fcc9eb95-6be0-4850-bf75-6a3b2b8d5dd4',48,true),
  ('8393081b-9ead-417e-b3f1-ad62ccfbd6db','9e74913f-8ae7-41f3-af65-3ec656da986c',3,true),
  ('d75a3e8f-2bdd-4fde-aea4-c3f52436d9e6','d193fc8c-5ecc-4217-a5be-e9fb6dfe7d6a',52,false),
  ('ee07c52d-878c-4da6-b17f-f6a409cda90e','135a026f-06c0-42f4-9040-c99901d975e7',2,true),
  ('542c402b-747c-4190-9239-627abdef9e02','65748972-42fc-4d2a-bf2b-9083655e45f5',95,true),
  ('6457117a-ce37-4f2a-a0bf-7f008b544ae3','513f646e-7755-46c7-a709-39aaeb2f53df',85,false),
  ('e71b73a3-44bf-434a-8a1d-bf2444e5fcf4','3b3c4c76-7c13-4fa5-a321-34f8d95b2ec0',72,true),
  ('8546874d-dae3-487b-9876-953415a580c0','236395a1-24b3-49c9-a835-5dff9f4ff658',68,false),
  ('e81b7531-1b0d-46b7-9b79-463e03b01c3c','b228e1a8-8150-46ba-a776-7fb101d90f57',56,true),
  ('6457117a-ce37-4f2a-a0bf-7f008b544ae3','251b00d7-eeea-4a23-b9ac-495b8b3ae16d',5,true),
  ('475561ea-de8e-4478-81d6-609724fca985','d7c630f0-b01d-4d46-9e20-7b0305cc9046',114,false),
  ('df437436-8fcc-47da-b19f-02a525a8f695','e544e1c9-464b-4ee0-9122-41438bdd55ab',117,false),
  ('8393081b-9ead-417e-b3f1-ad62ccfbd6db','22e5cfdf-6d6c-4620-8673-af0300cb0229',66,false),
  ('52e2d29c-f30f-4031-86e6-1771ea51f376','3b26f099-765a-4ec8-a02a-2bb3c3f4c1f1',34,true),
  ('8fd34ba9-5dc5-49fa-b12d-6a6f815e0982','aece7e18-236e-49f2-b5d3-25f1abe54390',163,false),
  ('460675e5-0121-407b-803b-2e10117beb42','f65b57b9-5fc2-4d58-94fb-4f7aab113537',149,false),
  ('09cf43fd-e29d-4c78-b9c5-42af9c230474','7938211f-9a18-4d26-8060-021d6f504d28',30,false),
  ('653515ee-372f-4074-a45b-4136f46952a9','52182f4d-35ed-423d-8c3b-41d070fb4ed6',97,false),
  ('7e1ca4cd-e152-4100-8acc-c41288fe1b52','22288a69-ac19-4ff5-9521-7895a0bca993',27,false),
  ('3bd6b7aa-58a1-42b1-b2b1-85c9039bda36','09f0bd4e-d2a6-48f1-afa9-f8dc11f9cc01',113,false),
  ('52e2d29c-f30f-4031-86e6-1771ea51f376','cf833a7a-aa59-4bbd-8e6d-b52b8a78134a',20,false),
  ('58c074ac-7d9e-483f-9a61-0e94f32dc59d','aece7e18-236e-49f2-b5d3-25f1abe54390',163,false),
  ('e71b73a3-44bf-434a-8a1d-bf2444e5fcf4','d43b4ad4-603e-40d9-9f02-89ce1b09fe23',128,true),
  ('58c074ac-7d9e-483f-9a61-0e94f32dc59d','0e3fc60d-67f1-49b5-8cf5-0f2d18716c13',46,true),
  ('7e1ca4cd-e152-4100-8acc-c41288fe1b52','de7d0c8e-72d6-49ba-aee9-a8b242feab94',122,true),
  ('1633e38c-8de6-4de3-aa95-d5d7919f5fbb','abb2fdb3-99bb-457b-984f-c2616117bdf1',125,false),
  ('6457117a-ce37-4f2a-a0bf-7f008b544ae3','74b2c7ce-c3fd-4138-9444-ee07e4daedd5',59,true),
  ('df437436-8fcc-47da-b19f-02a525a8f695','3b36efab-841b-4e8f-b73a-886dbaeb98c2',49,true),
  ('ee07c52d-878c-4da6-b17f-f6a409cda90e','a8a1d7a3-ed03-42ec-9923-741bfeee01ca',80,false),
  ('460675e5-0121-407b-803b-2e10117beb42','30c4b09d-b250-41ee-8d37-9b03d89702f4',74,true),
  ('d75a3e8f-2bdd-4fde-aea4-c3f52436d9e6','81e7f861-09b5-43f8-b49b-3ecf5575511b',64,false),
  ('475561ea-de8e-4478-81d6-609724fca985','75b8b228-89cf-4eb3-a863-55fa666fc8b7',84,false),
  ('df437436-8fcc-47da-b19f-02a525a8f695','f1c20764-78a6-4289-be7f-fb8861fc16f5',40,true),
  ('df437436-8fcc-47da-b19f-02a525a8f695','0f5d13f2-3829-405e-a876-277cf95cc3c0',152,false),
  ('7c683a01-b165-4d05-baab-d36f93a3f32f','0134241e-63d6-4553-9e18-bed5294b7415',107,false),
  ('7c683a01-b165-4d05-baab-d36f93a3f32f','0a2ef4ea-58d1-486f-bf94-e1cadbb0244a',80,false),
  ('7e1ca4cd-e152-4100-8acc-c41288fe1b52','a111be63-0fdf-4fac-af98-02dc4d3b8871',0,false),
  ('1dcfb27d-fd67-4997-80b6-1c67f9139b29','60af5f61-205f-4509-86ee-1c7a1b79e1d3',116,false),
  ('df437436-8fcc-47da-b19f-02a525a8f695','9bc8a44d-42d1-415b-9392-5f5d70da1f76',154,false),
  ('68769c6a-259f-4b09-bd34-25e19d72f62a','f128cce0-8d1a-4b9f-a25b-7efb92e5a270',30,false),
  ('70ff8fac-6f0b-4795-9705-ed664c55f040','c19cee8a-00a0-4296-a11e-14fcab9944c7',108,false),
  ('d75a3e8f-2bdd-4fde-aea4-c3f52436d9e6','3018c128-693e-4955-8018-5e6770bbf1b6',76,false),
  ('475561ea-de8e-4478-81d6-609724fca985','71ce4d9e-66a6-4ab8-9cb7-42f98b188b86',41,false),
  ('460675e5-0121-407b-803b-2e10117beb42','b73baa70-ec8e-4405-ad3f-7497b07a6100',52,true),
  ('68769c6a-259f-4b09-bd34-25e19d72f62a','f077ff87-1e94-4ebb-810c-ef01b7ca2e06',110,true),
  ('58c074ac-7d9e-483f-9a61-0e94f32dc59d','fdd4ebd5-369a-4de6-8b33-551a3416da80',152,false),
  ('542c402b-747c-4190-9239-627abdef9e02','52182f4d-35ed-423d-8c3b-41d070fb4ed6',27,true),
  ('542c402b-747c-4190-9239-627abdef9e02','b79a4922-3627-4e8a-b96a-446c0f4d51e5',49,true),
  ('d75a3e8f-2bdd-4fde-aea4-c3f52436d9e6','bd4ad40d-a482-44b2-a876-68f0d03622db',98,false),
  ('7c683a01-b165-4d05-baab-d36f93a3f32f','960a5f4e-e4f6-4ea2-a68f-b4da42961861',46,true),
  ('3bd6b7aa-58a1-42b1-b2b1-85c9039bda36','81fc8fee-ef9e-4442-870f-424f5df24301',67,false),
  ('653515ee-372f-4074-a45b-4136f46952a9','24145fc4-12da-4f74-8115-323729efa897',125,true),
  ('542c402b-747c-4190-9239-627abdef9e02','4aa33db0-c38f-4951-b0a5-2f3d67455b6a',28,false),
  ('e71b73a3-44bf-434a-8a1d-bf2444e5fcf4','3cd8d348-4b8e-41dc-af84-60232a449c86',111,true),
  ('653515ee-372f-4074-a45b-4136f46952a9','6b8306db-fa93-418e-9775-59f25476ad42',57,false),
  ('58c074ac-7d9e-483f-9a61-0e94f32dc59d','9254ba3c-acc6-4f2e-a93f-2dd67ef896f5',190,false),
  ('1633e38c-8de6-4de3-aa95-d5d7919f5fbb','66fbe0b2-82c1-4943-9782-224d5a2a081c',11,false),
  ('8fd34ba9-5dc5-49fa-b12d-6a6f815e0982','0134241e-63d6-4553-9e18-bed5294b7415',85,true),
  ('8393081b-9ead-417e-b3f1-ad62ccfbd6db','997c7b38-c4fd-4ee5-a729-866a8459a7eb',60,false),
  ('df437436-8fcc-47da-b19f-02a525a8f695','64eff923-e621-4ca3-be0f-5e63e86b3d66',131,false),
  ('8fd34ba9-5dc5-49fa-b12d-6a6f815e0982','44cddcc9-e6f1-4781-afc6-685cb3df3ca5',139,false),
  ('1dcfb27d-fd67-4997-80b6-1c67f9139b29','f5f4ee8a-28d6-40ad-868e-dc7679579c54',81,false),
  ('52e2d29c-f30f-4031-86e6-1771ea51f376','dd197b18-2747-4279-bb33-6c2d34376b59',3,false),
  ('e81b7531-1b0d-46b7-9b79-463e03b01c3c','b92163fc-ced7-4389-8b6c-6b46176187f5',83,false),
  ('7e1ca4cd-e152-4100-8acc-c41288fe1b52','93118ea7-223b-4949-97e1-5b060d5f8eb1',38,false),
  ('70ff8fac-6f0b-4795-9705-ed664c55f040','0f4c8cad-8d13-4529-863f-694e3cf35ab3',136,false),
  ('6457117a-ce37-4f2a-a0bf-7f008b544ae3','b79a4922-3627-4e8a-b96a-446c0f4d51e5',49,true),
  ('e71b73a3-44bf-434a-8a1d-bf2444e5fcf4','e3da24da-b559-473a-9738-45e8fb2b2da2',104,true),
  ('1dcfb27d-fd67-4997-80b6-1c67f9139b29','bd4ad40d-a482-44b2-a876-68f0d03622db',98,false),
  ('8fd34ba9-5dc5-49fa-b12d-6a6f815e0982','eb532a2a-e6cb-4ee9-badf-78271c8a35a3',1,false),
  ('8fd34ba9-5dc5-49fa-b12d-6a6f815e0982','bdfd9d8e-bbde-4e15-83a7-3813006c09f4',166,false),
  ('e71b73a3-44bf-434a-8a1d-bf2444e5fcf4','3ed94dcc-67e0-4a35-b6c8-85b52be9e7b0',145,false),
  ('33b9147a-36f5-4a54-b70e-80acc20a2ee7','75b8b228-89cf-4eb3-a863-55fa666fc8b7',40,true),
  ('6457117a-ce37-4f2a-a0bf-7f008b544ae3','4aa33db0-c38f-4951-b0a5-2f3d67455b6a',28,false),
  ('52e2d29c-f30f-4031-86e6-1771ea51f376','0aa6e077-7fb9-4d57-802f-0446f23062e1',70,true),
  ('460675e5-0121-407b-803b-2e10117beb42','66fbe0b2-82c1-4943-9782-224d5a2a081c',190,true),
  ('df437436-8fcc-47da-b19f-02a525a8f695','0134241e-63d6-4553-9e18-bed5294b7415',118,false),
  ('460675e5-0121-407b-803b-2e10117beb42','e8683bb7-e4b5-433f-b5a6-aad24f922075',76,true),
  ('8546874d-dae3-487b-9876-953415a580c0','95fa9ffb-cf17-4a68-980f-59e8ee092e9c',9,false),
  ('52e2d29c-f30f-4031-86e6-1771ea51f376','89115505-0304-4a5c-9af8-4ddea678159a',88,true),
  ('7e1ca4cd-e152-4100-8acc-c41288fe1b52','2c64e5e1-1917-44ce-a2b9-61031a30ab6f',17,false),
  ('460675e5-0121-407b-803b-2e10117beb42','9e23854b-250c-4100-83be-5080f5437bf4',137,false),
  ('3bd6b7aa-58a1-42b1-b2b1-85c9039bda36','70ad6ab5-5444-4ade-ae1b-c2cf016a7ada',28,false),
  ('ee07c52d-878c-4da6-b17f-f6a409cda90e','8785fcf8-7002-4f64-8f1e-3d318e4b646e',89,true),
  ('df437436-8fcc-47da-b19f-02a525a8f695','c820976f-8735-432a-838a-ac59b0496455',134,false),
  ('df437436-8fcc-47da-b19f-02a525a8f695','1317daae-205a-44cd-ad78-7cde2cf16666',43,true),
  ('1dcfb27d-fd67-4997-80b6-1c67f9139b29','ae9a2315-b73d-44a2-a309-611a7214289b',110,true),
  ('1633e38c-8de6-4de3-aa95-d5d7919f5fbb','60557909-fe32-4dd2-a56c-c3dee195e61a',197,true),
  ('eba4ab51-532c-4f5b-9fc8-9ad18da92702','598eeb15-c3a8-41c5-a5bc-6403a2d93b2f',49,false),
  ('1633e38c-8de6-4de3-aa95-d5d7919f5fbb','bd25c728-cc3c-46da-bd19-25a95226e614',129,false),
  ('ee07c52d-878c-4da6-b17f-f6a409cda90e','2b5894a7-dff6-4b75-bde2-8eedcc3eec71',102,true),
  ('8fd34ba9-5dc5-49fa-b12d-6a6f815e0982','08757db7-1468-472d-9961-4892bfe162b4',18,false),
  ('d75a3e8f-2bdd-4fde-aea4-c3f52436d9e6','3baaf2fc-1505-42f5-a0db-2f1598438f87',86,false),
  ('09cf43fd-e29d-4c78-b9c5-42af9c230474','bd4ad40d-a482-44b2-a876-68f0d03622db',37,true),
  ('1dcfb27d-fd67-4997-80b6-1c67f9139b29','95fa9ffb-cf17-4a68-980f-59e8ee092e9c',9,false),
  ('1633e38c-8de6-4de3-aa95-d5d7919f5fbb','08757db7-1468-472d-9961-4892bfe162b4',18,false),
  ('653515ee-372f-4074-a45b-4136f46952a9','af59bb6c-706d-49b6-bd9a-9045f9a14e95',83,false),
  ('eba4ab51-532c-4f5b-9fc8-9ad18da92702','1e9211a7-e56d-43f7-bd0c-e88c46867c48',35,false),
  ('70ff8fac-6f0b-4795-9705-ed664c55f040','7701e14a-ed00-41df-ab2e-1e31e1670e1d',52,false),
  ('1633e38c-8de6-4de3-aa95-d5d7919f5fbb','9254ba3c-acc6-4f2e-a93f-2dd67ef896f5',190,false),
  ('e71b73a3-44bf-434a-8a1d-bf2444e5fcf4','3171a5df-ba87-44e9-8a33-1f9c5d27c2c8',87,true),
  ('542c402b-747c-4190-9239-627abdef9e02','f4742294-0cec-41e6-9cd8-76ff3d1c6c02',109,true),
  ('1633e38c-8de6-4de3-aa95-d5d7919f5fbb','04a726eb-50e2-4621-bafa-9ad722f1382d',102,false),
  ('8fd34ba9-5dc5-49fa-b12d-6a6f815e0982','8e2396dd-dbc6-4325-ae12-83fc08c58934',15,false),
  ('68769c6a-259f-4b09-bd34-25e19d72f62a','3a2d108d-da86-477d-a415-932053067242',32,true),
  ('7c683a01-b165-4d05-baab-d36f93a3f32f','64b95354-2da2-43bc-9a36-4cfd00a9c058',27,true),
  ('7c683a01-b165-4d05-baab-d36f93a3f32f','cc7eb688-0f3a-43ca-98c8-6dac6b35c8f0',71,true),
  ('d75a3e8f-2bdd-4fde-aea4-c3f52436d9e6','57472148-b885-4897-82dd-1e94f390a04a',16,false),
  ('1dcfb27d-fd67-4997-80b6-1c67f9139b29','65748972-42fc-4d2a-bf2b-9083655e45f5',25,false),
  ('68769c6a-259f-4b09-bd34-25e19d72f62a','c768882f-efdb-402e-8589-a1bbdb238330',8,true),
  ('e6f09199-f1b5-4709-9cef-cc33df416523','bd017817-48f7-459d-af55-852b195f6658',48,true),
  ('460675e5-0121-407b-803b-2e10117beb42','5aa96865-eeb9-434c-b84b-0cdd8550771e',198,false),
  ('1dcfb27d-fd67-4997-80b6-1c67f9139b29','23ad3e72-f0b7-4a05-bc5e-6e71924a7242',11,false),
  ('df437436-8fcc-47da-b19f-02a525a8f695','05e75bcf-7fcc-4f52-a98c-13243b8b2541',41,true),
  ('653515ee-372f-4074-a45b-4136f46952a9','c3abecd6-fbcd-4861-9670-e2c9a1ab0fc6',31,false),
  ('460675e5-0121-407b-803b-2e10117beb42','1c4cc221-cf07-4143-91fa-df5f3bd6a1f7',104,true),
  ('df437436-8fcc-47da-b19f-02a525a8f695','f65f9149-dd04-48c5-b4f3-add1a9afb829',3,true),
  ('7c683a01-b165-4d05-baab-d36f93a3f32f','0af384d9-97ea-4483-acd0-7d40e8e2b62e',166,true),
  ('8546874d-dae3-487b-9876-953415a580c0','87ab2239-aabc-4212-bfe5-90bfc12757db',115,false),
  ('d75a3e8f-2bdd-4fde-aea4-c3f52436d9e6','de03e877-cd80-491a-bc52-780993356d6d',26,false),
  ('7c683a01-b165-4d05-baab-d36f93a3f32f','b7ae83e9-7dc2-4717-ade6-7acf7b2934d9',21,true),
  ('eba4ab51-532c-4f5b-9fc8-9ad18da92702','2b9eaef8-82d6-4596-bb8f-b61d43ba8151',19,true),
  ('33b9147a-36f5-4a54-b70e-80acc20a2ee7','e2c89600-f406-46d0-b968-55f3219042bd',56,true),
  ('70ff8fac-6f0b-4795-9705-ed664c55f040','96f6e88d-f020-4f47-8b14-539c4eb96cde',7,false),
  ('8546874d-dae3-487b-9876-953415a580c0','7e038577-3229-48a2-8c39-90601869f9f9',112,false),
  ('7c683a01-b165-4d05-baab-d36f93a3f32f','3bfeecad-2a84-4ab6-83e7-3954a5f78fde',163,true),
  ('70ff8fac-6f0b-4795-9705-ed664c55f040','d1d843b8-ccf0-447b-908d-dc08df9db870',42,false),
  ('68769c6a-259f-4b09-bd34-25e19d72f62a','31f40769-5409-44c0-a2d7-60d1a1497173',82,true),
  ('542c402b-747c-4190-9239-627abdef9e02','01d2c35a-228d-483e-933a-12236fd603c6',46,true),
  ('653515ee-372f-4074-a45b-4136f46952a9','4731d304-e894-4032-946a-c83a677b3cbe',33,true),
  ('1dcfb27d-fd67-4997-80b6-1c67f9139b29','d9c4c012-2798-4cb7-a604-850d9612c5ea',62,false),
  ('8546874d-dae3-487b-9876-953415a580c0','19a4d582-00fa-4aa3-9d64-cd682fa4d67a',42,false),
  ('7e1ca4cd-e152-4100-8acc-c41288fe1b52','68cf689d-8295-4fd2-9228-0224d28a291e',12,false),
  ('33b9147a-36f5-4a54-b70e-80acc20a2ee7','f5f4ee8a-28d6-40ad-868e-dc7679579c54',43,true),
  ('df437436-8fcc-47da-b19f-02a525a8f695','0895dbe8-2f07-45ca-929b-588d4e33bac3',178,true),
  ('e6f09199-f1b5-4709-9cef-cc33df416523','04232dde-94ab-4858-b7e9-38e3da51cbcb',49,true),
  ('d75a3e8f-2bdd-4fde-aea4-c3f52436d9e6','0c14cc7d-b8ec-4cba-9f04-7b79a927aa6f',10,false),
  ('7e1ca4cd-e152-4100-8acc-c41288fe1b52','dbe349b4-bc4f-43d8-a9d5-751863bd7d35',21,false),
  ('8546874d-dae3-487b-9876-953415a580c0','d98aac0e-3f29-468c-b9bd-a160e5208f75',47,false),
  ('542c402b-747c-4190-9239-627abdef9e02','1ee866c0-b690-4eb6-82d8-f1426048ed42',18,false),
  ('e71b73a3-44bf-434a-8a1d-bf2444e5fcf4','0f4c8cad-8d13-4529-863f-694e3cf35ab3',20,true),
  ('e6f09199-f1b5-4709-9cef-cc33df416523','c926320a-7a18-4db7-a384-2c24f2c9b8cc',25,true),
  ('df437436-8fcc-47da-b19f-02a525a8f695','8a5aaa9e-9d14-4d9a-8123-efdbf99086a8',187,true),
  ('52e2d29c-f30f-4031-86e6-1771ea51f376','b6879a79-d7df-43e0-bf65-b2abfd939a6f',37,true),
  ('09cf43fd-e29d-4c78-b9c5-42af9c230474','46681cb4-ca27-4abd-a3df-3b02f9745318',7,false),
  ('eba4ab51-532c-4f5b-9fc8-9ad18da92702','6e307d02-e7d6-4079-b06b-13bd52f7f654',95,true),
  ('df437436-8fcc-47da-b19f-02a525a8f695','5aac354a-1340-4ff0-8f1e-3dd4c336ae45',8,true),
  ('7c683a01-b165-4d05-baab-d36f93a3f32f','ee4ddbd8-2000-44a7-843c-41d3149e9f74',168,true),
  ('542c402b-747c-4190-9239-627abdef9e02','7210ea1b-d8af-4be6-a172-bb7034a2f0df',106,true),
  ('7e1ca4cd-e152-4100-8acc-c41288fe1b52','af59bb6c-706d-49b6-bd9a-9045f9a14e95',83,false),
  ('df437436-8fcc-47da-b19f-02a525a8f695','ad7fc21f-8161-4422-b4a1-d374125be0ee',88,true),
  ('58c074ac-7d9e-483f-9a61-0e94f32dc59d','a7bd2d24-9bdb-46ab-83b3-1a41eabf739d',74,true),
  ('09cf43fd-e29d-4c78-b9c5-42af9c230474','9e38f508-3704-46be-ab6e-17e6e856222c',47,true),
  ('1dcfb27d-fd67-4997-80b6-1c67f9139b29','e3c73f3a-8f96-401e-ae05-17c37ae29d1d',6,false),
  ('653515ee-372f-4074-a45b-4136f46952a9','f8deb8d1-1fcf-421e-b309-41109b43f862',24,false),
  ('8393081b-9ead-417e-b3f1-ad62ccfbd6db','b92163fc-ced7-4389-8b6c-6b46176187f5',30,false),
  ('653515ee-372f-4074-a45b-4136f46952a9','0c14cc7d-b8ec-4cba-9f04-7b79a927aa6f',10,false),
  ('8546874d-dae3-487b-9876-953415a580c0','039dc74a-e5d3-49e0-b053-44e41ae75107',19,false),
  ('7e1ca4cd-e152-4100-8acc-c41288fe1b52','bbf47daa-969e-4e16-a2d3-abb1568fbbd2',50,true),
  ('3bd6b7aa-58a1-42b1-b2b1-85c9039bda36','24145fc4-12da-4f74-8115-323729efa897',125,true),
  ('70ff8fac-6f0b-4795-9705-ed664c55f040','d43b4ad4-603e-40d9-9f02-89ce1b09fe23',31,false),
  ('8393081b-9ead-417e-b3f1-ad62ccfbd6db','f651d756-b475-4257-9326-2cbc3925a6fa',54,false),
  ('d75a3e8f-2bdd-4fde-aea4-c3f52436d9e6','c3abecd6-fbcd-4861-9670-e2c9a1ab0fc6',31,false),
  ('ee07c52d-878c-4da6-b17f-f6a409cda90e','87ab2239-aabc-4212-bfe5-90bfc12757db',22,true),
  ('6457117a-ce37-4f2a-a0bf-7f008b544ae3','01d2c35a-228d-483e-933a-12236fd603c6',46,true),
  ('58c074ac-7d9e-483f-9a61-0e94f32dc59d','7c6efe88-cbec-4f8d-9e56-0ea42b8d5e6a',136,false),
  ('460675e5-0121-407b-803b-2e10117beb42','0fc3987a-afd1-4105-9b6a-c11a10e922e4',46,true),
  ('52e2d29c-f30f-4031-86e6-1771ea51f376','9555ae05-e4d3-4a25-ab2b-7e6448e4b5e2',115,true),
  ('653515ee-372f-4074-a45b-4136f46952a9','a111be63-0fdf-4fac-af98-02dc4d3b8871',0,false),
  ('33b9147a-36f5-4a54-b70e-80acc20a2ee7','cf833a7a-aa59-4bbd-8e6d-b52b8a78134a',20,false),
  ('58c074ac-7d9e-483f-9a61-0e94f32dc59d','d3f8a159-deee-4cf6-9106-224230a1ef5f',173,false),
  ('6457117a-ce37-4f2a-a0bf-7f008b544ae3','c768882f-efdb-402e-8589-a1bbdb238330',8,true),
  ('58c074ac-7d9e-483f-9a61-0e94f32dc59d','1610ad2f-5c89-4f9f-afbf-742726bc7f54',185,false),
  ('eba4ab51-532c-4f5b-9fc8-9ad18da92702','979a1805-d916-4984-a068-dd1617e5f1cc',90,true),
  ('09cf43fd-e29d-4c78-b9c5-42af9c230474','75148221-7459-44fc-8d04-654a38688db3',125,false),
  ('8393081b-9ead-417e-b3f1-ad62ccfbd6db','b323f7c4-22fc-4f23-99ca-f49e5a6b9819',99,false),
  ('8546874d-dae3-487b-9876-953415a580c0','943e297b-3d71-4ea9-bafe-e281f18d5a12',142,false),
  ('3bd6b7aa-58a1-42b1-b2b1-85c9039bda36','0f1368c8-110f-413d-9184-9fc31ca362ae',56,false),
  ('d75a3e8f-2bdd-4fde-aea4-c3f52436d9e6','4aa33db0-c38f-4951-b0a5-2f3d67455b6a',96,true),
  ('542c402b-747c-4190-9239-627abdef9e02','95b4cf17-fa4b-4981-a494-11490c8ca8ed',47,true),
  ('7e1ca4cd-e152-4100-8acc-c41288fe1b52','2b5894a7-dff6-4b75-bde2-8eedcc3eec71',29,false),
  ('df437436-8fcc-47da-b19f-02a525a8f695','bcac9dba-6f36-432b-bead-60eea7c67edd',30,true),
  ('1633e38c-8de6-4de3-aa95-d5d7919f5fbb','8a5aaa9e-9d14-4d9a-8123-efdbf99086a8',14,false),
  ('ee07c52d-878c-4da6-b17f-f6a409cda90e','983766eb-bc19-4473-9e79-a9959e7e32d0',12,true),
  ('7c683a01-b165-4d05-baab-d36f93a3f32f','8e2396dd-dbc6-4325-ae12-83fc08c58934',175,true),
  ('58c074ac-7d9e-483f-9a61-0e94f32dc59d','efbe86e4-0ac4-4eec-b8e6-d1ee708f65d3',75,true),
  ('1dcfb27d-fd67-4997-80b6-1c67f9139b29','f8deb8d1-1fcf-421e-b309-41109b43f862',24,false),
  ('7c683a01-b165-4d05-baab-d36f93a3f32f','62b43719-5e4b-48b3-8546-e588dff5765e',10,true),
  ('460675e5-0121-407b-803b-2e10117beb42','a77eb232-11bb-47b6-8c7f-ec9d162e021a',62,true),
  ('eba4ab51-532c-4f5b-9fc8-9ad18da92702','dfebe6b5-76e6-4291-8070-7990c366fca8',77,true),
  ('e71b73a3-44bf-434a-8a1d-bf2444e5fcf4','95cb8e02-5d24-4401-afd9-83cbfc72bc47',95,true),
  ('ee07c52d-878c-4da6-b17f-f6a409cda90e','4aa33db0-c38f-4951-b0a5-2f3d67455b6a',39,false),
  ('542c402b-747c-4190-9239-627abdef9e02','d885bd2e-1294-4b55-9e39-3077be4d13f3',76,true),
  ('7c683a01-b165-4d05-baab-d36f93a3f32f','4bae5fd0-8865-4fe1-bab8-c0a09559489e',45,true),
  ('58c074ac-7d9e-483f-9a61-0e94f32dc59d','7e06304c-65cc-4d3b-aa1a-936d8a04a7b4',98,false),
  ('3bd6b7aa-58a1-42b1-b2b1-85c9039bda36','fcc9eb95-6be0-4850-bf75-6a3b2b8d5dd4',48,true),
  ('df437436-8fcc-47da-b19f-02a525a8f695','ab1286f8-3d0f-4088-b618-c589d903187e',146,false),
  ('7c683a01-b165-4d05-baab-d36f93a3f32f','79b8ef93-376e-47ab-ad05-97f28cf436a2',43,true),
  ('09cf43fd-e29d-4c78-b9c5-42af9c230474','75b8b228-89cf-4eb3-a863-55fa666fc8b7',51,true),
  ('542c402b-747c-4190-9239-627abdef9e02','fd7c9a21-a50f-4ef9-8fbe-c64b12757f63',33,true),
  ('09cf43fd-e29d-4c78-b9c5-42af9c230474','c9a7f99b-5a8b-40d0-a22f-03b65c4ba5cb',62,true),
  ('6457117a-ce37-4f2a-a0bf-7f008b544ae3','65748972-42fc-4d2a-bf2b-9083655e45f5',95,true),
  ('e81b7531-1b0d-46b7-9b79-463e03b01c3c','9e74913f-8ae7-41f3-af65-3ec656da986c',93,false),
  ('6457117a-ce37-4f2a-a0bf-7f008b544ae3','1c826eb6-6442-4b30-8592-b618bb63084d',22,true),
  ('58c074ac-7d9e-483f-9a61-0e94f32dc59d','dd4544f1-d995-4296-b90a-98ca7133c592',100,false),
  ('8fd34ba9-5dc5-49fa-b12d-6a6f815e0982','e03ee6de-cef3-4b9e-8735-8d865bfd2364',127,false),
  ('70ff8fac-6f0b-4795-9705-ed664c55f040','fe5dcc7c-8635-4998-976d-f5948a8d7b0c',4,false),
  ('8fd34ba9-5dc5-49fa-b12d-6a6f815e0982','b992954d-d347-43c1-b279-82bd338062a3',118,false),
  ('eba4ab51-532c-4f5b-9fc8-9ad18da92702','3ad5cc42-c883-452e-8cf0-19429e98c886',25,true),
  ('52e2d29c-f30f-4031-86e6-1771ea51f376','9f2d5a20-1680-433c-9d19-ade1d9de5618',65,true),
  ('1633e38c-8de6-4de3-aa95-d5d7919f5fbb','7fc4570d-2028-4342-bdf2-054beea12d3d',104,false),
  ('1633e38c-8de6-4de3-aa95-d5d7919f5fbb','c3c1aae1-4ae1-4b60-9f7c-f314ee51c1c8',82,true),
  ('460675e5-0121-407b-803b-2e10117beb42','08757db7-1468-472d-9961-4892bfe162b4',183,true),
  ('e71b73a3-44bf-434a-8a1d-bf2444e5fcf4','2fee43fb-7c67-4bd2-99f7-2901a0c16b5d',85,true),
  ('e71b73a3-44bf-434a-8a1d-bf2444e5fcf4','76b88d24-57db-44ec-87b2-2ab119e0235b',29,true),
  ('d75a3e8f-2bdd-4fde-aea4-c3f52436d9e6','9f834a93-b8cc-46c3-af2b-16e2581709f4',43,false),
  ('7c683a01-b165-4d05-baab-d36f93a3f32f','7facaf3f-71f2-4ecf-afcc-8183fa7a3552',132,false),
  ('58c074ac-7d9e-483f-9a61-0e94f32dc59d','8bb9a5c2-5f8c-45b1-9c0f-1b3629e3c09b',6,false),
  ('e71b73a3-44bf-434a-8a1d-bf2444e5fcf4','dadb430c-b87d-4773-b5b1-c38fbbddf033',154,true),
  ('09cf43fd-e29d-4c78-b9c5-42af9c230474','05c022e1-cab6-4483-aa28-80e072aa4fa9',59,true),
  ('ee07c52d-878c-4da6-b17f-f6a409cda90e','dbe5b791-60ca-44de-889d-aba0f689f01b',122,true),
  ('68769c6a-259f-4b09-bd34-25e19d72f62a','4731d304-e894-4032-946a-c83a677b3cbe',87,false),
  ('e81b7531-1b0d-46b7-9b79-463e03b01c3c','46347d6c-ff0a-4943-9481-a02197b9457c',44,true),
  ('653515ee-372f-4074-a45b-4136f46952a9','11fd88b1-1905-4904-a28f-d462edb84c1c',70,false),
  ('7c683a01-b165-4d05-baab-d36f93a3f32f','d130bc6d-5128-492e-b724-14e144c05fb3',75,true),
  ('e71b73a3-44bf-434a-8a1d-bf2444e5fcf4','8ebb2ba5-58a2-4a8e-93ff-ef0e5c5b81ab',51,true),
  ('52e2d29c-f30f-4031-86e6-1771ea51f376','cffc080b-9d51-4aaf-b013-07057b08c002',107,true),
  ('70ff8fac-6f0b-4795-9705-ed664c55f040','18723b26-2648-4cdd-8f7d-49a542b544d1',131,false),
  ('70ff8fac-6f0b-4795-9705-ed664c55f040','e9ff6dca-ea5a-4707-98bc-0441fe97cafd',98,false),
  ('3bd6b7aa-58a1-42b1-b2b1-85c9039bda36','60016ffb-db9e-484e-84fb-015e149fbb23',40,false),
  ('e81b7531-1b0d-46b7-9b79-463e03b01c3c','b9fdb583-4bee-4139-a631-4c53a802812c',91,false),
  ('70ff8fac-6f0b-4795-9705-ed664c55f040','db556f93-5a29-40f8-a65c-1a99aaa71a5f',71,false),
  ('df437436-8fcc-47da-b19f-02a525a8f695','3bfeecad-2a84-4ab6-83e7-3954a5f78fde',174,true),
  ('68769c6a-259f-4b09-bd34-25e19d72f62a','cffc080b-9d51-4aaf-b013-07057b08c002',107,true),
  ('542c402b-747c-4190-9239-627abdef9e02','b98836db-866b-4c49-b4e2-c7b6cd85f9c7',84,true),
  ('df437436-8fcc-47da-b19f-02a525a8f695','ff153154-91f5-4de1-84bb-7c189502bb76',171,true),
  ('1633e38c-8de6-4de3-aa95-d5d7919f5fbb','b083b6d3-ce41-434b-8bb9-a7ad6a05e9bd',115,false),
  ('e81b7531-1b0d-46b7-9b79-463e03b01c3c','e09f658b-7445-4e8d-8f6a-23bf2c87e956',82,false),
  ('7c683a01-b165-4d05-baab-d36f93a3f32f','9e6370ae-7ca7-4b53-970b-3d5b0885fb99',101,false),
  ('58c074ac-7d9e-483f-9a61-0e94f32dc59d','28f53ee2-c22a-463f-af31-67f3331b6fb1',181,false),
  ('df437436-8fcc-47da-b19f-02a525a8f695','14723f13-29cd-44b3-b73a-59040acd5bee',168,true),
  ('e6f09199-f1b5-4709-9cef-cc33df416523','83957cc6-aacd-406f-9cbd-de9c02887fb3',85,false),
  ('7e1ca4cd-e152-4100-8acc-c41288fe1b52','c3abecd6-fbcd-4861-9670-e2c9a1ab0fc6',31,false),
  ('df437436-8fcc-47da-b19f-02a525a8f695','3fdc3d32-227b-474d-a659-8ed8c6abce06',22,true),
  ('542c402b-747c-4190-9239-627abdef9e02','9555ae05-e4d3-4a25-ab2b-7e6448e4b5e2',115,true),
  ('e71b73a3-44bf-434a-8a1d-bf2444e5fcf4','e5b8d043-bd08-422a-85a5-b8e601b9c576',74,true),
  ('1dcfb27d-fd67-4997-80b6-1c67f9139b29','24145fc4-12da-4f74-8115-323729efa897',125,true),
  ('e81b7531-1b0d-46b7-9b79-463e03b01c3c','d01e8c5b-70f6-4e2c-980e-239c084dd840',15,true),
  ('8fd34ba9-5dc5-49fa-b12d-6a6f815e0982','635db411-27f8-4f21-9481-3c08dd5daa66',38,false),
  ('58c074ac-7d9e-483f-9a61-0e94f32dc59d','f37458df-3daf-48ff-ad5e-b144dad56375',112,false),
  ('ee07c52d-878c-4da6-b17f-f6a409cda90e','d36181b8-c328-43a3-9400-9cb41c8d689c',83,false),
  ('58c074ac-7d9e-483f-9a61-0e94f32dc59d','66fbe0b2-82c1-4943-9782-224d5a2a081c',11,false),
  ('7e1ca4cd-e152-4100-8acc-c41288fe1b52','95fa9ffb-cf17-4a68-980f-59e8ee092e9c',9,false),
  ('3bd6b7aa-58a1-42b1-b2b1-85c9039bda36','8adbdbc4-a54a-45ed-9af5-59c3b3b9eaf3',54,false),
  ('e71b73a3-44bf-434a-8a1d-bf2444e5fcf4','d695f15b-d98b-4c51-b5d5-35407ed2f4c9',79,true),
  ('8546874d-dae3-487b-9876-953415a580c0','9e38f508-3704-46be-ab6e-17e6e856222c',88,false),
  ('7c683a01-b165-4d05-baab-d36f93a3f32f','f6b33a5d-59b1-45ca-951a-fb7b81307c9e',118,false),
  ('542c402b-747c-4190-9239-627abdef9e02','1c826eb6-6442-4b30-8592-b618bb63084d',22,true),
  ('e6f09199-f1b5-4709-9cef-cc33df416523','a6a7e2fd-00ea-4001-8060-c586f5c5c44f',12,false),
  ('70ff8fac-6f0b-4795-9705-ed664c55f040','bb58ed7b-03bc-4be5-9dd3-997c0f5688fa',156,false),
  ('3bd6b7aa-58a1-42b1-b2b1-85c9039bda36','4aa33db0-c38f-4951-b0a5-2f3d67455b6a',96,true),
  ('8546874d-dae3-487b-9876-953415a580c0','0a070fa4-8d48-45f6-97c9-4afed3ad48b5',93,true),
  ('70ff8fac-6f0b-4795-9705-ed664c55f040','7e126099-0e8f-4a06-8ca7-5ec3127761b6',47,false),
  ('58c074ac-7d9e-483f-9a61-0e94f32dc59d','6bc40845-7e10-4592-a974-f0da1a5a8ac4',194,false),
  ('8fd34ba9-5dc5-49fa-b12d-6a6f815e0982','1610ad2f-5c89-4f9f-afbf-742726bc7f54',185,false),
  ('1633e38c-8de6-4de3-aa95-d5d7919f5fbb','0134241e-63d6-4553-9e18-bed5294b7415',85,true),
  ('7c683a01-b165-4d05-baab-d36f93a3f32f','05264e17-560b-48c5-9467-4c45ac417520',136,false),
  ('33b9147a-36f5-4a54-b70e-80acc20a2ee7','80d885a3-6bee-40d4-a838-61d36facee26',81,true),
  ('8fd34ba9-5dc5-49fa-b12d-6a6f815e0982','efbe86e4-0ac4-4eec-b8e6-d1ee708f65d3',75,true),
  ('eba4ab51-532c-4f5b-9fc8-9ad18da92702','142e3172-0811-4339-80cc-7d3a6b25317f',98,true),
  ('d75a3e8f-2bdd-4fde-aea4-c3f52436d9e6','fedf7581-2828-47fc-a5e4-255226797983',1,false),
  ('653515ee-372f-4074-a45b-4136f46952a9','b37480ea-a0cc-463d-ad7b-2ab939b18cb0',80,false),
  ('460675e5-0121-407b-803b-2e10117beb42','94c529d4-1fb6-41c1-8e5b-63c542b163d2',180,true),
  ('8393081b-9ead-417e-b3f1-ad62ccfbd6db','7fe2c955-595a-4175-82d9-876e2546b86c',41,false),
  ('52e2d29c-f30f-4031-86e6-1771ea51f376','70ad6ab5-5444-4ade-ae1b-c2cf016a7ada',92,true),
  ('70ff8fac-6f0b-4795-9705-ed664c55f040','f0dc1a83-3f24-47ec-a0f0-840d32bdd501',82,false),
  ('70ff8fac-6f0b-4795-9705-ed664c55f040','8311d831-eaee-4b7e-8e84-e071f5a9f8dc',20,true),
  ('eba4ab51-532c-4f5b-9fc8-9ad18da92702','f467c58c-f400-44a5-9afd-6aced208bfec',93,true),
  ('460675e5-0121-407b-803b-2e10117beb42','05e75bcf-7fcc-4f52-a98c-13243b8b2541',41,true),
  ('653515ee-372f-4074-a45b-4136f46952a9','6ba17caf-fc02-4d8d-95a6-b0150ed63ba0',18,false),
  ('e6f09199-f1b5-4709-9cef-cc33df416523','1455ff36-cda9-4b24-9665-c6acb505aa2a',7,false),
  ('1633e38c-8de6-4de3-aa95-d5d7919f5fbb','577bb128-9eaa-49f1-bb20-db5a62d41a43',77,true),
  ('7e1ca4cd-e152-4100-8acc-c41288fe1b52','039dc74a-e5d3-49e0-b053-44e41ae75107',19,false),
  ('70ff8fac-6f0b-4795-9705-ed664c55f040','9c244e5c-fbfb-4668-b554-22b760971221',124,false),
  ('58c074ac-7d9e-483f-9a61-0e94f32dc59d','3a211ccc-530d-4a14-8d7c-831dcdcae077',121,false),
  ('8fd34ba9-5dc5-49fa-b12d-6a6f815e0982','9b69d3d7-6c06-4b9e-bd48-406d36f973cb',65,true),
  ('e71b73a3-44bf-434a-8a1d-bf2444e5fcf4','26079eb8-7e8a-472f-a100-bbd3c27a48c6',23,true),
  ('8393081b-9ead-417e-b3f1-ad62ccfbd6db','6c332edf-ed9c-46f5-b87d-86f6da6682c9',50,false),
  ('df437436-8fcc-47da-b19f-02a525a8f695','861c39cc-e1bf-46ef-82fa-7beb918597c9',73,true),
  ('8fd34ba9-5dc5-49fa-b12d-6a6f815e0982','a4f96055-941a-449b-93e3-2b89e8c3a256',124,false),
  ('8fd34ba9-5dc5-49fa-b12d-6a6f815e0982','76c7f5db-554f-44cc-8e5c-dba797df1ccf',60,true),
  ('33b9147a-36f5-4a54-b70e-80acc20a2ee7','5ac0b251-b2a8-4808-9a1b-95f213af8a57',24,true),
  ('1dcfb27d-fd67-4997-80b6-1c67f9139b29','72920514-d612-4ae1-b12f-1d9bd8a8c4b8',30,false),
  ('70ff8fac-6f0b-4795-9705-ed664c55f040','58bcf9a2-d780-4bdb-a7cb-3944cb9d85f5',30,false),
  ('6457117a-ce37-4f2a-a0bf-7f008b544ae3','c5cac2de-e425-400d-ab48-08cc8fd37f2b',54,true),
  ('33b9147a-36f5-4a54-b70e-80acc20a2ee7','de03e877-cd80-491a-bc52-780993356d6d',94,true),
  ('460675e5-0121-407b-803b-2e10117beb42','1317daae-205a-44cd-ad78-7cde2cf16666',43,true),
  ('d75a3e8f-2bdd-4fde-aea4-c3f52436d9e6','4ac47d53-e83a-4f56-9759-94fa42c37d18',45,false),
  ('ee07c52d-878c-4da6-b17f-f6a409cda90e','e6e676ed-51f4-4530-a420-3d65bcb97540',72,true),
  ('8fd34ba9-5dc5-49fa-b12d-6a6f815e0982','e916ba05-0129-4ba7-b475-cf872f4c820a',61,true),
  ('8546874d-dae3-487b-9876-953415a580c0','75b8b228-89cf-4eb3-a863-55fa666fc8b7',84,false),
  ('6457117a-ce37-4f2a-a0bf-7f008b544ae3','95b4cf17-fa4b-4981-a494-11490c8ca8ed',47,true),
  ('df437436-8fcc-47da-b19f-02a525a8f695','f24e2d13-ccbc-4708-80ee-49ca3769a65d',95,true),
  ('653515ee-372f-4074-a45b-4136f46952a9','320f5709-2223-47d7-b729-021e36d39836',73,false),
  ('8546874d-dae3-487b-9876-953415a580c0','60af5f61-205f-4509-86ee-1c7a1b79e1d3',116,false),
  ('7e1ca4cd-e152-4100-8acc-c41288fe1b52','7e038577-3229-48a2-8c39-90601869f9f9',112,false),
  ('7c683a01-b165-4d05-baab-d36f93a3f32f','08757db7-1468-472d-9961-4892bfe162b4',172,true),
  ('df437436-8fcc-47da-b19f-02a525a8f695','62b43719-5e4b-48b3-8546-e588dff5765e',21,true),
  ('d75a3e8f-2bdd-4fde-aea4-c3f52436d9e6','50aa1f35-3174-49e7-a6fa-df68d9e89a3a',127,false),
  ('7e1ca4cd-e152-4100-8acc-c41288fe1b52','4d6a759c-1d8c-4365-862b-0c1e621f240d',61,false),
  ('e71b73a3-44bf-434a-8a1d-bf2444e5fcf4','daf7292c-761e-40a2-a33a-6add282a34af',34,true),
  ('475561ea-de8e-4478-81d6-609724fca985','bb8b3971-adf7-4503-a815-87037e893ec6',79,false),
  ('1dcfb27d-fd67-4997-80b6-1c67f9139b29','039dc74a-e5d3-49e0-b053-44e41ae75107',19,false),
  ('e6f09199-f1b5-4709-9cef-cc33df416523','598eeb15-c3a8-41c5-a5bc-6403a2d93b2f',50,true),
  ('1633e38c-8de6-4de3-aa95-d5d7919f5fbb','4fbbeceb-4003-47fc-a18e-291e2419899e',183,false),
  ('df437436-8fcc-47da-b19f-02a525a8f695','7f7b40c0-b274-4793-bec3-6a31ec821c75',144,false),
  ('3bd6b7aa-58a1-42b1-b2b1-85c9039bda36','99393463-bffe-470a-961f-b6e50010c60b',119,false),
  ('653515ee-372f-4074-a45b-4136f46952a9','dd4c97ff-c99d-4b26-b64e-e1be5a8b5173',108,true),
  ('1dcfb27d-fd67-4997-80b6-1c67f9139b29','57472148-b885-4897-82dd-1e94f390a04a',16,false),
  ('8fd34ba9-5dc5-49fa-b12d-6a6f815e0982','d954bd65-3418-4749-8a4d-3d5e3e6ee633',47,false),
  ('ee07c52d-878c-4da6-b17f-f6a409cda90e','60af5f61-205f-4509-86ee-1c7a1b79e1d3',21,true),
  ('58c074ac-7d9e-483f-9a61-0e94f32dc59d','7b01cb98-9af8-4908-9aa6-8c8299f0af02',158,false),
  ('58c074ac-7d9e-483f-9a61-0e94f32dc59d','0d9f3607-8c72-41f6-93d9-57470c8bf827',108,false),
  ('1633e38c-8de6-4de3-aa95-d5d7919f5fbb','a26ad1fb-7eaa-4c79-b997-79803b8ee711',188,false),
  ('8fd34ba9-5dc5-49fa-b12d-6a6f815e0982','4eea0008-b3ab-4f0d-865d-310c02eed023',169,false),
  ('8fd34ba9-5dc5-49fa-b12d-6a6f815e0982','81d81066-725d-4614-9701-de800322ab08',157,false),
  ('460675e5-0121-407b-803b-2e10117beb42','ea26d290-9614-4f92-85ad-fb33b2e7bafd',18,true),
  ('68769c6a-259f-4b09-bd34-25e19d72f62a','b98836db-866b-4c49-b4e2-c7b6cd85f9c7',84,true),
  ('460675e5-0121-407b-803b-2e10117beb42','b2c963c4-5161-429a-b73a-fe90b3463cb9',78,true),
  ('eba4ab51-532c-4f5b-9fc8-9ad18da92702','7f627338-b267-4ac8-ac10-7445b673b875',12,true),
  ('8546874d-dae3-487b-9876-953415a580c0','f0b5a8e4-5460-4417-b058-719c6d6836e3',136,true),
  ('58c074ac-7d9e-483f-9a61-0e94f32dc59d','13e67563-701c-4113-8b5c-034a8b6e65e6',13,false),
  ('6457117a-ce37-4f2a-a0bf-7f008b544ae3','e2c89600-f406-46d0-b968-55f3219042bd',56,true),
  ('68769c6a-259f-4b09-bd34-25e19d72f62a','1ee866c0-b690-4eb6-82d8-f1426048ed42',18,false),
  ('e71b73a3-44bf-434a-8a1d-bf2444e5fcf4','6eb7d4f5-865c-48ff-980c-b2a8fa85876d',26,true),
  ('8fd34ba9-5dc5-49fa-b12d-6a6f815e0982','2d356336-19ac-4224-9737-a3c97ec5f953',36,false),
  ('1633e38c-8de6-4de3-aa95-d5d7919f5fbb','657fa69d-3bed-43a4-b2f8-5afcddc3ed98',54,true),
  ('ee07c52d-878c-4da6-b17f-f6a409cda90e','72920514-d612-4ae1-b12f-1d9bd8a8c4b8',101,true),
  ('1633e38c-8de6-4de3-aa95-d5d7919f5fbb','b4ed8883-58e0-4ad2-9633-63b48f360f75',39,false),
  ('70ff8fac-6f0b-4795-9705-ed664c55f040','ebce5229-4b1e-4d74-baa8-4b16eb15a036',146,false),
  ('7e1ca4cd-e152-4100-8acc-c41288fe1b52','6ba17caf-fc02-4d8d-95a6-b0150ed63ba0',18,false),
  ('58c074ac-7d9e-483f-9a61-0e94f32dc59d','c02932d1-c4de-4145-b375-8aa26967e017',32,false),
  ('7c683a01-b165-4d05-baab-d36f93a3f32f','7f8f525b-3bcc-4261-be59-5ae98c57ca78',12,true),
  ('7c683a01-b165-4d05-baab-d36f93a3f32f','657fa69d-3bed-43a4-b2f8-5afcddc3ed98',137,false),
  ('3bd6b7aa-58a1-42b1-b2b1-85c9039bda36','d193fc8c-5ecc-4217-a5be-e9fb6dfe7d6a',52,false),
  ('09cf43fd-e29d-4c78-b9c5-42af9c230474','c49087db-71f8-4cd2-8e86-626fddc5d1f4',73,true),
  ('542c402b-747c-4190-9239-627abdef9e02','e402fd5a-c394-488a-b1ee-63a9b9f3ee25',35,true),
  ('653515ee-372f-4074-a45b-4136f46952a9','2b5894a7-dff6-4b75-bde2-8eedcc3eec71',29,false),
  ('475561ea-de8e-4478-81d6-609724fca985','6b1f5635-d581-4a5f-a8a9-018adb0d7f6a',124,true),
  ('8fd34ba9-5dc5-49fa-b12d-6a6f815e0982','a22e4f60-9ee6-457f-9e34-963f83c1db1d',161,false),
  ('52e2d29c-f30f-4031-86e6-1771ea51f376','6f500f59-515b-4673-a6f4-2c614d1d08b1',50,true),
  ('e6f09199-f1b5-4709-9cef-cc33df416523','d13ab5c3-8ea5-449f-bee4-cedd2af9811b',73,false),
  ('58c074ac-7d9e-483f-9a61-0e94f32dc59d','48004e80-a27a-4d12-a840-82063b009ab3',122,false),
  ('e71b73a3-44bf-434a-8a1d-bf2444e5fcf4','2f0c5c2e-b985-48fb-8e04-9ded15f12b8b',112,true),
  ('653515ee-372f-4074-a45b-4136f46952a9','bd4ad40d-a482-44b2-a876-68f0d03622db',98,false),
  ('6457117a-ce37-4f2a-a0bf-7f008b544ae3','7229fe38-1d68-42f8-b5a5-4c35fc811971',21,false),
  ('70ff8fac-6f0b-4795-9705-ed664c55f040','7477b000-e71a-4553-a312-829d0f15aae0',84,false),
  ('68769c6a-259f-4b09-bd34-25e19d72f62a','24145fc4-12da-4f74-8115-323729efa897',0,true),
  ('1633e38c-8de6-4de3-aa95-d5d7919f5fbb','e03ee6de-cef3-4b9e-8735-8d865bfd2364',127,false),
  ('58c074ac-7d9e-483f-9a61-0e94f32dc59d','168611c9-33ef-4b89-be0b-3104e5144745',45,false),
  ('8fd34ba9-5dc5-49fa-b12d-6a6f815e0982','df639a42-9390-4e09-88aa-c6c6d5d337a7',164,false),
  ('eba4ab51-532c-4f5b-9fc8-9ad18da92702','7d71cffe-4ec9-4e4d-8b41-99dc251ea205',72,false),
  ('52e2d29c-f30f-4031-86e6-1771ea51f376','6df35e8c-6adf-45ea-901f-152d50e73555',71,false),
  ('52e2d29c-f30f-4031-86e6-1771ea51f376','590c490e-48b2-4e64-81e0-ea8b99a5b1eb',57,true),
  ('653515ee-372f-4074-a45b-4136f46952a9','19a4d582-00fa-4aa3-9d64-cd682fa4d67a',42,false),
  ('70ff8fac-6f0b-4795-9705-ed664c55f040','c560a3d2-106f-4536-8c19-5c1fbd26de56',38,false),
  ('e6f09199-f1b5-4709-9cef-cc33df416523','6e307d02-e7d6-4079-b06b-13bd52f7f654',3,false),
  ('3bd6b7aa-58a1-42b1-b2b1-85c9039bda36','c1f87ed5-abb9-4903-8234-520e504109c5',95,true),
  ('7c683a01-b165-4d05-baab-d36f93a3f32f','a0e820aa-7820-4971-8bfc-92ee0442788a',91,true),
  ('6457117a-ce37-4f2a-a0bf-7f008b544ae3','e6e676ed-51f4-4530-a420-3d65bcb97540',61,true),
  ('09cf43fd-e29d-4c78-b9c5-42af9c230474','b98836db-866b-4c49-b4e2-c7b6cd85f9c7',95,true),
  ('7e1ca4cd-e152-4100-8acc-c41288fe1b52','87ab2239-aabc-4212-bfe5-90bfc12757db',115,false),
  ('7c683a01-b165-4d05-baab-d36f93a3f32f','f54a7892-27d9-4bbb-a752-f6669daf0df8',170,true),
  ('8393081b-9ead-417e-b3f1-ad62ccfbd6db','6cee857e-d374-4e12-9495-7b036ebb74d7',64,false),
  ('8393081b-9ead-417e-b3f1-ad62ccfbd6db','46347d6c-ff0a-4943-9481-a02197b9457c',55,false),
  ('e6f09199-f1b5-4709-9cef-cc33df416523','1efe963b-4245-4a2f-8166-83d79bc99635',56,true),
  ('d75a3e8f-2bdd-4fde-aea4-c3f52436d9e6','4d6a759c-1d8c-4365-862b-0c1e621f240d',61,false),
  ('7c683a01-b165-4d05-baab-d36f93a3f32f','883e37b1-65ca-4525-a501-d995422ccc4f',119,false),
  ('33b9147a-36f5-4a54-b70e-80acc20a2ee7','fd7c9a21-a50f-4ef9-8fbe-c64b12757f63',33,true),
  ('542c402b-747c-4190-9239-627abdef9e02','c768882f-efdb-402e-8589-a1bbdb238330',8,true),
  ('e71b73a3-44bf-434a-8a1d-bf2444e5fcf4','fcf44bbf-64d4-45b7-b21e-3f317d4cf3f3',147,true),
  ('542c402b-747c-4190-9239-627abdef9e02','cf833a7a-aa59-4bbd-8e6d-b52b8a78134a',20,false),
  ('7c683a01-b165-4d05-baab-d36f93a3f32f','2bd1c495-1c2d-4cd5-8499-b0d28cce033e',148,true),
  ('e6f09199-f1b5-4709-9cef-cc33df416523','13b81d89-32a7-4738-a889-326fb5a15c4a',61,true),
  ('653515ee-372f-4074-a45b-4136f46952a9','66572aba-a2f3-476f-aef7-2869dd5b3f23',106,true),
  ('460675e5-0121-407b-803b-2e10117beb42','f3cfeac7-1705-4f9d-b3cb-13b612ccfa7e',153,false),
  ('7c683a01-b165-4d05-baab-d36f93a3f32f','635db411-27f8-4f21-9481-3c08dd5daa66',152,true),
  ('8fd34ba9-5dc5-49fa-b12d-6a6f815e0982','db5dab43-f2a5-4dfe-b30c-2d990d0e870a',90,false),
  ('1dcfb27d-fd67-4997-80b6-1c67f9139b29','b5ba133a-e2c2-487e-92ea-a76b4bb8effa',111,true),
  ('6457117a-ce37-4f2a-a0bf-7f008b544ae3','00c562fc-fa9a-49c5-86a0-ac8faed03e4d',60,true),
  ('475561ea-de8e-4478-81d6-609724fca985','a33eb8d1-47a8-47de-b975-668fb2fc113f',46,false),
  ('e6f09199-f1b5-4709-9cef-cc33df416523','14c33803-5c19-4a90-ad5e-70acb875a86e',84,false),
  ('653515ee-372f-4074-a45b-4136f46952a9','75b8b228-89cf-4eb3-a863-55fa666fc8b7',84,false),
  ('7c683a01-b165-4d05-baab-d36f93a3f32f','2abf4bc0-0e7c-423c-b49a-a25439b9e02b',128,false),
  ('df437436-8fcc-47da-b19f-02a525a8f695','f4936526-65dd-483c-b8b3-d09a84f054bb',201,true),
  ('eba4ab51-532c-4f5b-9fc8-9ad18da92702','53142c45-ba0e-47ef-baa1-8025ee4608fc',27,true),
  ('7e1ca4cd-e152-4100-8acc-c41288fe1b52','b37480ea-a0cc-463d-ad7b-2ab939b18cb0',80,false),
  ('1dcfb27d-fd67-4997-80b6-1c67f9139b29','eef258eb-d51d-4888-b935-0568b6c2cd74',72,false),
  ('ee07c52d-878c-4da6-b17f-f6a409cda90e','f4742294-0cec-41e6-9cd8-76ff3d1c6c02',120,true),
  ('70ff8fac-6f0b-4795-9705-ed664c55f040','318df742-4dd9-4f21-ac43-086e45c3acd4',18,true),
  ('eba4ab51-532c-4f5b-9fc8-9ad18da92702','ec22bf01-22df-4d87-a419-62704c4f9812',84,true),
  ('8fd34ba9-5dc5-49fa-b12d-6a6f815e0982','ee4ddbd8-2000-44a7-843c-41d3149e9f74',22,false),
  ('df437436-8fcc-47da-b19f-02a525a8f695','8a7b5028-ed33-47ff-bd2e-af94c946fc65',66,true),
  ('8546874d-dae3-487b-9876-953415a580c0','b4422e9a-7f1d-44ca-9926-85dadce125da',14,false),
  ('e71b73a3-44bf-434a-8a1d-bf2444e5fcf4','0589d55d-4977-4783-8133-5907d1e47ab2',63,true),
  ('e81b7531-1b0d-46b7-9b79-463e03b01c3c','e3a1d266-e920-45f4-ba83-db6bd7906002',18,true),
  ('6457117a-ce37-4f2a-a0bf-7f008b544ae3','d300e764-9583-4b59-97b8-c0698978f080',39,true),
  ('09cf43fd-e29d-4c78-b9c5-42af9c230474','d300e764-9583-4b59-97b8-c0698978f080',50,true),
  ('1dcfb27d-fd67-4997-80b6-1c67f9139b29','d7c630f0-b01d-4d46-9e20-7b0305cc9046',114,false),
  ('475561ea-de8e-4478-81d6-609724fca985','2b5894a7-dff6-4b75-bde2-8eedcc3eec71',29,false),
  ('e71b73a3-44bf-434a-8a1d-bf2444e5fcf4','49105b26-a278-4375-8d84-3981ed6f8c4c',100,true),
  ('e6f09199-f1b5-4709-9cef-cc33df416523','8bbb4158-8a14-46c6-b487-6ef964836a8c',17,false),
  ('3bd6b7aa-58a1-42b1-b2b1-85c9039bda36','4731d304-e894-4032-946a-c83a677b3cbe',33,true),
  ('8fd34ba9-5dc5-49fa-b12d-6a6f815e0982','d3f8a159-deee-4cf6-9106-224230a1ef5f',173,false),
  ('33b9147a-36f5-4a54-b70e-80acc20a2ee7','95b4cf17-fa4b-4981-a494-11490c8ca8ed',47,true),
  ('1633e38c-8de6-4de3-aa95-d5d7919f5fbb','d954bd65-3418-4749-8a4d-3d5e3e6ee633',47,false),
  ('70ff8fac-6f0b-4795-9705-ed664c55f040','e5b8d043-bd08-422a-85a5-b8e601b9c576',85,false),
  ('eba4ab51-532c-4f5b-9fc8-9ad18da92702','895701be-cca4-4cf0-8e7e-30d34d3d92c4',60,false),
  ('7c683a01-b165-4d05-baab-d36f93a3f32f','e5543697-a28c-4616-a00e-b1e9b770f208',54,true),
  ('8fd34ba9-5dc5-49fa-b12d-6a6f815e0982','f54a7892-27d9-4bbb-a752-f6669daf0df8',20,false),
  ('6457117a-ce37-4f2a-a0bf-7f008b544ae3','157b24c4-dab0-412d-9b67-133090f054fc',67,true),
  ('eba4ab51-532c-4f5b-9fc8-9ad18da92702','1455ff36-cda9-4b24-9665-c6acb505aa2a',91,true),
  ('1dcfb27d-fd67-4997-80b6-1c67f9139b29','75b8b228-89cf-4eb3-a863-55fa666fc8b7',84,false),
  ('33b9147a-36f5-4a54-b70e-80acc20a2ee7','1ee866c0-b690-4eb6-82d8-f1426048ed42',18,false),
  ('7c683a01-b165-4d05-baab-d36f93a3f32f','5fb0d38e-06d8-4db8-8160-b27fe233c9c7',103,false),
  ('09cf43fd-e29d-4c78-b9c5-42af9c230474','d183fbcf-eaa8-4a1f-ae0d-2a53df24257e',66,true),
  ('68769c6a-259f-4b09-bd34-25e19d72f62a','ed73a909-5814-4480-b944-5392e9741390',117,true),
  ('1dcfb27d-fd67-4997-80b6-1c67f9139b29','b68d2cce-6b01-4f23-b50a-a3869c63da75',20,false),
  ('68769c6a-259f-4b09-bd34-25e19d72f62a','74b2c7ce-c3fd-4138-9444-ee07e4daedd5',59,true),
  ('09cf43fd-e29d-4c78-b9c5-42af9c230474','2b5894a7-dff6-4b75-bde2-8eedcc3eec71',102,true),
  ('d75a3e8f-2bdd-4fde-aea4-c3f52436d9e6','fcc9eb95-6be0-4850-bf75-6a3b2b8d5dd4',48,true),
  ('7e1ca4cd-e152-4100-8acc-c41288fe1b52','a0d89b77-8930-47ce-b51a-dfb990254e6e',82,false),
  ('475561ea-de8e-4478-81d6-609724fca985','19a4d582-00fa-4aa3-9d64-cd682fa4d67a',42,false),
  ('df437436-8fcc-47da-b19f-02a525a8f695','4bdd2f6f-4b26-48ec-b293-4573f9001958',138,false),
  ('e6f09199-f1b5-4709-9cef-cc33df416523','d9ae2997-1329-423e-a697-0f34b29610e0',87,false),
  ('eba4ab51-532c-4f5b-9fc8-9ad18da92702','3402c4c6-1479-4976-928d-dc9ebba599a5',33,false),
  ('1633e38c-8de6-4de3-aa95-d5d7919f5fbb','2bd1c495-1c2d-4cd5-8499-b0d28cce033e',42,false),
  ('70ff8fac-6f0b-4795-9705-ed664c55f040','558ca60a-234c-4f23-968f-bb626599063c',65,true),
  ('52e2d29c-f30f-4031-86e6-1771ea51f376','bd115f63-7988-43e8-aed2-01ece92e5508',105,true),
  ('52e2d29c-f30f-4031-86e6-1771ea51f376','6b1f5635-d581-4a5f-a8a9-018adb0d7f6a',2,false),
  ('7c683a01-b165-4d05-baab-d36f93a3f32f','be4b1b51-af6b-451f-84e4-1b58fed41e96',121,false),
  ('e71b73a3-44bf-434a-8a1d-bf2444e5fcf4','13d05d2f-50f1-4936-b9db-f3d665f7840f',67,true),
  ('df437436-8fcc-47da-b19f-02a525a8f695','2d356336-19ac-4224-9737-a3c97ec5f953',165,true),
  ('e71b73a3-44bf-434a-8a1d-bf2444e5fcf4','c019e01d-39fa-459f-b227-e7a023183b9e',96,true),
  ('58c074ac-7d9e-483f-9a61-0e94f32dc59d','eacf19b6-a958-4d8d-9fe4-969d20ea16e5',76,true),
  ('653515ee-372f-4074-a45b-4136f46952a9','dbe349b4-bc4f-43d8-a9d5-751863bd7d35',21,false),
  ('8546874d-dae3-487b-9876-953415a580c0','545b008c-9f1f-4437-96d0-c9159d4e90d2',15,false),
  ('3bd6b7aa-58a1-42b1-b2b1-85c9039bda36','fd7c9a21-a50f-4ef9-8fbe-c64b12757f63',91,false),
  ('542c402b-747c-4190-9239-627abdef9e02','87ab2239-aabc-4212-bfe5-90bfc12757db',11,true),
  ('475561ea-de8e-4478-81d6-609724fca985','fedf7581-2828-47fc-a5e4-255226797983',1,false),
  ('653515ee-372f-4074-a45b-4136f46952a9','e5eea887-a655-420a-b6f0-785dc47def7f',51,false),
  ('8393081b-9ead-417e-b3f1-ad62ccfbd6db','dc275244-e083-47b8-bcc0-35094a10cb76',34,false),
  ('09cf43fd-e29d-4c78-b9c5-42af9c230474','af59bb6c-706d-49b6-bd9a-9045f9a14e95',52,true),
  ('6457117a-ce37-4f2a-a0bf-7f008b544ae3','5850b172-9b26-44d3-b4b8-f84cf7c6ba46',9,true),
  ('33b9147a-36f5-4a54-b70e-80acc20a2ee7','b79a4922-3627-4e8a-b96a-446c0f4d51e5',49,true),
  ('58c074ac-7d9e-483f-9a61-0e94f32dc59d','83571253-b0e2-4b4c-826d-2f5a2237335e',7,false),
  ('653515ee-372f-4074-a45b-4136f46952a9','22288a69-ac19-4ff5-9521-7895a0bca993',27,false),
  ('ee07c52d-878c-4da6-b17f-f6a409cda90e','31f40769-5409-44c0-a2d7-60d1a1497173',93,true),
  ('58c074ac-7d9e-483f-9a61-0e94f32dc59d','5755801a-5a39-4dd6-8f4a-de3ee77b4018',205,false),
  ('df437436-8fcc-47da-b19f-02a525a8f695','ec25b03e-c285-4fb0-a39f-d1ce8b454716',101,true),
  ('58c074ac-7d9e-483f-9a61-0e94f32dc59d','930e7a33-e6bc-4a71-bbd0-d9e3982ecefb',175,false),
  ('e6f09199-f1b5-4709-9cef-cc33df416523','fac2b238-447b-484c-be55-277e14a9ef61',2,false),
  ('df437436-8fcc-47da-b19f-02a525a8f695','0f9356e0-c3a2-42a3-b709-1d635a9a0a7d',61,true),
  ('e71b73a3-44bf-434a-8a1d-bf2444e5fcf4','9598e8fc-865a-42a1-8d4c-f7e9afee6f90',101,true),
  ('68769c6a-259f-4b09-bd34-25e19d72f62a','37e50a32-673c-49e9-9824-e3e7c978bdfd',74,true),
  ('68769c6a-259f-4b09-bd34-25e19d72f62a','2956cce6-0533-418b-866f-bc27caaa9a53',75,true),
  ('68769c6a-259f-4b09-bd34-25e19d72f62a','bd115f63-7988-43e8-aed2-01ece92e5508',105,true),
  ('460675e5-0121-407b-803b-2e10117beb42','205e6d8a-83a0-44f6-9eb4-c2e317691d98',60,true),
  ('7c683a01-b165-4d05-baab-d36f93a3f32f','c1b8ca3b-7893-4caf-8582-69f81834486e',86,true),
  ('8393081b-9ead-417e-b3f1-ad62ccfbd6db','f16f92a9-b44e-47a1-bb09-e2fb19ef0095',1,true),
  ('7c683a01-b165-4d05-baab-d36f93a3f32f','74b2ebe9-c85c-4ad7-8560-b47aca8f5ac6',48,true),
  ('460675e5-0121-407b-803b-2e10117beb42','7f8f525b-3bcc-4261-be59-5ae98c57ca78',23,true),
  ('1dcfb27d-fd67-4997-80b6-1c67f9139b29','bdb3e9e4-4e66-428e-b517-bd0fef6063e8',71,false),
  ('475561ea-de8e-4478-81d6-609724fca985','65748972-42fc-4d2a-bf2b-9083655e45f5',25,false),
  ('7e1ca4cd-e152-4100-8acc-c41288fe1b52','e402fd5a-c394-488a-b1ee-63a9b9f3ee25',89,false),
  ('475561ea-de8e-4478-81d6-609724fca985','8c3ff477-acc5-4f35-ba48-8e5963072f8d',49,true),
  ('09cf43fd-e29d-4c78-b9c5-42af9c230474','b79a4922-3627-4e8a-b96a-446c0f4d51e5',60,true),
  ('58c074ac-7d9e-483f-9a61-0e94f32dc59d','f3cfeac7-1705-4f9d-b3cb-13b612ccfa7e',49,true),
  ('1dcfb27d-fd67-4997-80b6-1c67f9139b29','4d6a759c-1d8c-4365-862b-0c1e621f240d',61,false),
  ('460675e5-0121-407b-803b-2e10117beb42','14723f13-29cd-44b3-b73a-59040acd5bee',168,true),
  ('52e2d29c-f30f-4031-86e6-1771ea51f376','72920514-d612-4ae1-b12f-1d9bd8a8c4b8',90,true),
  ('e6f09199-f1b5-4709-9cef-cc33df416523','5586d725-c806-45bb-9af7-2b26e597b70f',78,false),
  ('8393081b-9ead-417e-b3f1-ad62ccfbd6db','8145e0dd-ac32-4435-afdd-b9d763f55522',56,false),
  ('33b9147a-36f5-4a54-b70e-80acc20a2ee7','00c562fc-fa9a-49c5-86a0-ac8faed03e4d',60,true),
  ('8fd34ba9-5dc5-49fa-b12d-6a6f815e0982','b47ec247-0672-4d95-a7bf-9f1bc3ec1c0b',179,false),
  ('8fd34ba9-5dc5-49fa-b12d-6a6f815e0982','4bdd2f6f-4b26-48ec-b293-4573f9001958',63,true),
  ('7c683a01-b165-4d05-baab-d36f93a3f32f','386c88db-6ffe-4399-b2fc-491524e4420b',185,false),
  ('e6f09199-f1b5-4709-9cef-cc33df416523','dfebe6b5-76e6-4291-8070-7990c366fca8',21,false),
  ('ee07c52d-878c-4da6-b17f-f6a409cda90e','e402fd5a-c394-488a-b1ee-63a9b9f3ee25',46,true),
  ('653515ee-372f-4074-a45b-4136f46952a9','caeb10de-ae13-4a7e-8ba9-db5e80e87d0e',66,false),
  ('460675e5-0121-407b-803b-2e10117beb42','930d0baa-7089-4eac-b931-0bec82877dd5',150,false),
  ('58c074ac-7d9e-483f-9a61-0e94f32dc59d','ca907fd4-2306-4985-8095-1f2bf369b885',126,false),
  ('d75a3e8f-2bdd-4fde-aea4-c3f52436d9e6','22288a69-ac19-4ff5-9521-7895a0bca993',27,false),
  ('df437436-8fcc-47da-b19f-02a525a8f695','8a14febd-0b15-4b48-ad14-f8804be06be9',17,true),
  ('ee07c52d-878c-4da6-b17f-f6a409cda90e','0aa6e077-7fb9-4d57-802f-0446f23062e1',81,true),
  ('e81b7531-1b0d-46b7-9b79-463e03b01c3c','fd76baa6-2584-429f-bd20-4f029f920b84',92,false),
  ('1633e38c-8de6-4de3-aa95-d5d7919f5fbb','df639a42-9390-4e09-88aa-c6c6d5d337a7',164,false),
  ('09cf43fd-e29d-4c78-b9c5-42af9c230474','043f18d4-a5f0-4f75-931f-0101ff5b1259',79,false),
  ('eba4ab51-532c-4f5b-9fc8-9ad18da92702','9ffd7cac-3d1b-40ca-aace-7aa8062e9d12',22,true),
  ('70ff8fac-6f0b-4795-9705-ed664c55f040','77c9f5c1-427b-4294-b9a4-11847c8f3bb4',155,false),
  ('df437436-8fcc-47da-b19f-02a525a8f695','83571253-b0e2-4b4c-826d-2f5a2237335e',194,true),
  ('1633e38c-8de6-4de3-aa95-d5d7919f5fbb','24eed9b7-9577-4fec-b1c6-5c118de78222',165,false),
  ('ee07c52d-878c-4da6-b17f-f6a409cda90e','b98836db-866b-4c49-b4e2-c7b6cd85f9c7',95,true),
  ('8546874d-dae3-487b-9876-953415a580c0','15ce83a5-2c01-470f-a908-df16e82740a2',8,false),
  ('8fd34ba9-5dc5-49fa-b12d-6a6f815e0982','c57d64c5-1bb6-4e53-b9f7-73d8027f7c05',174,false),
  ('e6f09199-f1b5-4709-9cef-cc33df416523','77f99742-ba3e-468a-a6d4-a3c5d1698608',32,true),
  ('eba4ab51-532c-4f5b-9fc8-9ad18da92702','4f955f32-875c-4e6e-b226-79929d4ed178',1,true),
  ('460675e5-0121-407b-803b-2e10117beb42','c22d5377-80e4-407a-9f44-ce373d142f1f',135,false),
  ('6457117a-ce37-4f2a-a0bf-7f008b544ae3','fd7c9a21-a50f-4ef9-8fbe-c64b12757f63',33,true),
  ('1633e38c-8de6-4de3-aa95-d5d7919f5fbb','3dda112e-d472-4fc0-a4bc-d67fa1792ac6',200,true),
  ('e6f09199-f1b5-4709-9cef-cc33df416523','142e3172-0811-4339-80cc-7d3a6b25317f',0,false),
  ('df437436-8fcc-47da-b19f-02a525a8f695','13d05d2f-50f1-4936-b9db-f3d665f7840f',108,false),
  ('8546874d-dae3-487b-9876-953415a580c0','4731d304-e894-4032-946a-c83a677b3cbe',33,true),
  ('475561ea-de8e-4478-81d6-609724fca985','72920514-d612-4ae1-b12f-1d9bd8a8c4b8',30,false),
  ('8393081b-9ead-417e-b3f1-ad62ccfbd6db','30da43cb-4dcc-4f2c-95e5-0d64a4dcec8f',16,true),
  ('7c683a01-b165-4d05-baab-d36f93a3f32f','9c02ca8d-6def-4187-a329-573f7c7f7128',171,true),
  ('e6f09199-f1b5-4709-9cef-cc33df416523','1c5ff357-1c86-41fb-bc22-0ef6c880cf14',28,true),
  ('70ff8fac-6f0b-4795-9705-ed664c55f040','e38e7b8b-04ee-4b0f-bbf0-51b5d7307730',119,false),
  ('eba4ab51-532c-4f5b-9fc8-9ad18da92702','97773c1a-b54d-4654-bb18-a685e8c83f34',54,false),
  ('1dcfb27d-fd67-4997-80b6-1c67f9139b29','6e64b117-c0a1-4886-8046-85eed41424e1',103,false),
  ('52e2d29c-f30f-4031-86e6-1771ea51f376','f077ff87-1e94-4ebb-810c-ef01b7ca2e06',110,true),
  ('1633e38c-8de6-4de3-aa95-d5d7919f5fbb','412f9120-c9fa-4482-b272-5849a50792ff',84,true),
  ('6457117a-ce37-4f2a-a0bf-7f008b544ae3','e402fd5a-c394-488a-b1ee-63a9b9f3ee25',35,true),
  ('eba4ab51-532c-4f5b-9fc8-9ad18da92702','77f99742-ba3e-468a-a6d4-a3c5d1698608',67,false),
  ('d75a3e8f-2bdd-4fde-aea4-c3f52436d9e6','3b26f099-765a-4ec8-a02a-2bb3c3f4c1f1',90,false),
  ('542c402b-747c-4190-9239-627abdef9e02','83d89401-a895-4fad-a313-d096949b948c',113,true),
  ('1633e38c-8de6-4de3-aa95-d5d7919f5fbb','aece7e18-236e-49f2-b5d3-25f1abe54390',163,false),
  ('e6f09199-f1b5-4709-9cef-cc33df416523','139608c0-b7d8-4c21-b521-8fd5bbc57807',86,false),
  ('52e2d29c-f30f-4031-86e6-1771ea51f376','9e38f508-3704-46be-ab6e-17e6e856222c',36,true),
  ('09cf43fd-e29d-4c78-b9c5-42af9c230474','418df147-cab4-4e35-96b8-788e87ac750f',108,true),
  ('70ff8fac-6f0b-4795-9705-ed664c55f040','7e06304c-65cc-4d3b-aa1a-936d8a04a7b4',88,true),
  ('460675e5-0121-407b-803b-2e10117beb42','0af384d9-97ea-4483-acd0-7d40e8e2b62e',177,true),
  ('3bd6b7aa-58a1-42b1-b2b1-85c9039bda36','bbf47daa-969e-4e16-a2d3-abb1568fbbd2',50,true),
  ('460675e5-0121-407b-803b-2e10117beb42','cb146a2f-8e7d-4f37-bf79-c8cd1e4794ce',34,true),
  ('7c683a01-b165-4d05-baab-d36f93a3f32f','2ffcdf90-9747-4eae-bc5a-46b587afa0dd',33,true),
  ('8fd34ba9-5dc5-49fa-b12d-6a6f815e0982','192b85c4-d19d-4ca4-8590-e03a2c483bc6',151,false),
  ('8fd34ba9-5dc5-49fa-b12d-6a6f815e0982','a7bd2d24-9bdb-46ab-83b3-1a41eabf739d',74,true),
  ('475561ea-de8e-4478-81d6-609724fca985','52182f4d-35ed-423d-8c3b-41d070fb4ed6',97,false),
  ('52e2d29c-f30f-4031-86e6-1771ea51f376','87ab2239-aabc-4212-bfe5-90bfc12757db',11,true),
  ('e71b73a3-44bf-434a-8a1d-bf2444e5fcf4','aba95f89-a508-44b6-8848-1e4041f545f3',142,false),
  ('33b9147a-36f5-4a54-b70e-80acc20a2ee7','c768882f-efdb-402e-8589-a1bbdb238330',8,true),
  ('653515ee-372f-4074-a45b-4136f46952a9','6e64b117-c0a1-4886-8046-85eed41424e1',103,false),
  ('460675e5-0121-407b-803b-2e10117beb42','eb532a2a-e6cb-4ee9-badf-78271c8a35a3',200,true),
  ('3bd6b7aa-58a1-42b1-b2b1-85c9039bda36','bd4ad40d-a482-44b2-a876-68f0d03622db',98,false),
  ('542c402b-747c-4190-9239-627abdef9e02','6df35e8c-6adf-45ea-901f-152d50e73555',71,false),
  ('475561ea-de8e-4478-81d6-609724fca985','7e038577-3229-48a2-8c39-90601869f9f9',112,false),
  ('8393081b-9ead-417e-b3f1-ad62ccfbd6db','ebfb986e-6aff-4c7a-be68-922080efaf3e',93,false),
  ('460675e5-0121-407b-803b-2e10117beb42','96fdcbc3-888f-442d-984e-1e2067147f8c',157,true),
  ('460675e5-0121-407b-803b-2e10117beb42','e79d17b3-6d48-404d-81b5-6f133971a65e',175,true),
  ('e6f09199-f1b5-4709-9cef-cc33df416523','370c0be1-4be3-44fb-8e2d-66160348d8da',29,false),
  ('ee07c52d-878c-4da6-b17f-f6a409cda90e','05c022e1-cab6-4483-aa28-80e072aa4fa9',59,true),
  ('68769c6a-259f-4b09-bd34-25e19d72f62a','3b26f099-765a-4ec8-a02a-2bb3c3f4c1f1',34,true),
  ('475561ea-de8e-4478-81d6-609724fca985','c1f87ed5-abb9-4903-8234-520e504109c5',95,true),
  ('1633e38c-8de6-4de3-aa95-d5d7919f5fbb','b92626db-b324-4c3d-8969-318a4d15e655',28,false),
  ('58c074ac-7d9e-483f-9a61-0e94f32dc59d','27c43d40-40f0-42ef-b817-eb545947875f',204,false),
  ('d75a3e8f-2bdd-4fde-aea4-c3f52436d9e6','31d4b082-ecd2-4a9b-aa14-66fd360ecc21',74,false),
  ('8393081b-9ead-417e-b3f1-ad62ccfbd6db','841905c8-9681-4d9a-a274-2ce3cf770ec1',28,false),
  ('8546874d-dae3-487b-9876-953415a580c0','22288a69-ac19-4ff5-9521-7895a0bca993',27,false),
  ('8393081b-9ead-417e-b3f1-ad62ccfbd6db','0937b6ec-97e3-4b8d-972e-4361c78f399a',38,false),
  ('8fd34ba9-5dc5-49fa-b12d-6a6f815e0982','14723f13-29cd-44b3-b73a-59040acd5bee',33,false),
  ('eba4ab51-532c-4f5b-9fc8-9ad18da92702','f8f10bee-29e5-4746-af63-95416c64b310',41,false),
  ('e81b7531-1b0d-46b7-9b79-463e03b01c3c','eca40106-e916-47fe-8e42-2fd719cac129',64,true),
  ('8fd34ba9-5dc5-49fa-b12d-6a6f815e0982','5f16e3af-15dc-4eec-a2cd-aaf88f4e74d4',193,false),
  ('e71b73a3-44bf-434a-8a1d-bf2444e5fcf4','f951103b-7404-40cb-aca6-ec84ceeb283b',90,false),
  ('8393081b-9ead-417e-b3f1-ad62ccfbd6db','0d653085-0eb8-47ad-bd48-b1c406fac5e1',40,false),
  ('e81b7531-1b0d-46b7-9b79-463e03b01c3c','2e6d019d-85e1-4a5f-a6a2-5e8f3ced45cb',68,true),
  ('d75a3e8f-2bdd-4fde-aea4-c3f52436d9e6','1c826eb6-6442-4b30-8592-b618bb63084d',102,false),
  ('475561ea-de8e-4478-81d6-609724fca985','3baaf2fc-1505-42f5-a0db-2f1598438f87',86,false),
  ('653515ee-372f-4074-a45b-4136f46952a9','de03e877-cd80-491a-bc52-780993356d6d',26,false),
  ('33b9147a-36f5-4a54-b70e-80acc20a2ee7','3b26f099-765a-4ec8-a02a-2bb3c3f4c1f1',34,true),
  ('52e2d29c-f30f-4031-86e6-1771ea51f376','9edba9e9-6d30-4c9a-beb5-f8ed7e0b1df0',53,true),
  ('7c683a01-b165-4d05-baab-d36f93a3f32f','3aaf88f3-d16a-4a78-8739-5d1ab051d33c',76,true),
  ('68769c6a-259f-4b09-bd34-25e19d72f62a','b79a4922-3627-4e8a-b96a-446c0f4d51e5',49,true),
  ('8546874d-dae3-487b-9876-953415a580c0','11fd88b1-1905-4904-a28f-d462edb84c1c',70,false),
  ('d75a3e8f-2bdd-4fde-aea4-c3f52436d9e6','70ad6ab5-5444-4ade-ae1b-c2cf016a7ada',28,false),
  ('e71b73a3-44bf-434a-8a1d-bf2444e5fcf4','27974af2-6f5a-4f98-8f95-edc7cd561601',149,true),
  ('52e2d29c-f30f-4031-86e6-1771ea51f376','157b24c4-dab0-412d-9b67-133090f054fc',67,true),
  ('1dcfb27d-fd67-4997-80b6-1c67f9139b29','60016ffb-db9e-484e-84fb-015e149fbb23',40,false),
  ('7e1ca4cd-e152-4100-8acc-c41288fe1b52','64ef8968-40fb-433c-97e1-a06fd6d33fd0',7,false),
  ('68769c6a-259f-4b09-bd34-25e19d72f62a','9c71b1ea-e325-4ad3-9da7-e04f465eff49',66,true),
  ('460675e5-0121-407b-803b-2e10117beb42','e96d98f7-c74b-4353-93c3-323efbca6b18',4,true),
  ('e6f09199-f1b5-4709-9cef-cc33df416523','679098de-4ae7-4f0a-ad0f-a7429cf0cda4',68,true),
  ('8fd34ba9-5dc5-49fa-b12d-6a6f815e0982','657fa69d-3bed-43a4-b2f8-5afcddc3ed98',54,true),
  ('eba4ab51-532c-4f5b-9fc8-9ad18da92702','83ec14bb-efd5-4c87-a5b5-6e00f0983a6e',2,true),
  ('52e2d29c-f30f-4031-86e6-1771ea51f376','6d00a8ab-8130-4670-a3fb-741732217049',112,true),
  ('542c402b-747c-4190-9239-627abdef9e02','513f646e-7755-46c7-a709-39aaeb2f53df',85,false),
  ('09cf43fd-e29d-4c78-b9c5-42af9c230474','c907f640-490c-4df1-b8bb-83a504ead059',14,true),
  ('3bd6b7aa-58a1-42b1-b2b1-85c9039bda36','6e64b117-c0a1-4886-8046-85eed41424e1',103,false),
  ('e6f09199-f1b5-4709-9cef-cc33df416523','0360899c-7cdf-407f-8530-730e2fe08db4',92,false),
  ('eba4ab51-532c-4f5b-9fc8-9ad18da92702','b105a915-86f3-499e-8449-82e9ec88eb81',30,true),
  ('8fd34ba9-5dc5-49fa-b12d-6a6f815e0982','5aa96865-eeb9-434c-b84b-0cdd8550771e',3,true),
  ('df437436-8fcc-47da-b19f-02a525a8f695','0a393dc4-cb63-4ebd-b638-8c4477bba93c',170,true),
  ('1633e38c-8de6-4de3-aa95-d5d7919f5fbb','f4e1d437-9cb5-4b9b-9f87-3eda5f952a5e',206,true),
  ('1633e38c-8de6-4de3-aa95-d5d7919f5fbb','d75d50ea-06a1-41ed-9827-1097ab3554b6',40,false),
  ('7c683a01-b165-4d05-baab-d36f93a3f32f','37c23511-f72b-4aef-a287-ac606b6267da',173,true),
  ('58c074ac-7d9e-483f-9a61-0e94f32dc59d','4eea0008-b3ab-4f0d-865d-310c02eed023',169,false),
  ('d75a3e8f-2bdd-4fde-aea4-c3f52436d9e6','a0d89b77-8930-47ce-b51a-dfb990254e6e',82,false),
  ('1633e38c-8de6-4de3-aa95-d5d7919f5fbb','04f5f680-d604-4d81-a2a2-59c3dcdac8f7',186,false),
  ('52e2d29c-f30f-4031-86e6-1771ea51f376','5850b172-9b26-44d3-b4b8-f84cf7c6ba46',9,true),
  ('df437436-8fcc-47da-b19f-02a525a8f695','b4ed8883-58e0-4ad2-9633-63b48f360f75',162,true),
  ('33b9147a-36f5-4a54-b70e-80acc20a2ee7','89115505-0304-4a5c-9af8-4ddea678159a',88,true),
  ('eba4ab51-532c-4f5b-9fc8-9ad18da92702','2bea7a75-6e33-4092-b4e9-46d87ba14a8d',52,false),
  ('7c683a01-b165-4d05-baab-d36f93a3f32f','14723f13-29cd-44b3-b73a-59040acd5bee',157,true),
  ('e71b73a3-44bf-434a-8a1d-bf2444e5fcf4','1d81649f-6d38-4709-98f3-b9a937d61223',40,true),
  ('542c402b-747c-4190-9239-627abdef9e02','101a41f0-baef-4525-9642-c55b7ae174bf',63,true),
  ('eba4ab51-532c-4f5b-9fc8-9ad18da92702','04232dde-94ab-4858-b7e9-38e3da51cbcb',50,false),
  ('09cf43fd-e29d-4c78-b9c5-42af9c230474','e8128f4d-e9da-4b51-a168-a60a7935e112',3,true),
  ('1633e38c-8de6-4de3-aa95-d5d7919f5fbb','94c529d4-1fb6-41c1-8e5b-63c542b163d2',21,false),
  ('1633e38c-8de6-4de3-aa95-d5d7919f5fbb','ec57414e-0755-4b8c-8124-9bce235cfd10',202,false),
  ('7e1ca4cd-e152-4100-8acc-c41288fe1b52','72920514-d612-4ae1-b12f-1d9bd8a8c4b8',30,false),
  ('d75a3e8f-2bdd-4fde-aea4-c3f52436d9e6','11fd88b1-1905-4904-a28f-d462edb84c1c',70,false),
  ('ee07c52d-878c-4da6-b17f-f6a409cda90e','c3abecd6-fbcd-4861-9670-e2c9a1ab0fc6',100,true),
  ('1633e38c-8de6-4de3-aa95-d5d7919f5fbb','a7bd2d24-9bdb-46ab-83b3-1a41eabf739d',73,false),
  ('09cf43fd-e29d-4c78-b9c5-42af9c230474','2956cce6-0533-418b-866f-bc27caaa9a53',86,true),
  ('e71b73a3-44bf-434a-8a1d-bf2444e5fcf4','b2442937-a516-422b-9832-9a70237bcf53',126,true),
  ('70ff8fac-6f0b-4795-9705-ed664c55f040','df1c72b1-aced-48e9-aa9c-aa04df5d0aca',106,false),
  ('8546874d-dae3-487b-9876-953415a580c0','e402fd5a-c394-488a-b1ee-63a9b9f3ee25',89,false),
  ('d75a3e8f-2bdd-4fde-aea4-c3f52436d9e6','15ce83a5-2c01-470f-a908-df16e82740a2',8,false),
  ('8fd34ba9-5dc5-49fa-b12d-6a6f815e0982','4e1a7415-58f3-475e-a9fe-4fcf83667f24',162,false),
  ('460675e5-0121-407b-803b-2e10117beb42','e5543697-a28c-4616-a00e-b1e9b770f208',65,true),
  ('8546874d-dae3-487b-9876-953415a580c0','f9d08863-d2ce-47f4-bc9b-8a19edba63a6',60,false),
  ('7c683a01-b165-4d05-baab-d36f93a3f32f','b919fbda-66c5-4ad2-8283-6721ed8a1d5e',44,true),
  ('d75a3e8f-2bdd-4fde-aea4-c3f52436d9e6','b68d2cce-6b01-4f23-b50a-a3869c63da75',20,false),
  ('8546874d-dae3-487b-9876-953415a580c0','60016ffb-db9e-484e-84fb-015e149fbb23',40,false),
  ('475561ea-de8e-4478-81d6-609724fca985','9d0c9358-e050-4ea8-97ca-715b16da109a',78,false),
  ('475561ea-de8e-4478-81d6-609724fca985','4ac47d53-e83a-4f56-9759-94fa42c37d18',45,false),
  ('e71b73a3-44bf-434a-8a1d-bf2444e5fcf4','e1e7d4d6-57f2-47c8-94b7-fc1021a88e26',99,true),
  ('460675e5-0121-407b-803b-2e10117beb42','db5dab43-f2a5-4dfe-b30c-2d990d0e870a',113,true),
  ('33b9147a-36f5-4a54-b70e-80acc20a2ee7','a0d89b77-8930-47ce-b51a-dfb990254e6e',42,true),
  ('df437436-8fcc-47da-b19f-02a525a8f695','a00eb8a8-2d68-4994-b9a9-d39fa45103d0',2,true),
  ('e71b73a3-44bf-434a-8a1d-bf2444e5fcf4','6e4e9f10-dce5-4395-9805-55750f3ef326',49,true),
  ('8546874d-dae3-487b-9876-953415a580c0','320f5709-2223-47d7-b729-021e36d39836',73,false),
  ('1dcfb27d-fd67-4997-80b6-1c67f9139b29','a78f0563-8cb9-4912-82f2-8fd6123b4938',65,false),
  ('68769c6a-259f-4b09-bd34-25e19d72f62a','a8a1d7a3-ed03-42ec-9923-741bfeee01ca',69,false),
  ('68769c6a-259f-4b09-bd34-25e19d72f62a','2461cec9-0d4b-469f-b9fe-6bd32a0cd11e',44,true),
  ('df437436-8fcc-47da-b19f-02a525a8f695','3dda112e-d472-4fc0-a4bc-d67fa1792ac6',5,false),
  ('eba4ab51-532c-4f5b-9fc8-9ad18da92702','56dfe2bf-6d14-4d72-9a42-4419020b80a8',0,true),
  ('7e1ca4cd-e152-4100-8acc-c41288fe1b52','bb8b3971-adf7-4503-a815-87037e893ec6',79,false),
  ('6457117a-ce37-4f2a-a0bf-7f008b544ae3','043f18d4-a5f0-4f75-931f-0101ff5b1259',68,false),
  ('1633e38c-8de6-4de3-aa95-d5d7919f5fbb','bcc8e77f-517b-4fa8-b994-6864c51e8ea4',9,false),
  ('653515ee-372f-4074-a45b-4136f46952a9','dd197b18-2747-4279-bb33-6c2d34376b59',123,true),
  ('542c402b-747c-4190-9239-627abdef9e02','6ba17caf-fc02-4d8d-95a6-b0150ed63ba0',102,true),
  ('460675e5-0121-407b-803b-2e10117beb42','8d0d7384-2f97-4fa4-bb62-48e6a0d95ed1',96,true),
  ('653515ee-372f-4074-a45b-4136f46952a9','5ac0b251-b2a8-4808-9a1b-95f213af8a57',100,false),
  ('52e2d29c-f30f-4031-86e6-1771ea51f376','74b2c7ce-c3fd-4138-9444-ee07e4daedd5',59,true),
  ('6457117a-ce37-4f2a-a0bf-7f008b544ae3','ae2db9bb-88e6-4b9b-9372-48a7b0415596',73,false),
  ('542c402b-747c-4190-9239-627abdef9e02','7e038577-3229-48a2-8c39-90601869f9f9',14,true),
  ('460675e5-0121-407b-803b-2e10117beb42','0a2ef4ea-58d1-486f-bf94-e1cadbb0244a',91,false),
  ('7c683a01-b165-4d05-baab-d36f93a3f32f','bd4ad40d-a482-44b2-a876-68f0d03622db',2,true),
  ('8fd34ba9-5dc5-49fa-b12d-6a6f815e0982','37c23511-f72b-4aef-a287-ac606b6267da',17,false),
  ('68769c6a-259f-4b09-bd34-25e19d72f62a','59d30c55-f1b5-4b9a-a6d2-24ab72700b86',25,false),
  ('8546874d-dae3-487b-9876-953415a580c0','251b00d7-eeea-4a23-b9ac-495b8b3ae16d',121,false),
  ('df437436-8fcc-47da-b19f-02a525a8f695','f54a7892-27d9-4bbb-a752-f6669daf0df8',181,true),
  ('e71b73a3-44bf-434a-8a1d-bf2444e5fcf4','8b2963be-be20-4d9e-b910-e2e8c5ef523e',135,true),
  ('3bd6b7aa-58a1-42b1-b2b1-85c9039bda36','f555ec56-be0b-47d3-a53c-67abe7b61187',35,false),
  ('eba4ab51-532c-4f5b-9fc8-9ad18da92702','d2f90412-5ce3-4213-8b82-fae263751f81',23,true),
  ('460675e5-0121-407b-803b-2e10117beb42','5428c81b-011b-40d0-9596-94ed6fee43c4',42,true),
  ('1633e38c-8de6-4de3-aa95-d5d7919f5fbb','3af16e56-1817-4f2c-b898-b4848f1cc914',79,true),
  ('70ff8fac-6f0b-4795-9705-ed664c55f040','44997105-2724-4ae7-847b-e9e1fc386a62',16,true),
  ('1633e38c-8de6-4de3-aa95-d5d7919f5fbb','bf29aaa9-839a-4239-b171-91211591a21c',189,false),
  ('eba4ab51-532c-4f5b-9fc8-9ad18da92702','9a598516-bf58-40bb-8e5f-160953602835',85,true),
  ('52e2d29c-f30f-4031-86e6-1771ea51f376','24145fc4-12da-4f74-8115-323729efa897',0,true),
  ('460675e5-0121-407b-803b-2e10117beb42','ce6d5c8e-4249-4760-ba11-b47a5223a749',63,true),
  ('542c402b-747c-4190-9239-627abdef9e02','31f40769-5409-44c0-a2d7-60d1a1497173',82,true),
  ('3bd6b7aa-58a1-42b1-b2b1-85c9039bda36','09263f12-9edd-4dd9-aa26-cc9fd5aab62e',5,true),
  ('d75a3e8f-2bdd-4fde-aea4-c3f52436d9e6','19a4d582-00fa-4aa3-9d64-cd682fa4d67a',42,false),
  ('7e1ca4cd-e152-4100-8acc-c41288fe1b52','794afe47-daf6-4d0e-bf52-2b21d35f13ad',37,false),
  ('1dcfb27d-fd67-4997-80b6-1c67f9139b29','251b00d7-eeea-4a23-b9ac-495b8b3ae16d',121,false),
  ('1633e38c-8de6-4de3-aa95-d5d7919f5fbb','ddf53fc5-6c0c-498d-8f83-25819d31a366',29,false),
  ('6457117a-ce37-4f2a-a0bf-7f008b544ae3','532b3514-8072-4ad3-ab4c-5cc1c20be1f4',86,true),
  ('653515ee-372f-4074-a45b-4136f46952a9','545b008c-9f1f-4437-96d0-c9159d4e90d2',15,false),
  ('653515ee-372f-4074-a45b-4136f46952a9','4010a149-feb0-469b-b0e1-4853f90a4091',109,true),
  ('58c074ac-7d9e-483f-9a61-0e94f32dc59d','c820976f-8735-432a-838a-ac59b0496455',67,true),
  ('475561ea-de8e-4478-81d6-609724fca985','22288a69-ac19-4ff5-9521-7895a0bca993',27,false),
  ('58c074ac-7d9e-483f-9a61-0e94f32dc59d','657fa69d-3bed-43a4-b2f8-5afcddc3ed98',54,true),
  ('09cf43fd-e29d-4c78-b9c5-42af9c230474','7c93d5c3-0454-4654-b84f-b00480cee39e',69,true),
  ('1633e38c-8de6-4de3-aa95-d5d7919f5fbb','f6b33a5d-59b1-45ca-951a-fb7b81307c9e',72,true),
  ('52e2d29c-f30f-4031-86e6-1771ea51f376','b98836db-866b-4c49-b4e2-c7b6cd85f9c7',84,true),
  ('653515ee-372f-4074-a45b-4136f46952a9','f555ec56-be0b-47d3-a53c-67abe7b61187',35,false),
  ('d75a3e8f-2bdd-4fde-aea4-c3f52436d9e6','1e3dae3d-8642-47d1-a152-99797a7e617c',122,false),
  ('1dcfb27d-fd67-4997-80b6-1c67f9139b29','fedf7581-2828-47fc-a5e4-255226797983',1,false),
  ('e81b7531-1b0d-46b7-9b79-463e03b01c3c','1924cbdc-0f1d-49d2-ba1b-d2e81350c134',36,true),
  ('68769c6a-259f-4b09-bd34-25e19d72f62a','d300e764-9583-4b59-97b8-c0698978f080',39,true),
  ('ee07c52d-878c-4da6-b17f-f6a409cda90e','a6ed7b89-558a-48ef-81ae-92c217fa0402',75,true),
  ('542c402b-747c-4190-9239-627abdef9e02','206db8fa-4a46-42d0-ba7c-343dcf1cd424',83,true),
  ('e81b7531-1b0d-46b7-9b79-463e03b01c3c','6cee857e-d374-4e12-9495-7b036ebb74d7',35,true),
  ('e6f09199-f1b5-4709-9cef-cc33df416523','022527c9-cd9c-4167-ae76-1662deeb4ba2',95,false),
  ('d75a3e8f-2bdd-4fde-aea4-c3f52436d9e6','47ae20e6-14d2-4cc1-a4af-7451706b0762',4,false),
  ('33b9147a-36f5-4a54-b70e-80acc20a2ee7','c3abecd6-fbcd-4861-9670-e2c9a1ab0fc6',89,true),
  ('1dcfb27d-fd67-4997-80b6-1c67f9139b29','d193fc8c-5ecc-4217-a5be-e9fb6dfe7d6a',52,false),
  ('58c074ac-7d9e-483f-9a61-0e94f32dc59d','38d3a351-9b9b-461e-bbeb-2f2d436e1067',184,false),
  ('653515ee-372f-4074-a45b-4136f46952a9','b68d2cce-6b01-4f23-b50a-a3869c63da75',20,false),
  ('ee07c52d-878c-4da6-b17f-f6a409cda90e','83d89401-a895-4fad-a313-d096949b948c',124,true),
  ('1dcfb27d-fd67-4997-80b6-1c67f9139b29','09f0bd4e-d2a6-48f1-afa9-f8dc11f9cc01',113,false),
  ('52e2d29c-f30f-4031-86e6-1771ea51f376','59d30c55-f1b5-4b9a-a6d2-24ab72700b86',25,false),
  ('6457117a-ce37-4f2a-a0bf-7f008b544ae3','880a8433-0cd0-4148-9e8a-bbcd13530f89',45,true),
  ('7e1ca4cd-e152-4100-8acc-c41288fe1b52','a9ffeae3-cfdd-4711-a722-3c735db8746a',77,false),
  ('7e1ca4cd-e152-4100-8acc-c41288fe1b52','8c3ff477-acc5-4f35-ba48-8e5963072f8d',49,true),
  ('8393081b-9ead-417e-b3f1-ad62ccfbd6db','ebdafd46-abb1-4df6-8202-d60dba92c7b2',22,true),
  ('e6f09199-f1b5-4709-9cef-cc33df416523','d2590314-c556-4c42-9a12-551691d3ad11',93,false),
  ('58c074ac-7d9e-483f-9a61-0e94f32dc59d','1af7e67b-3aa6-46a0-980a-1bc0875d2bdd',130,false),
  ('460675e5-0121-407b-803b-2e10117beb42','737bb5ab-663c-4b0c-ab33-4c0489501c86',92,false),
  ('33b9147a-36f5-4a54-b70e-80acc20a2ee7','d183fbcf-eaa8-4a1f-ae0d-2a53df24257e',55,true),
  ('d75a3e8f-2bdd-4fde-aea4-c3f52436d9e6','2b5894a7-dff6-4b75-bde2-8eedcc3eec71',29,false),
  ('8546874d-dae3-487b-9876-953415a580c0','3a2d108d-da86-477d-a415-932053067242',92,false),
  ('475561ea-de8e-4478-81d6-609724fca985','545b008c-9f1f-4437-96d0-c9159d4e90d2',15,false),
  ('7c683a01-b165-4d05-baab-d36f93a3f32f','1c4cc221-cf07-4143-91fa-df5f3bd6a1f7',93,true),
  ('df437436-8fcc-47da-b19f-02a525a8f695','7f8f525b-3bcc-4261-be59-5ae98c57ca78',23,true),
  ('d75a3e8f-2bdd-4fde-aea4-c3f52436d9e6','ee4c88d5-2e97-4fb9-8d28-1d0e8196a97c',69,false),
  ('1633e38c-8de6-4de3-aa95-d5d7919f5fbb','192b85c4-d19d-4ca4-8590-e03a2c483bc6',151,false),
  ('33b9147a-36f5-4a54-b70e-80acc20a2ee7','d300e764-9583-4b59-97b8-c0698978f080',39,true),
  ('1633e38c-8de6-4de3-aa95-d5d7919f5fbb','7c6efe88-cbec-4f8d-9e56-0ea42b8d5e6a',136,false),
  ('eba4ab51-532c-4f5b-9fc8-9ad18da92702','bb717869-d6a9-43e8-8341-d7b972d14db9',53,false),
  ('09cf43fd-e29d-4c78-b9c5-42af9c230474','f8deb8d1-1fcf-421e-b309-41109b43f862',107,true),
  ('e6f09199-f1b5-4709-9cef-cc33df416523','26833e3e-cabe-46f2-ac29-a0dc37f67149',15,false),
  ('1633e38c-8de6-4de3-aa95-d5d7919f5fbb','635db411-27f8-4f21-9481-3c08dd5daa66',38,false),
  ('e71b73a3-44bf-434a-8a1d-bf2444e5fcf4','7477b000-e71a-4553-a312-829d0f15aae0',75,true),
  ('58c074ac-7d9e-483f-9a61-0e94f32dc59d','413663b3-57e1-4975-b9b4-33a82f02a1df',131,false),
  ('d75a3e8f-2bdd-4fde-aea4-c3f52436d9e6','6e64b117-c0a1-4886-8046-85eed41424e1',103,false),
  ('58c074ac-7d9e-483f-9a61-0e94f32dc59d','f126bb48-9342-4df0-9e31-df89f97d3652',12,false),
  ('7c683a01-b165-4d05-baab-d36f93a3f32f','bcc8e77f-517b-4fa8-b994-6864c51e8ea4',181,true),
  ('1633e38c-8de6-4de3-aa95-d5d7919f5fbb','930e7a33-e6bc-4a71-bbd0-d9e3982ecefb',175,false),
  ('1dcfb27d-fd67-4997-80b6-1c67f9139b29','af59bb6c-706d-49b6-bd9a-9045f9a14e95',83,false),
  ('8546874d-dae3-487b-9876-953415a580c0','4010a149-feb0-469b-b0e1-4853f90a4091',109,true),
  ('df437436-8fcc-47da-b19f-02a525a8f695','9a885301-9e46-4e85-9594-88617b4a1ff2',122,false),
  ('653515ee-372f-4074-a45b-4136f46952a9','87ab2239-aabc-4212-bfe5-90bfc12757db',115,false),
  ('e71b73a3-44bf-434a-8a1d-bf2444e5fcf4','d6ebad1f-3dbb-43a3-9034-dfabf97f50af',31,true),
  ('e71b73a3-44bf-434a-8a1d-bf2444e5fcf4','847a24f2-0003-4673-9df4-f638ab8bdceb',10,true),
  ('09cf43fd-e29d-4c78-b9c5-42af9c230474','70ad6ab5-5444-4ade-ae1b-c2cf016a7ada',103,true),
  ('33b9147a-36f5-4a54-b70e-80acc20a2ee7','9e38f508-3704-46be-ab6e-17e6e856222c',36,true),
  ('70ff8fac-6f0b-4795-9705-ed664c55f040','70707df2-1c6f-43a7-9eb6-2f6653417cef',35,false),
  ('6457117a-ce37-4f2a-a0bf-7f008b544ae3','6df35e8c-6adf-45ea-901f-152d50e73555',71,false),
  ('e6f09199-f1b5-4709-9cef-cc33df416523','ec22bf01-22df-4d87-a419-62704c4f9812',14,false),
  ('460675e5-0121-407b-803b-2e10117beb42','883e37b1-65ca-4525-a501-d995422ccc4f',130,false),
  ('6457117a-ce37-4f2a-a0bf-7f008b544ae3','7210ea1b-d8af-4be6-a172-bb7034a2f0df',106,true),
  ('8393081b-9ead-417e-b3f1-ad62ccfbd6db','f7424a56-373c-44fc-90d8-f3a1593544b6',18,true),
  ('d75a3e8f-2bdd-4fde-aea4-c3f52436d9e6','b4422e9a-7f1d-44ca-9926-85dadce125da',14,false),
  ('8fd34ba9-5dc5-49fa-b12d-6a6f815e0982','962e4e19-4e56-40ef-a4b7-104f79c9330d',182,false),
  ('8546874d-dae3-487b-9876-953415a580c0','6db8b1cf-bb07-4e80-aa60-889714de7590',13,false),
  ('3bd6b7aa-58a1-42b1-b2b1-85c9039bda36','23ad3e72-f0b7-4a05-bc5e-6e71924a7242',11,false),
  ('df437436-8fcc-47da-b19f-02a525a8f695','3aaf88f3-d16a-4a78-8739-5d1ab051d33c',87,true),
  ('542c402b-747c-4190-9239-627abdef9e02','a4f5adff-c117-4f10-a596-c6dedbf52caa',98,true),
  ('68769c6a-259f-4b09-bd34-25e19d72f62a','6f54d8ae-9b80-44cf-9a88-b230a06ac491',80,true),
  ('7e1ca4cd-e152-4100-8acc-c41288fe1b52','236395a1-24b3-49c9-a835-5dff9f4ff658',68,false),
  ('e81b7531-1b0d-46b7-9b79-463e03b01c3c','90c13d41-120a-493a-98db-66d2f058fef8',1,true),
  ('1633e38c-8de6-4de3-aa95-d5d7919f5fbb','af65a589-cc95-4230-9d48-f09467dcdd2d',133,false),
  ('653515ee-372f-4074-a45b-4136f46952a9','d98aac0e-3f29-468c-b9bd-a160e5208f75',47,false),
  ('7e1ca4cd-e152-4100-8acc-c41288fe1b52','c3dfe92b-9855-4992-b054-d0f696df8b7a',58,false),
  ('33b9147a-36f5-4a54-b70e-80acc20a2ee7','6ba17caf-fc02-4d8d-95a6-b0150ed63ba0',102,true),
  ('7e1ca4cd-e152-4100-8acc-c41288fe1b52','4c1ff6bf-59b1-44e0-b423-704ee9d658e6',55,false),
  ('7c683a01-b165-4d05-baab-d36f93a3f32f','737bb5ab-663c-4b0c-ab33-4c0489501c86',81,false),
  ('70ff8fac-6f0b-4795-9705-ed664c55f040','b1116184-d239-46b8-b8dd-1506d5dff597',152,true),
  ('475561ea-de8e-4478-81d6-609724fca985','e402fd5a-c394-488a-b1ee-63a9b9f3ee25',89,false),
  ('70ff8fac-6f0b-4795-9705-ed664c55f040','bc6845a6-68bb-4c96-a627-b9c478ece89e',97,false),
  ('475561ea-de8e-4478-81d6-609724fca985','6e64b117-c0a1-4886-8046-85eed41424e1',103,false),
  ('7c683a01-b165-4d05-baab-d36f93a3f32f','e93e25f5-e15a-4c3a-9ad8-8c2bd02cff4c',114,false),
  ('68769c6a-259f-4b09-bd34-25e19d72f62a','9edba9e9-6d30-4c9a-beb5-f8ed7e0b1df0',53,true),
  ('58c074ac-7d9e-483f-9a61-0e94f32dc59d','e724e532-fa2d-4d16-9913-123e203b1cbf',144,false),
  ('460675e5-0121-407b-803b-2e10117beb42','f63a0dad-8dde-4201-a1af-ac4e605a3022',142,true),
  ('68769c6a-259f-4b09-bd34-25e19d72f62a','e6e676ed-51f4-4530-a420-3d65bcb97540',61,true),
  ('7c683a01-b165-4d05-baab-d36f93a3f32f','dba3ddb7-1258-4d81-b254-c2ce177a244b',13,true),
  ('3bd6b7aa-58a1-42b1-b2b1-85c9039bda36','9e38f508-3704-46be-ab6e-17e6e856222c',88,false),
  ('33b9147a-36f5-4a54-b70e-80acc20a2ee7','f4742294-0cec-41e6-9cd8-76ff3d1c6c02',109,true),
  ('653515ee-372f-4074-a45b-4136f46952a9','1c826eb6-6442-4b30-8592-b618bb63084d',102,false),
  ('460675e5-0121-407b-803b-2e10117beb42','0862ee07-3b2e-4c0c-b5cd-b544a3129a76',85,true),
  ('e81b7531-1b0d-46b7-9b79-463e03b01c3c','1ea87d3f-9ae0-492d-8e25-5fcef0ece8ed',5,true),
  ('3bd6b7aa-58a1-42b1-b2b1-85c9039bda36','95fa9ffb-cf17-4a68-980f-59e8ee092e9c',9,false),
  ('8fd34ba9-5dc5-49fa-b12d-6a6f815e0982','f126bb48-9342-4df0-9e31-df89f97d3652',12,false),
  ('7c683a01-b165-4d05-baab-d36f93a3f32f','69f7690b-f1a5-457e-8b4e-343eaee0e8f3',16,true),
  ('3bd6b7aa-58a1-42b1-b2b1-85c9039bda36','31d4b082-ecd2-4a9b-aa14-66fd360ecc21',74,false),
  ('460675e5-0121-407b-803b-2e10117beb42','62b43719-5e4b-48b3-8546-e588dff5765e',21,true),
  ('8546874d-dae3-487b-9876-953415a580c0','c768882f-efdb-402e-8589-a1bbdb238330',118,false),
  ('7c683a01-b165-4d05-baab-d36f93a3f32f','e544e1c9-464b-4ee0-9122-41438bdd55ab',106,false),
  ('eba4ab51-532c-4f5b-9fc8-9ad18da92702','50daa88b-6df0-4141-a4f5-b3e08a78a087',42,false),
  ('7e1ca4cd-e152-4100-8acc-c41288fe1b52','4aa33db0-c38f-4951-b0a5-2f3d67455b6a',96,true),
  ('ee07c52d-878c-4da6-b17f-f6a409cda90e','0cac3f00-67af-4c38-b7bd-5d78cad01cc4',129,true),
  ('d75a3e8f-2bdd-4fde-aea4-c3f52436d9e6','51df5516-1155-4d34-82d3-1407e195df67',36,false),
  ('475561ea-de8e-4478-81d6-609724fca985','0a070fa4-8d48-45f6-97c9-4afed3ad48b5',93,true),
  ('653515ee-372f-4074-a45b-4136f46952a9','de7d0c8e-72d6-49ba-aee9-a8b242feab94',122,true),
  ('52e2d29c-f30f-4031-86e6-1771ea51f376','5ac0b251-b2a8-4808-9a1b-95f213af8a57',24,true),
  ('e71b73a3-44bf-434a-8a1d-bf2444e5fcf4','eab88550-1974-48d6-8f4c-8167d226bf71',102,true),
  ('475561ea-de8e-4478-81d6-609724fca985','8962833b-dd4d-461a-8e7f-52d4e87675a5',3,false),
  ('70ff8fac-6f0b-4795-9705-ed664c55f040','3d98788e-88e0-448c-9437-f947cbd83e0b',28,false),
  ('58c074ac-7d9e-483f-9a61-0e94f32dc59d','04a726eb-50e2-4621-bafa-9ad722f1382d',102,false),
  ('e6f09199-f1b5-4709-9cef-cc33df416523','96a89a6e-d8ed-4c1a-b61b-c9a6c3f791fd',36,true),
  ('3bd6b7aa-58a1-42b1-b2b1-85c9039bda36','2b5894a7-dff6-4b75-bde2-8eedcc3eec71',29,false),
  ('8546874d-dae3-487b-9876-953415a580c0','3b26f099-765a-4ec8-a02a-2bb3c3f4c1f1',90,false),
  ('475561ea-de8e-4478-81d6-609724fca985','d9c4c012-2798-4cb7-a604-850d9612c5ea',62,false),
  ('33b9147a-36f5-4a54-b70e-80acc20a2ee7','72920514-d612-4ae1-b12f-1d9bd8a8c4b8',90,true),
  ('3bd6b7aa-58a1-42b1-b2b1-85c9039bda36','11fd88b1-1905-4904-a28f-d462edb84c1c',70,false),
  ('df437436-8fcc-47da-b19f-02a525a8f695','2bda83a9-d3c0-4168-84c6-9d1ea9d2d979',109,false),
  ('68769c6a-259f-4b09-bd34-25e19d72f62a','490e3571-3002-413b-82db-2b6d1a34e1f4',77,true),
  ('6457117a-ce37-4f2a-a0bf-7f008b544ae3','9c71b1ea-e325-4ad3-9da7-e04f465eff49',66,true),
  ('542c402b-747c-4190-9239-627abdef9e02','bd115f63-7988-43e8-aed2-01ece92e5508',105,true),
  ('58c074ac-7d9e-483f-9a61-0e94f32dc59d','5aa96865-eeb9-434c-b84b-0cdd8550771e',3,true),
  ('df437436-8fcc-47da-b19f-02a525a8f695','431f0c40-1565-4073-a742-b8851f98a61e',100,true),
  ('ee07c52d-878c-4da6-b17f-f6a409cda90e','5ac0b251-b2a8-4808-9a1b-95f213af8a57',35,true),
  ('8393081b-9ead-417e-b3f1-ad62ccfbd6db','db9c0e4b-5b03-4929-8243-555ba91ff51e',36,false),
  ('ee07c52d-878c-4da6-b17f-f6a409cda90e','d300e764-9583-4b59-97b8-c0698978f080',50,true),
  ('475561ea-de8e-4478-81d6-609724fca985','11fd88b1-1905-4904-a28f-d462edb84c1c',70,false),
  ('8fd34ba9-5dc5-49fa-b12d-6a6f815e0982','c73dd0e9-3222-40f9-ab05-2bdf4497e174',148,false),
  ('e6f09199-f1b5-4709-9cef-cc33df416523','c3254ab8-1934-458a-a368-ecf5d71f11b9',43,true),
  ('8546874d-dae3-487b-9876-953415a580c0','70ad6ab5-5444-4ade-ae1b-c2cf016a7ada',28,false),
  ('6457117a-ce37-4f2a-a0bf-7f008b544ae3','301b205f-c992-4213-92a1-be161819cf2d',79,true),
  ('58c074ac-7d9e-483f-9a61-0e94f32dc59d','f39fdb7b-2e3f-417f-99ff-2375529c7d40',80,true),
  ('d75a3e8f-2bdd-4fde-aea4-c3f52436d9e6','c3dfe92b-9855-4992-b054-d0f696df8b7a',58,false),
  ('3bd6b7aa-58a1-42b1-b2b1-85c9039bda36','b4422e9a-7f1d-44ca-9926-85dadce125da',14,false),
  ('e6f09199-f1b5-4709-9cef-cc33df416523','e0dc30c2-b203-4542-a18a-df3762566f77',34,true),
  ('7c683a01-b165-4d05-baab-d36f93a3f32f','3d56133f-0809-4a04-b19f-cdc4481fc922',140,false),
  ('33b9147a-36f5-4a54-b70e-80acc20a2ee7','880a8433-0cd0-4148-9e8a-bbcd13530f89',45,true),
  ('7c683a01-b165-4d05-baab-d36f93a3f32f','66fbe0b2-82c1-4943-9782-224d5a2a081c',179,true),
  ('33b9147a-36f5-4a54-b70e-80acc20a2ee7','a4f5adff-c117-4f10-a596-c6dedbf52caa',98,true),
  ('e6f09199-f1b5-4709-9cef-cc33df416523','e42e52d6-6b0a-461b-a4ba-37802f9df651',60,true),
  ('8546874d-dae3-487b-9876-953415a580c0','8c3ff477-acc5-4f35-ba48-8e5963072f8d',49,true),
  ('653515ee-372f-4074-a45b-4136f46952a9','60016ffb-db9e-484e-84fb-015e149fbb23',40,false),
  ('653515ee-372f-4074-a45b-4136f46952a9','81e7f861-09b5-43f8-b49b-3ecf5575511b',64,false),
  ('09cf43fd-e29d-4c78-b9c5-42af9c230474','01d2c35a-228d-483e-933a-12236fd603c6',57,true),
  ('e81b7531-1b0d-46b7-9b79-463e03b01c3c','6de074a8-8242-4da1-9d97-ef85e99a041a',94,false),
  ('e71b73a3-44bf-434a-8a1d-bf2444e5fcf4','7e06304c-65cc-4d3b-aa1a-936d8a04a7b4',70,false),
  ('58c074ac-7d9e-483f-9a61-0e94f32dc59d','37c23511-f72b-4aef-a287-ac606b6267da',17,false),
  ('d75a3e8f-2bdd-4fde-aea4-c3f52436d9e6','d98aac0e-3f29-468c-b9bd-a160e5208f75',47,false),
  ('7c683a01-b165-4d05-baab-d36f93a3f32f','bd823fc5-02cc-404f-b683-182ceea9d4d6',17,true),
  ('70ff8fac-6f0b-4795-9705-ed664c55f040','e86c6e43-8732-4a1a-9df2-9d6d9d3f36d8',151,true),
  ('33b9147a-36f5-4a54-b70e-80acc20a2ee7','6f500f59-515b-4673-a6f4-2c614d1d08b1',50,true),
  ('3bd6b7aa-58a1-42b1-b2b1-85c9039bda36','320f5709-2223-47d7-b729-021e36d39836',73,false),
  ('8393081b-9ead-417e-b3f1-ad62ccfbd6db','60f6d277-d282-45af-be63-1fb570a36989',31,false),
  ('8fd34ba9-5dc5-49fa-b12d-6a6f815e0982','386c88db-6ffe-4399-b2fc-491524e4420b',5,true),
  ('7c683a01-b165-4d05-baab-d36f93a3f32f','0a082979-4ad5-4336-8cf9-5b888141c149',149,true),
  ('e71b73a3-44bf-434a-8a1d-bf2444e5fcf4','eb099b21-d8f4-432b-ad65-d0e1dea9488a',125,true),
  ('6457117a-ce37-4f2a-a0bf-7f008b544ae3','3a2d108d-da86-477d-a415-932053067242',32,true),
  ('8fd34ba9-5dc5-49fa-b12d-6a6f815e0982','13e67563-701c-4113-8b5c-034a8b6e65e6',13,false),
  ('52e2d29c-f30f-4031-86e6-1771ea51f376','880a8433-0cd0-4148-9e8a-bbcd13530f89',45,true),
  ('68769c6a-259f-4b09-bd34-25e19d72f62a','0cac3f00-67af-4c38-b7bd-5d78cad01cc4',118,true),
  ('8546874d-dae3-487b-9876-953415a580c0','4aa33db0-c38f-4951-b0a5-2f3d67455b6a',96,true),
  ('3bd6b7aa-58a1-42b1-b2b1-85c9039bda36','3af32413-f8da-4404-be9d-e00422c473cb',105,true),
  ('475561ea-de8e-4478-81d6-609724fca985','09f0bd4e-d2a6-48f1-afa9-f8dc11f9cc01',113,false),
  ('1dcfb27d-fd67-4997-80b6-1c67f9139b29','3a2d108d-da86-477d-a415-932053067242',92,false),
  ('58c074ac-7d9e-483f-9a61-0e94f32dc59d','ce53c441-dfc7-449f-81aa-f3bf206f46e9',93,true),
  ('df437436-8fcc-47da-b19f-02a525a8f695','0a082979-4ad5-4336-8cf9-5b888141c149',160,true),
  ('e81b7531-1b0d-46b7-9b79-463e03b01c3c','5a480ab3-8cce-422b-8e24-a0879e622bb0',21,true),
  ('460675e5-0121-407b-803b-2e10117beb42','3af16e56-1817-4f2c-b898-b4848f1cc914',124,false),
  ('1dcfb27d-fd67-4997-80b6-1c67f9139b29','3af32413-f8da-4404-be9d-e00422c473cb',105,true),
  ('33b9147a-36f5-4a54-b70e-80acc20a2ee7','6f54d8ae-9b80-44cf-9a88-b230a06ac491',80,true),
  ('653515ee-372f-4074-a45b-4136f46952a9','3a2d108d-da86-477d-a415-932053067242',92,false),
  ('09cf43fd-e29d-4c78-b9c5-42af9c230474','490e3571-3002-413b-82db-2b6d1a34e1f4',88,true),
  ('09cf43fd-e29d-4c78-b9c5-42af9c230474','c1f87ed5-abb9-4903-8234-520e504109c5',40,false),
  ('1633e38c-8de6-4de3-aa95-d5d7919f5fbb','6551e783-01f4-4c59-add9-6f70874d50f2',149,false),
  ('e81b7531-1b0d-46b7-9b79-463e03b01c3c','05f5d811-db8c-4f24-9f33-c5fdfd725dcd',13,true),
  ('d75a3e8f-2bdd-4fde-aea4-c3f52436d9e6','f5f4ee8a-28d6-40ad-868e-dc7679579c54',81,false),
  ('70ff8fac-6f0b-4795-9705-ed664c55f040','b2442937-a516-422b-9832-9a70237bcf53',33,false),
  ('460675e5-0121-407b-803b-2e10117beb42','64b95354-2da2-43bc-9a36-4cfd00a9c058',38,true),
  ('6457117a-ce37-4f2a-a0bf-7f008b544ae3','3b26f099-765a-4ec8-a02a-2bb3c3f4c1f1',34,true),
  ('3bd6b7aa-58a1-42b1-b2b1-85c9039bda36','897e8ff1-2b82-4a8d-8a7e-17172636e9a5',39,false),
  ('653515ee-372f-4074-a45b-4136f46952a9','c3dfe92b-9855-4992-b054-d0f696df8b7a',58,false),
  ('475561ea-de8e-4478-81d6-609724fca985','81e7f861-09b5-43f8-b49b-3ecf5575511b',64,false),
  ('460675e5-0121-407b-803b-2e10117beb42','37c23511-f72b-4aef-a287-ac606b6267da',184,true),
  ('8fd34ba9-5dc5-49fa-b12d-6a6f815e0982','f65b57b9-5fc2-4d58-94fb-4f7aab113537',53,true),
  ('3bd6b7aa-58a1-42b1-b2b1-85c9039bda36','6db8b1cf-bb07-4e80-aa60-889714de7590',13,false),
  ('460675e5-0121-407b-803b-2e10117beb42','d634f076-a505-40e5-87b9-c24016ac346c',77,true),
  ('e71b73a3-44bf-434a-8a1d-bf2444e5fcf4','f95c1a47-0e86-4222-a2b5-a3151d78e877',59,true),
  ('460675e5-0121-407b-803b-2e10117beb42','956d4cc6-d88f-41e3-be45-3a44ab2b676f',145,false),
  ('6457117a-ce37-4f2a-a0bf-7f008b544ae3','418df147-cab4-4e35-96b8-788e87ac750f',97,true),
  ('df437436-8fcc-47da-b19f-02a525a8f695','b73baa70-ec8e-4405-ad3f-7497b07a6100',52,true),
  ('7c683a01-b165-4d05-baab-d36f93a3f32f','930d0baa-7089-4eac-b931-0bec82877dd5',139,false),
  ('1633e38c-8de6-4de3-aa95-d5d7919f5fbb','a4f96055-941a-449b-93e3-2b89e8c3a256',124,false),
  ('460675e5-0121-407b-803b-2e10117beb42','f29914b4-6687-4545-a163-f98f4eb41f57',13,true),
  ('1dcfb27d-fd67-4997-80b6-1c67f9139b29','51df5516-1155-4d34-82d3-1407e195df67',36,false),
  ('e81b7531-1b0d-46b7-9b79-463e03b01c3c','22e5cfdf-6d6c-4620-8673-af0300cb0229',33,true),
  ('653515ee-372f-4074-a45b-4136f46952a9','a4f5adff-c117-4f10-a596-c6dedbf52caa',22,false),
  ('8393081b-9ead-417e-b3f1-ad62ccfbd6db','0b3474df-00a3-445e-bbc5-1379e07f9456',85,false),
  ('6457117a-ce37-4f2a-a0bf-7f008b544ae3','75148221-7459-44fc-8d04-654a38688db3',114,false),
  ('1dcfb27d-fd67-4997-80b6-1c67f9139b29','64ef8968-40fb-433c-97e1-a06fd6d33fd0',7,false),
  ('542c402b-747c-4190-9239-627abdef9e02','043f18d4-a5f0-4f75-931f-0101ff5b1259',68,false),
  ('df437436-8fcc-47da-b19f-02a525a8f695','5c748e6f-cd1c-402f-8b18-791ac38598d4',185,true),
  ('475561ea-de8e-4478-81d6-609724fca985','dd4c97ff-c99d-4b26-b64e-e1be5a8b5173',108,true),
  ('8fd34ba9-5dc5-49fa-b12d-6a6f815e0982','56bb1727-5ade-4798-a22c-28b03db955cb',37,false),
  ('58c074ac-7d9e-483f-9a61-0e94f32dc59d','be4b1b51-af6b-451f-84e4-1b58fed41e96',69,true),
  ('1dcfb27d-fd67-4997-80b6-1c67f9139b29','4aa33db0-c38f-4951-b0a5-2f3d67455b6a',96,true),
  ('33b9147a-36f5-4a54-b70e-80acc20a2ee7','05c022e1-cab6-4483-aa28-80e072aa4fa9',48,true),
  ('e6f09199-f1b5-4709-9cef-cc33df416523','a91f91b6-bbbf-4a01-98e7-3d6ead54a4a3',70,false),
  ('653515ee-372f-4074-a45b-4136f46952a9','532b3514-8072-4ad3-ab4c-5cc1c20be1f4',34,false),
  ('e6f09199-f1b5-4709-9cef-cc33df416523','97773c1a-b54d-4654-bb18-a685e8c83f34',45,true),
  ('1dcfb27d-fd67-4997-80b6-1c67f9139b29','c1f87ed5-abb9-4903-8234-520e504109c5',95,true),
  ('8546874d-dae3-487b-9876-953415a580c0','5850b172-9b26-44d3-b4b8-f84cf7c6ba46',117,false),
  ('8fd34ba9-5dc5-49fa-b12d-6a6f815e0982','ca29f6de-a53f-4bfa-84cb-d2ea5c2b538a',137,false),
  ('1dcfb27d-fd67-4997-80b6-1c67f9139b29','c61d3f6f-89ae-425f-afde-64a5a61922a5',75,false),
  ('70ff8fac-6f0b-4795-9705-ed664c55f040','d695f15b-d98b-4c51-b5d5-35407ed2f4c9',80,false),
  ('653515ee-372f-4074-a45b-4136f46952a9','251b00d7-eeea-4a23-b9ac-495b8b3ae16d',121,false),
  ('68769c6a-259f-4b09-bd34-25e19d72f62a','039dc74a-e5d3-49e0-b053-44e41ae75107',101,true),
  ('460675e5-0121-407b-803b-2e10117beb42','1592ea26-b1d5-4f49-9e47-ffdcf1da093a',116,false),
  ('70ff8fac-6f0b-4795-9705-ed664c55f040','2834dd6e-19c6-4a47-99c4-6284e3ed279f',46,false),
  ('e81b7531-1b0d-46b7-9b79-463e03b01c3c','8a667221-a5e5-4080-a814-08ad51b99c72',54,true),
  ('8393081b-9ead-417e-b3f1-ad62ccfbd6db','5748699c-07f1-4f30-a163-b4ef1b8ce86a',20,true),
  ('eba4ab51-532c-4f5b-9fc8-9ad18da92702','df1f69e5-7b94-4e25-aa87-a37c21455649',82,true),
  ('68769c6a-259f-4b09-bd34-25e19d72f62a','75148221-7459-44fc-8d04-654a38688db3',114,false),
  ('1633e38c-8de6-4de3-aa95-d5d7919f5fbb','826aa58e-0c14-4ff0-9437-6d8f20eaa1ea',114,false),
  ('e81b7531-1b0d-46b7-9b79-463e03b01c3c','b705b7cc-4513-49cd-ba22-beb9a85a02fc',46,true),
  ('3bd6b7aa-58a1-42b1-b2b1-85c9039bda36','f8deb8d1-1fcf-421e-b309-41109b43f862',24,false),
  ('7c683a01-b165-4d05-baab-d36f93a3f32f','cb146a2f-8e7d-4f37-bf79-c8cd1e4794ce',23,true),
  ('df437436-8fcc-47da-b19f-02a525a8f695','b92626db-b324-4c3d-8969-318a4d15e655',173,true),
  ('8546874d-dae3-487b-9876-953415a580c0','89115505-0304-4a5c-9af8-4ddea678159a',32,false),
  ('d75a3e8f-2bdd-4fde-aea4-c3f52436d9e6','e3c73f3a-8f96-401e-ae05-17c37ae29d1d',6,false),
  ('e81b7531-1b0d-46b7-9b79-463e03b01c3c','8a495816-1d5e-47b6-b8ea-022a3640b41a',19,false),
  ('475561ea-de8e-4478-81d6-609724fca985','31d4b082-ecd2-4a9b-aa14-66fd360ecc21',74,false),
  ('8393081b-9ead-417e-b3f1-ad62ccfbd6db','05b5c36c-be9f-4dfe-b002-9acbfb05322f',8,true),
  ('653515ee-372f-4074-a45b-4136f46952a9','fedf7581-2828-47fc-a5e4-255226797983',1,false),
  ('8393081b-9ead-417e-b3f1-ad62ccfbd6db','68446a41-eebc-4d1d-a1de-7e130587a14e',26,false),
  ('e71b73a3-44bf-434a-8a1d-bf2444e5fcf4','9f0c764f-8000-4a81-bf53-5793a9254680',146,true),
  ('653515ee-372f-4074-a45b-4136f46952a9','68cf689d-8295-4fd2-9228-0224d28a291e',12,false),
  ('58c074ac-7d9e-483f-9a61-0e94f32dc59d','20e850f7-3845-4849-8045-d4810c1cbb22',120,false),
  ('e71b73a3-44bf-434a-8a1d-bf2444e5fcf4','0cb7ce72-1b30-4c24-bb9b-7414dd75ecc2',64,true),
  ('8393081b-9ead-417e-b3f1-ad62ccfbd6db','e3a1d266-e920-45f4-ba83-db6bd7906002',81,false),
  ('d75a3e8f-2bdd-4fde-aea4-c3f52436d9e6','f128cce0-8d1a-4b9f-a25b-7efb92e5a270',94,true),
  ('ee07c52d-878c-4da6-b17f-f6a409cda90e','edbfc808-5df2-4741-bcde-8d3c03e32e58',17,true),
  ('3bd6b7aa-58a1-42b1-b2b1-85c9039bda36','caeb10de-ae13-4a7e-8ba9-db5e80e87d0e',66,false),
  ('475561ea-de8e-4478-81d6-609724fca985','f8deb8d1-1fcf-421e-b309-41109b43f862',24,false),
  ('653515ee-372f-4074-a45b-4136f46952a9','30809408-6e0a-4da6-a24a-9e397b41c8d3',53,false),
  ('09cf43fd-e29d-4c78-b9c5-42af9c230474','101a41f0-baef-4525-9642-c55b7ae174bf',74,true),
  ('8fd34ba9-5dc5-49fa-b12d-6a6f815e0982','dd4544f1-d995-4296-b90a-98ca7133c592',100,false),
  ('460675e5-0121-407b-803b-2e10117beb42','d778bb17-e937-4f1e-864b-f42afb41a394',58,true),
  ('ee07c52d-878c-4da6-b17f-f6a409cda90e','0a070fa4-8d48-45f6-97c9-4afed3ad48b5',42,false),
  ('8546874d-dae3-487b-9876-953415a580c0','f8deb8d1-1fcf-421e-b309-41109b43f862',24,false),
  ('1dcfb27d-fd67-4997-80b6-1c67f9139b29','caeb10de-ae13-4a7e-8ba9-db5e80e87d0e',66,false),
  ('8546874d-dae3-487b-9876-953415a580c0','d6a2124b-182b-40b4-8704-a5f36ea44bb2',143,false),
  ('eba4ab51-532c-4f5b-9fc8-9ad18da92702','c928cb20-c2c2-44c8-9455-09a628b96b46',5,true),
  ('09cf43fd-e29d-4c78-b9c5-42af9c230474','c768882f-efdb-402e-8589-a1bbdb238330',19,true),
  ('653515ee-372f-4074-a45b-4136f46952a9','95fa9ffb-cf17-4a68-980f-59e8ee092e9c',9,false),
  ('d75a3e8f-2bdd-4fde-aea4-c3f52436d9e6','68cf689d-8295-4fd2-9228-0224d28a291e',12,false),
  ('70ff8fac-6f0b-4795-9705-ed664c55f040','6ddd121d-1e46-46df-97af-90b119a1ab8a',102,false),
  ('3bd6b7aa-58a1-42b1-b2b1-85c9039bda36','68cf689d-8295-4fd2-9228-0224d28a291e',12,false),
  ('8546874d-dae3-487b-9876-953415a580c0','f5f4ee8a-28d6-40ad-868e-dc7679579c54',81,false),
  ('8393081b-9ead-417e-b3f1-ad62ccfbd6db','9575a1f9-7cfa-4fac-98d7-b2a863d7a733',59,false),
  ('e81b7531-1b0d-46b7-9b79-463e03b01c3c','3d98dbed-5a5f-4496-98e2-46aa7b7a6e4e',27,true),
  ('460675e5-0121-407b-803b-2e10117beb42','960a5f4e-e4f6-4ea2-a68f-b4da42961861',57,true),
  ('8546874d-dae3-487b-9876-953415a580c0','59d30c55-f1b5-4b9a-a6d2-24ab72700b86',99,true),
  ('58c074ac-7d9e-483f-9a61-0e94f32dc59d','76c7f5db-554f-44cc-8e5c-dba797df1ccf',60,true),
  ('52e2d29c-f30f-4031-86e6-1771ea51f376','a9135ade-3d91-4807-b1af-ea9e38fd48bc',104,true),
  ('df437436-8fcc-47da-b19f-02a525a8f695','cebf291c-9a6b-4655-a23f-26776ccdb7a9',68,true),
  ('8393081b-9ead-417e-b3f1-ad62ccfbd6db','45f7bbd1-45d5-48db-a977-79e2f8d33ddd',71,false),
  ('df437436-8fcc-47da-b19f-02a525a8f695','956d4cc6-d88f-41e3-be45-3a44ab2b676f',145,false),
  ('ee07c52d-878c-4da6-b17f-f6a409cda90e','8b1c5d26-28ba-4b77-9e62-730892194ec5',11,false),
  ('1dcfb27d-fd67-4997-80b6-1c67f9139b29','0a070fa4-8d48-45f6-97c9-4afed3ad48b5',93,true),
  ('475561ea-de8e-4478-81d6-609724fca985','eef258eb-d51d-4888-b935-0568b6c2cd74',72,false),
  ('8fd34ba9-5dc5-49fa-b12d-6a6f815e0982','7b01cb98-9af8-4908-9aa6-8c8299f0af02',158,false),
  ('df437436-8fcc-47da-b19f-02a525a8f695','64b95354-2da2-43bc-9a36-4cfd00a9c058',38,true),
  ('1dcfb27d-fd67-4997-80b6-1c67f9139b29','2b5894a7-dff6-4b75-bde2-8eedcc3eec71',29,false),
  ('1633e38c-8de6-4de3-aa95-d5d7919f5fbb','d3f8a159-deee-4cf6-9106-224230a1ef5f',173,false),
  ('7c683a01-b165-4d05-baab-d36f93a3f32f','0f5d13f2-3829-405e-a876-277cf95cc3c0',141,false),
  ('e6f09199-f1b5-4709-9cef-cc33df416523','3402c4c6-1479-4976-928d-dc9ebba599a5',66,true),
  ('70ff8fac-6f0b-4795-9705-ed664c55f040','0d66d3a5-8800-4847-9835-544ae7424cff',143,false),
  ('3bd6b7aa-58a1-42b1-b2b1-85c9039bda36','b37480ea-a0cc-463d-ad7b-2ab939b18cb0',80,false),
  ('e71b73a3-44bf-434a-8a1d-bf2444e5fcf4','f3bfe063-e4a9-4252-a888-465addd2307d',98,true),
  ('33b9147a-36f5-4a54-b70e-80acc20a2ee7','ad4798f4-dbdc-4b97-b913-47e268df0d98',15,false),
  ('460675e5-0121-407b-803b-2e10117beb42','b919fbda-66c5-4ad2-8283-6721ed8a1d5e',55,true),
  ('542c402b-747c-4190-9239-627abdef9e02','89115505-0304-4a5c-9af8-4ddea678159a',88,true),
  ('7c683a01-b165-4d05-baab-d36f93a3f32f','94c529d4-1fb6-41c1-8e5b-63c542b163d2',169,true),
  ('70ff8fac-6f0b-4795-9705-ed664c55f040','1a7cb1fc-a238-4b93-a9dd-59ea38f5e3a5',9,false),
  ('52e2d29c-f30f-4031-86e6-1771ea51f376','ae2db9bb-88e6-4b9b-9372-48a7b0415596',73,false),
  ('8546874d-dae3-487b-9876-953415a580c0','a0d89b77-8930-47ce-b51a-dfb990254e6e',82,false),
  ('1633e38c-8de6-4de3-aa95-d5d7919f5fbb','a7bd2d24-9bdb-46ab-83b3-1a41eabf739d',74,true),
  ('09cf43fd-e29d-4c78-b9c5-42af9c230474','ea68b4b0-9df0-418c-a65b-334575c5794e',114,true),
  ('e81b7531-1b0d-46b7-9b79-463e03b01c3c','1946dd19-e56f-4bdc-a8a4-ce1d9a55807e',57,true),
  ('df437436-8fcc-47da-b19f-02a525a8f695','f29914b4-6687-4545-a163-f98f4eb41f57',13,true),
  ('58c074ac-7d9e-483f-9a61-0e94f32dc59d','9e6370ae-7ca7-4b53-970b-3d5b0885fb99',91,true),
  ('ee07c52d-878c-4da6-b17f-f6a409cda90e','b79a4922-3627-4e8a-b96a-446c0f4d51e5',60,true),
  ('e71b73a3-44bf-434a-8a1d-bf2444e5fcf4','4281e75a-fd6d-4c3c-b214-ef44c50173d3',123,true),
  ('ee07c52d-878c-4da6-b17f-f6a409cda90e','75148221-7459-44fc-8d04-654a38688db3',125,false),
  ('1dcfb27d-fd67-4997-80b6-1c67f9139b29','8adbdbc4-a54a-45ed-9af5-59c3b3b9eaf3',54,false),
  ('475561ea-de8e-4478-81d6-609724fca985','e3c73f3a-8f96-401e-ae05-17c37ae29d1d',6,false),
  ('df437436-8fcc-47da-b19f-02a525a8f695','e5543697-a28c-4616-a00e-b1e9b770f208',65,true),
  ('e71b73a3-44bf-434a-8a1d-bf2444e5fcf4','2bda83a9-d3c0-4168-84c6-9d1ea9d2d979',66,true),
  ('58c074ac-7d9e-483f-9a61-0e94f32dc59d','4c0566cf-7340-4dc8-9e9c-efb2afa35935',203,false),
  ('e81b7531-1b0d-46b7-9b79-463e03b01c3c','f16f92a9-b44e-47a1-bb09-e2fb19ef0095',95,false),
  ('eba4ab51-532c-4f5b-9fc8-9ad18da92702','8bbb4158-8a14-46c6-b487-6ef964836a8c',81,true),
  ('df437436-8fcc-47da-b19f-02a525a8f695','4bae5fd0-8865-4fe1-bab8-c0a09559489e',56,true),
  ('7e1ca4cd-e152-4100-8acc-c41288fe1b52','bdb3e9e4-4e66-428e-b517-bd0fef6063e8',71,false),
  ('542c402b-747c-4190-9239-627abdef9e02','80d885a3-6bee-40d4-a838-61d36facee26',81,true),
  ('7e1ca4cd-e152-4100-8acc-c41288fe1b52','81e7f861-09b5-43f8-b49b-3ecf5575511b',64,false),
  ('ee07c52d-878c-4da6-b17f-f6a409cda90e','fabe83a8-47a1-4b38-a84c-8537483a6181',4,true),
  ('542c402b-747c-4190-9239-627abdef9e02','d183fbcf-eaa8-4a1f-ae0d-2a53df24257e',55,true),
  ('8fd34ba9-5dc5-49fa-b12d-6a6f815e0982','f6b33a5d-59b1-45ca-951a-fb7b81307c9e',72,true),
  ('e81b7531-1b0d-46b7-9b79-463e03b01c3c','e3550e71-a418-48d1-bc25-0452881a9c33',89,false),
  ('6457117a-ce37-4f2a-a0bf-7f008b544ae3','590c490e-48b2-4e64-81e0-ea8b99a5b1eb',57,true),
  ('33b9147a-36f5-4a54-b70e-80acc20a2ee7','c49087db-71f8-4cd2-8e86-626fddc5d1f4',62,true),
  ('3bd6b7aa-58a1-42b1-b2b1-85c9039bda36','f5f4ee8a-28d6-40ad-868e-dc7679579c54',81,false),
  ('1633e38c-8de6-4de3-aa95-d5d7919f5fbb','9e23854b-250c-4100-83be-5080f5437bf4',64,true),
  ('1dcfb27d-fd67-4997-80b6-1c67f9139b29','59d30c55-f1b5-4b9a-a6d2-24ab72700b86',99,true),
  ('ee07c52d-878c-4da6-b17f-f6a409cda90e','ea68b4b0-9df0-418c-a65b-334575c5794e',114,true),
  ('68769c6a-259f-4b09-bd34-25e19d72f62a','4aa33db0-c38f-4951-b0a5-2f3d67455b6a',28,false),
  ('df437436-8fcc-47da-b19f-02a525a8f695','9e23854b-250c-4100-83be-5080f5437bf4',137,false),
  ('e71b73a3-44bf-434a-8a1d-bf2444e5fcf4','1a7cb1fc-a238-4b93-a9dd-59ea38f5e3a5',150,true),
  ('7c683a01-b165-4d05-baab-d36f93a3f32f','05e75bcf-7fcc-4f52-a98c-13243b8b2541',30,true),
  ('e71b73a3-44bf-434a-8a1d-bf2444e5fcf4','c632ac01-a239-4f66-b5d1-aa0d2607c4f0',3,false),
  ('653515ee-372f-4074-a45b-4136f46952a9','f5f4ee8a-28d6-40ad-868e-dc7679579c54',81,false),
  ('7c683a01-b165-4d05-baab-d36f93a3f32f','f39fdb7b-2e3f-417f-99ff-2375529c7d40',112,false),
  ('09cf43fd-e29d-4c78-b9c5-42af9c230474','d6a2124b-182b-40b4-8704-a5f36ea44bb2',0,false),
  ('eba4ab51-532c-4f5b-9fc8-9ad18da92702','59dcf5cd-b1f4-4dd9-a7ff-6beb45ea4770',44,false),
  ('3bd6b7aa-58a1-42b1-b2b1-85c9039bda36','19a4d582-00fa-4aa3-9d64-cd682fa4d67a',42,false),
  ('e6f09199-f1b5-4709-9cef-cc33df416523','8b4e7177-8d41-4146-8cbc-76df7a0f3cd4',62,true),
  ('09cf43fd-e29d-4c78-b9c5-42af9c230474','87ab2239-aabc-4212-bfe5-90bfc12757db',22,true),
  ('58c074ac-7d9e-483f-9a61-0e94f32dc59d','ec57414e-0755-4b8c-8124-9bce235cfd10',202,false),
  ('09cf43fd-e29d-4c78-b9c5-42af9c230474','22288a69-ac19-4ff5-9521-7895a0bca993',104,true),
  ('1dcfb27d-fd67-4997-80b6-1c67f9139b29','f128cce0-8d1a-4b9f-a25b-7efb92e5a270',94,true),
  ('7c683a01-b165-4d05-baab-d36f93a3f32f','205e6d8a-83a0-44f6-9eb4-c2e317691d98',49,true),
  ('eba4ab51-532c-4f5b-9fc8-9ad18da92702','337f0a7f-71d9-407f-b19a-f4ef3e39e45e',88,true),
  ('6457117a-ce37-4f2a-a0bf-7f008b544ae3','b6879a79-d7df-43e0-bf65-b2abfd939a6f',37,true),
  ('1633e38c-8de6-4de3-aa95-d5d7919f5fbb','b9fdf24d-09e7-447c-a2f1-7e7a42120eff',134,false),
  ('1633e38c-8de6-4de3-aa95-d5d7919f5fbb','4eea0008-b3ab-4f0d-865d-310c02eed023',169,false),
  ('7e1ca4cd-e152-4100-8acc-c41288fe1b52','1447069e-896c-4609-8921-d66ff1faf073',59,false),
  ('df437436-8fcc-47da-b19f-02a525a8f695','e93e25f5-e15a-4c3a-9ad8-8c2bd02cff4c',125,false),
  ('09cf43fd-e29d-4c78-b9c5-42af9c230474','5ac0b251-b2a8-4808-9a1b-95f213af8a57',35,true),
  ('460675e5-0121-407b-803b-2e10117beb42','a00eb8a8-2d68-4994-b9a9-d39fa45103d0',2,true),
  ('09cf43fd-e29d-4c78-b9c5-42af9c230474','dbe349b4-bc4f-43d8-a9d5-751863bd7d35',110,true),
  ('ee07c52d-878c-4da6-b17f-f6a409cda90e','65748972-42fc-4d2a-bf2b-9083655e45f5',106,true),
  ('7e1ca4cd-e152-4100-8acc-c41288fe1b52','fcc9eb95-6be0-4850-bf75-6a3b2b8d5dd4',48,true),
  ('8546874d-dae3-487b-9876-953415a580c0','bb8b3971-adf7-4503-a815-87037e893ec6',79,false),
  ('58c074ac-7d9e-483f-9a61-0e94f32dc59d','0f5d13f2-3829-405e-a876-277cf95cc3c0',50,true),
  ('1633e38c-8de6-4de3-aa95-d5d7919f5fbb','958fd047-fc4b-400f-a051-453b4af32a42',155,false),
  ('e81b7531-1b0d-46b7-9b79-463e03b01c3c','d4dd7b9f-6f3c-43b5-83e3-d28afaa12fe3',66,true),
  ('1633e38c-8de6-4de3-aa95-d5d7919f5fbb','5fb0d38e-06d8-4db8-8160-b27fe233c9c7',89,true),
  ('df437436-8fcc-47da-b19f-02a525a8f695','1a3e8fad-c6dd-4b12-8917-df502ca9a7a7',103,true),
  ('7e1ca4cd-e152-4100-8acc-c41288fe1b52','81fc8fee-ef9e-4442-870f-424f5df24301',67,false),
  ('df437436-8fcc-47da-b19f-02a525a8f695','6834d576-7589-446b-9c31-bbbbcb981d71',39,true),
  ('475561ea-de8e-4478-81d6-609724fca985','4731d304-e894-4032-946a-c83a677b3cbe',33,true),
  ('68769c6a-259f-4b09-bd34-25e19d72f62a','60af5f61-205f-4509-86ee-1c7a1b79e1d3',10,true),
  ('e71b73a3-44bf-434a-8a1d-bf2444e5fcf4','f47484c6-02b1-4d72-bd06-ae4e71a21c7a',0,true),
  ('58c074ac-7d9e-483f-9a61-0e94f32dc59d','0143beca-baa5-4d28-abd0-b6bdd7ae8fdb',25,false),
  ('1633e38c-8de6-4de3-aa95-d5d7919f5fbb','b992954d-d347-43c1-b279-82bd338062a3',118,false),
  ('52e2d29c-f30f-4031-86e6-1771ea51f376','f8deb8d1-1fcf-421e-b309-41109b43f862',96,true),
  ('475561ea-de8e-4478-81d6-609724fca985','dd197b18-2747-4279-bb33-6c2d34376b59',123,true),
  ('d75a3e8f-2bdd-4fde-aea4-c3f52436d9e6','c61d3f6f-89ae-425f-afde-64a5a61922a5',75,false),
  ('475561ea-de8e-4478-81d6-609724fca985','c701989a-9e3c-45d6-9cff-bbc04a7bca59',101,false),
  ('df437436-8fcc-47da-b19f-02a525a8f695','d130bc6d-5128-492e-b724-14e144c05fb3',86,true),
  ('52e2d29c-f30f-4031-86e6-1771ea51f376','a8a1d7a3-ed03-42ec-9923-741bfeee01ca',69,false),
  ('33b9147a-36f5-4a54-b70e-80acc20a2ee7','52182f4d-35ed-423d-8c3b-41d070fb4ed6',27,true),
  ('09cf43fd-e29d-4c78-b9c5-42af9c230474','99393463-bffe-470a-961f-b6e50010c60b',18,true),
  ('3bd6b7aa-58a1-42b1-b2b1-85c9039bda36','236395a1-24b3-49c9-a835-5dff9f4ff658',68,false),
  ('8fd34ba9-5dc5-49fa-b12d-6a6f815e0982','ce53c441-dfc7-449f-81aa-f3bf206f46e9',93,true),
  ('68769c6a-259f-4b09-bd34-25e19d72f62a','1c826eb6-6442-4b30-8592-b618bb63084d',22,true),
  ('475561ea-de8e-4478-81d6-609724fca985','4aa33db0-c38f-4951-b0a5-2f3d67455b6a',96,true),
  ('ee07c52d-878c-4da6-b17f-f6a409cda90e','7c93d5c3-0454-4654-b84f-b00480cee39e',69,true),
  ('542c402b-747c-4190-9239-627abdef9e02','af59bb6c-706d-49b6-bd9a-9045f9a14e95',41,true),
  ('58c074ac-7d9e-483f-9a61-0e94f32dc59d','96fdcbc3-888f-442d-984e-1e2067147f8c',44,false),
  ('33b9147a-36f5-4a54-b70e-80acc20a2ee7','c9a7f99b-5a8b-40d0-a22f-03b65c4ba5cb',51,true),
  ('6457117a-ce37-4f2a-a0bf-7f008b544ae3','d885bd2e-1294-4b55-9e39-3077be4d13f3',76,true),
  ('d75a3e8f-2bdd-4fde-aea4-c3f52436d9e6','9ecdff88-788f-4c9f-95f7-3a1da983ef9b',107,true),
  ('d75a3e8f-2bdd-4fde-aea4-c3f52436d9e6','92a37ad4-d333-41d0-b5ff-d1b9db161c61',133,false),
  ('ee07c52d-878c-4da6-b17f-f6a409cda90e','206db8fa-4a46-42d0-ba7c-343dcf1cd424',94,true),
  ('ee07c52d-878c-4da6-b17f-f6a409cda90e','a4f5adff-c117-4f10-a596-c6dedbf52caa',109,true),
  ('8393081b-9ead-417e-b3f1-ad62ccfbd6db','81f73280-1e67-485f-9f16-c0806509739d',44,false),
  ('70ff8fac-6f0b-4795-9705-ed664c55f040','95cb8e02-5d24-4401-afd9-83cbfc72bc47',64,false),
  ('460675e5-0121-407b-803b-2e10117beb42','9c02ca8d-6def-4187-a329-573f7c7f7128',182,true),
  ('8fd34ba9-5dc5-49fa-b12d-6a6f815e0982','20e850f7-3845-4849-8045-d4810c1cbb22',120,false),
  ('8fd34ba9-5dc5-49fa-b12d-6a6f815e0982','c2e9c852-aa25-4208-9870-fd187ec4983b',111,false),
  ('7c683a01-b165-4d05-baab-d36f93a3f32f','1592ea26-b1d5-4f49-9e47-ffdcf1da093a',105,false),
  ('09cf43fd-e29d-4c78-b9c5-42af9c230474','a9135ade-3d91-4807-b1af-ea9e38fd48bc',115,true),
  ('460675e5-0121-407b-803b-2e10117beb42','85ab10e9-9144-4d41-9e8c-0b5c1b24b2ad',33,true),
  ('6457117a-ce37-4f2a-a0bf-7f008b544ae3','dbe5b791-60ca-44de-889d-aba0f689f01b',111,true),
  ('58c074ac-7d9e-483f-9a61-0e94f32dc59d','e01ec877-7ef1-4833-86a9-9e612dd99fdf',34,false),
  ('68769c6a-259f-4b09-bd34-25e19d72f62a','bd4ad40d-a482-44b2-a876-68f0d03622db',26,true),
  ('653515ee-372f-4074-a45b-4136f46952a9','f128cce0-8d1a-4b9f-a25b-7efb92e5a270',94,true),
  ('7c683a01-b165-4d05-baab-d36f93a3f32f','fc9e3b38-413a-42d8-86b8-4c145a458950',61,true),
  ('70ff8fac-6f0b-4795-9705-ed664c55f040','80379c93-0b2b-4c03-b578-53f4e0af7333',117,false),
  ('e81b7531-1b0d-46b7-9b79-463e03b01c3c','0b3474df-00a3-445e-bbc5-1379e07f9456',14,true),
  ('58c074ac-7d9e-483f-9a61-0e94f32dc59d','2d356336-19ac-4224-9737-a3c97ec5f953',36,false),
  ('e71b73a3-44bf-434a-8a1d-bf2444e5fcf4','b905c235-385f-455a-a39b-a8cde24c2bbe',137,true),
  ('58c074ac-7d9e-483f-9a61-0e94f32dc59d','c90437b0-913b-46d7-8434-1486a83afaf1',138,false),
  ('6457117a-ce37-4f2a-a0bf-7f008b544ae3','dd197b18-2747-4279-bb33-6c2d34376b59',3,false),
  ('7e1ca4cd-e152-4100-8acc-c41288fe1b52','d300e764-9583-4b59-97b8-c0698978f080',85,false),
  ('8fd34ba9-5dc5-49fa-b12d-6a6f815e0982','c22d5377-80e4-407a-9f44-ce373d142f1f',66,true),
  ('3bd6b7aa-58a1-42b1-b2b1-85c9039bda36','d7c630f0-b01d-4d46-9e20-7b0305cc9046',114,false),
  ('e81b7531-1b0d-46b7-9b79-463e03b01c3c','28a351f7-335d-4711-88f3-25b217ede4f6',37,true),
  ('8fd34ba9-5dc5-49fa-b12d-6a6f815e0982','2abf4bc0-0e7c-423c-b49a-a25439b9e02b',62,true),
  ('460675e5-0121-407b-803b-2e10117beb42','3fdc3d32-227b-474d-a659-8ed8c6abce06',22,true),
  ('70ff8fac-6f0b-4795-9705-ed664c55f040','442fa62d-c6f2-4e55-87ac-f069bd33d79b',129,false),
  ('653515ee-372f-4074-a45b-4136f46952a9','89115505-0304-4a5c-9af8-4ddea678159a',32,false),
  ('7e1ca4cd-e152-4100-8acc-c41288fe1b52','d9c4c012-2798-4cb7-a604-850d9612c5ea',62,false),
  ('542c402b-747c-4190-9239-627abdef9e02','9edba9e9-6d30-4c9a-beb5-f8ed7e0b1df0',53,true),
  ('e71b73a3-44bf-434a-8a1d-bf2444e5fcf4','10b9f0c6-3449-4564-bdf5-03e498d6fc89',18,true),
  ('1dcfb27d-fd67-4997-80b6-1c67f9139b29','30809408-6e0a-4da6-a24a-9e397b41c8d3',53,false),
  ('ee07c52d-878c-4da6-b17f-f6a409cda90e','b6879a79-d7df-43e0-bf65-b2abfd939a6f',48,true),
  ('52e2d29c-f30f-4031-86e6-1771ea51f376','75148221-7459-44fc-8d04-654a38688db3',114,false),
  ('09cf43fd-e29d-4c78-b9c5-42af9c230474','edbfc808-5df2-4741-bcde-8d3c03e32e58',17,true),
  ('7e1ca4cd-e152-4100-8acc-c41288fe1b52','d193fc8c-5ecc-4217-a5be-e9fb6dfe7d6a',52,false),
  ('3bd6b7aa-58a1-42b1-b2b1-85c9039bda36','03bc612f-afb1-45eb-b7f8-f5c4070ecae5',63,false),
  ('70ff8fac-6f0b-4795-9705-ed664c55f040','5996a737-4679-4280-8790-7332f2f7e2d9',77,false),
  ('58c074ac-7d9e-483f-9a61-0e94f32dc59d','ad9ed62d-577e-4d1a-8380-aaf1d290f78d',105,false),
  ('7c683a01-b165-4d05-baab-d36f93a3f32f','c1977bf5-0040-41da-a361-f7430bebdfad',14,true),
  ('6457117a-ce37-4f2a-a0bf-7f008b544ae3','9f2d5a20-1680-433c-9d19-ade1d9de5618',65,true),
  ('475561ea-de8e-4478-81d6-609724fca985','dbe349b4-bc4f-43d8-a9d5-751863bd7d35',21,false),
  ('33b9147a-36f5-4a54-b70e-80acc20a2ee7','01d2c35a-228d-483e-933a-12236fd603c6',46,true),
  ('09cf43fd-e29d-4c78-b9c5-42af9c230474','ad4798f4-dbdc-4b97-b913-47e268df0d98',26,false),
  ('52e2d29c-f30f-4031-86e6-1771ea51f376','7c93d5c3-0454-4654-b84f-b00480cee39e',58,true),
  ('475561ea-de8e-4478-81d6-609724fca985','b4422e9a-7f1d-44ca-9926-85dadce125da',14,false),
  ('d75a3e8f-2bdd-4fde-aea4-c3f52436d9e6','943e297b-3d71-4ea9-bafe-e281f18d5a12',142,false),
  ('70ff8fac-6f0b-4795-9705-ed664c55f040','97adcbc7-0c2d-46f3-8947-9433651dc071',121,false),
  ('58c074ac-7d9e-483f-9a61-0e94f32dc59d','577bb128-9eaa-49f1-bb20-db5a62d41a43',77,true),
  ('52e2d29c-f30f-4031-86e6-1771ea51f376','3a2d108d-da86-477d-a415-932053067242',32,true),
  ('6457117a-ce37-4f2a-a0bf-7f008b544ae3','0a070fa4-8d48-45f6-97c9-4afed3ad48b5',31,false),
  ('ee07c52d-878c-4da6-b17f-f6a409cda90e','590c490e-48b2-4e64-81e0-ea8b99a5b1eb',68,true),
  ('3bd6b7aa-58a1-42b1-b2b1-85c9039bda36','8962833b-dd4d-461a-8e7f-52d4e87675a5',3,false),
  ('58c074ac-7d9e-483f-9a61-0e94f32dc59d','14723f13-29cd-44b3-b73a-59040acd5bee',33,false),
  ('eba4ab51-532c-4f5b-9fc8-9ad18da92702','a16ebffb-280f-46bc-83c5-4a94132178b2',87,true),
  ('7c683a01-b165-4d05-baab-d36f93a3f32f','0862ee07-3b2e-4c0c-b5cd-b544a3129a76',74,true),
  ('7c683a01-b165-4d05-baab-d36f93a3f32f','ddf53fc5-6c0c-498d-8f83-25819d31a366',161,true),
  ('df437436-8fcc-47da-b19f-02a525a8f695','b5e43f46-9a30-4b3f-844c-846a4cac115f',115,false),
  ('70ff8fac-6f0b-4795-9705-ed664c55f040','e1e7d4d6-57f2-47c8-94b7-fc1021a88e26',60,false),
  ('d75a3e8f-2bdd-4fde-aea4-c3f52436d9e6','4f69bc1c-a078-496f-90dc-fde3ff490de6',126,false),
  ('e71b73a3-44bf-434a-8a1d-bf2444e5fcf4','8c36c8ce-2bfd-42c7-8926-cffb6b504704',9,true),
  ('653515ee-372f-4074-a45b-4136f46952a9','c61d3f6f-89ae-425f-afde-64a5a61922a5',75,false),
  ('653515ee-372f-4074-a45b-4136f46952a9','b6879a79-d7df-43e0-bf65-b2abfd939a6f',87,false),
  ('653515ee-372f-4074-a45b-4136f46952a9','5850b172-9b26-44d3-b4b8-f84cf7c6ba46',117,false),
  ('1dcfb27d-fd67-4997-80b6-1c67f9139b29','2c64e5e1-1917-44ce-a2b9-61031a30ab6f',17,false),
  ('1633e38c-8de6-4de3-aa95-d5d7919f5fbb','ee4ddbd8-2000-44a7-843c-41d3149e9f74',22,false),
  ('8546874d-dae3-487b-9876-953415a580c0','1e3dae3d-8642-47d1-a152-99797a7e617c',122,false),
  ('3bd6b7aa-58a1-42b1-b2b1-85c9039bda36','e3c73f3a-8f96-401e-ae05-17c37ae29d1d',6,false),
  ('7c683a01-b165-4d05-baab-d36f93a3f32f','e8ee38c5-cfcf-4d3b-a0dc-f12a193d0aef',180,true),
  ('09cf43fd-e29d-4c78-b9c5-42af9c230474','039dc74a-e5d3-49e0-b053-44e41ae75107',112,true),
  ('ee07c52d-878c-4da6-b17f-f6a409cda90e','5af9e6c6-9006-48b8-8376-4c8211750df5',15,true),
  ('1dcfb27d-fd67-4997-80b6-1c67f9139b29','93118ea7-223b-4949-97e1-5b060d5f8eb1',38,false),
  ('e71b73a3-44bf-434a-8a1d-bf2444e5fcf4','9a8fc795-edf1-4f0c-9e4d-65609fd37421',80,true),
  ('8393081b-9ead-417e-b3f1-ad62ccfbd6db','958c159d-775b-41d2-8382-68d5fb602b11',89,false),
  ('8fd34ba9-5dc5-49fa-b12d-6a6f815e0982','597c75bd-146a-4732-9d3e-d3b5ddcba9e4',35,false),
  ('58c074ac-7d9e-483f-9a61-0e94f32dc59d','5aa66c9f-75d8-4cda-ad5e-fd149e542d1d',132,false),
  ('1633e38c-8de6-4de3-aa95-d5d7919f5fbb','c5fd2d3d-0fba-4d92-8e25-74dcffe4c218',110,true),
  ('8fd34ba9-5dc5-49fa-b12d-6a6f815e0982','94c529d4-1fb6-41c1-8e5b-63c542b163d2',21,false),
  ('3bd6b7aa-58a1-42b1-b2b1-85c9039bda36','65748972-42fc-4d2a-bf2b-9083655e45f5',25,false),
  ('653515ee-372f-4074-a45b-4136f46952a9','2ba7b472-c7da-4278-a334-5c71b82ccc81',104,true),
  ('8546874d-dae3-487b-9876-953415a580c0','b6879a79-d7df-43e0-bf65-b2abfd939a6f',87,false),
  ('653515ee-372f-4074-a45b-4136f46952a9','99393463-bffe-470a-961f-b6e50010c60b',119,false),
  ('52e2d29c-f30f-4031-86e6-1771ea51f376','d36181b8-c328-43a3-9400-9cb41c8d689c',72,false),
  ('653515ee-372f-4074-a45b-4136f46952a9','ee4c88d5-2e97-4fb9-8d28-1d0e8196a97c',69,false),
  ('68769c6a-259f-4b09-bd34-25e19d72f62a','01d2c35a-228d-483e-933a-12236fd603c6',46,true),
  ('1633e38c-8de6-4de3-aa95-d5d7919f5fbb','13d05d2f-50f1-4936-b9db-f3d665f7840f',95,true),
  ('09cf43fd-e29d-4c78-b9c5-42af9c230474','c3abecd6-fbcd-4861-9670-e2c9a1ab0fc6',100,true),
  ('7c683a01-b165-4d05-baab-d36f93a3f32f','1779b0a8-35c5-461d-b600-5aaa0035683a',53,true),
  ('09cf43fd-e29d-4c78-b9c5-42af9c230474','9f2d5a20-1680-433c-9d19-ade1d9de5618',76,true),
  ('8fd34ba9-5dc5-49fa-b12d-6a6f815e0982','ad9ed62d-577e-4d1a-8380-aaf1d290f78d',105,false),
  ('09cf43fd-e29d-4c78-b9c5-42af9c230474','c701989a-9e3c-45d6-9cff-bbc04a7bca59',34,true),
  ('33b9147a-36f5-4a54-b70e-80acc20a2ee7','0aa6e077-7fb9-4d57-802f-0446f23062e1',70,true),
  ('09cf43fd-e29d-4c78-b9c5-42af9c230474','a8a1d7a3-ed03-42ec-9923-741bfeee01ca',80,false),
  ('e71b73a3-44bf-434a-8a1d-bf2444e5fcf4','2060d3ee-117d-4668-8c98-1da9fa3e4bdf',2,true),
  ('7c683a01-b165-4d05-baab-d36f93a3f32f','bee153aa-a5c9-43c4-92ff-aad6b4c59eb3',147,true),
  ('3bd6b7aa-58a1-42b1-b2b1-85c9039bda36','c61d3f6f-89ae-425f-afde-64a5a61922a5',75,false),
  ('70ff8fac-6f0b-4795-9705-ed664c55f040','3cb8c20d-4d30-4a1d-bbd4-7ca9cec8b032',135,false),
  ('68769c6a-259f-4b09-bd34-25e19d72f62a','ae2db9bb-88e6-4b9b-9372-48a7b0415596',73,false),
  ('68769c6a-259f-4b09-bd34-25e19d72f62a','9f2d5a20-1680-433c-9d19-ade1d9de5618',65,true),
  ('09cf43fd-e29d-4c78-b9c5-42af9c230474','82e6fc08-6eaa-4801-98b8-0a8934347d25',6,false),
  ('1dcfb27d-fd67-4997-80b6-1c67f9139b29','03bc612f-afb1-45eb-b7f8-f5c4070ecae5',63,false),
  ('8fd34ba9-5dc5-49fa-b12d-6a6f815e0982','958fd047-fc4b-400f-a051-453b4af32a42',155,false),
  ('542c402b-747c-4190-9239-627abdef9e02','d7c630f0-b01d-4d46-9e20-7b0305cc9046',12,true),
  ('df437436-8fcc-47da-b19f-02a525a8f695','96fdcbc3-888f-442d-984e-1e2067147f8c',157,true),
  ('6457117a-ce37-4f2a-a0bf-7f008b544ae3','c701989a-9e3c-45d6-9cff-bbc04a7bca59',23,true),
  ('ee07c52d-878c-4da6-b17f-f6a409cda90e','46681cb4-ca27-4abd-a3df-3b02f9745318',7,false),
  ('70ff8fac-6f0b-4795-9705-ed664c55f040','563eaa5b-fd71-40f4-b670-9df4c5649cc3',78,false),
  ('8fd34ba9-5dc5-49fa-b12d-6a6f815e0982','c6b79623-df67-407a-bc18-5342ee5262da',8,false),
  ('3bd6b7aa-58a1-42b1-b2b1-85c9039bda36','3baaf2fc-1505-42f5-a0db-2f1598438f87',86,false),
  ('09cf43fd-e29d-4c78-b9c5-42af9c230474','59bae632-4b30-487f-9d54-2b74113f4761',27,false),
  ('68769c6a-259f-4b09-bd34-25e19d72f62a','c9a7f99b-5a8b-40d0-a22f-03b65c4ba5cb',51,true),
  ('460675e5-0121-407b-803b-2e10117beb42','843df513-9718-4a53-a7a3-8c587cc9e17a',48,true),
  ('542c402b-747c-4190-9239-627abdef9e02','590c490e-48b2-4e64-81e0-ea8b99a5b1eb',57,true),
  ('09cf43fd-e29d-4c78-b9c5-42af9c230474','b68d2cce-6b01-4f23-b50a-a3869c63da75',111,true),
  ('df437436-8fcc-47da-b19f-02a525a8f695','d75d50ea-06a1-41ed-9827-1097ab3554b6',161,true),
  ('8393081b-9ead-417e-b3f1-ad62ccfbd6db','78a64543-0327-4faf-af2a-faad4c08ccda',97,true),
  ('ee07c52d-878c-4da6-b17f-f6a409cda90e','59bae632-4b30-487f-9d54-2b74113f4761',27,false),
  ('1633e38c-8de6-4de3-aa95-d5d7919f5fbb','af347b22-cde5-46db-bd33-ce2aadac0668',128,false),
  ('653515ee-372f-4074-a45b-4136f46952a9','d193fc8c-5ecc-4217-a5be-e9fb6dfe7d6a',52,false),
  ('70ff8fac-6f0b-4795-9705-ed664c55f040','4281e75a-fd6d-4c3c-b214-ef44c50173d3',36,false),
  ('1633e38c-8de6-4de3-aa95-d5d7919f5fbb','eb532a2a-e6cb-4ee9-badf-78271c8a35a3',1,false),
  ('542c402b-747c-4190-9239-627abdef9e02','53b4f788-2af4-4c71-a8e2-092a04b1a3b2',116,true),
  ('df437436-8fcc-47da-b19f-02a525a8f695','87376ece-005d-4dcf-8c8c-4953c1f0798f',141,true),
  ('70ff8fac-6f0b-4795-9705-ed664c55f040','aba95f89-a508-44b6-8848-1e4041f545f3',17,true),
  ('3bd6b7aa-58a1-42b1-b2b1-85c9039bda36','dbe349b4-bc4f-43d8-a9d5-751863bd7d35',21,false),
  ('d75a3e8f-2bdd-4fde-aea4-c3f52436d9e6','d9c4c012-2798-4cb7-a604-850d9612c5ea',62,false),
  ('52e2d29c-f30f-4031-86e6-1771ea51f376','7229fe38-1d68-42f8-b5a5-4c35fc811971',21,false),
  ('8393081b-9ead-417e-b3f1-ad62ccfbd6db','1fabf8a0-8f7c-4182-8edc-3c57502de339',73,false),
  ('eba4ab51-532c-4f5b-9fc8-9ad18da92702','82572f08-e2a9-4268-bdad-3f6751873aa7',14,true),
  ('d75a3e8f-2bdd-4fde-aea4-c3f52436d9e6','f555ec56-be0b-47d3-a53c-67abe7b61187',35,false),
  ('09cf43fd-e29d-4c78-b9c5-42af9c230474','b6879a79-d7df-43e0-bf65-b2abfd939a6f',48,true),
  ('475561ea-de8e-4478-81d6-609724fca985','0f1368c8-110f-413d-9184-9fc31ca362ae',56,false),
  ('e71b73a3-44bf-434a-8a1d-bf2444e5fcf4','2f16591e-3e31-421c-b4b8-171b0abbc3c2',138,false),
  ('df437436-8fcc-47da-b19f-02a525a8f695','c02932d1-c4de-4145-b375-8aa26967e017',169,true),
  ('7c683a01-b165-4d05-baab-d36f93a3f32f','4aa33db0-c38f-4951-b0a5-2f3d67455b6a',4,false),
  ('1dcfb27d-fd67-4997-80b6-1c67f9139b29','8c3ff477-acc5-4f35-ba48-8e5963072f8d',49,true),
  ('542c402b-747c-4190-9239-627abdef9e02','c49087db-71f8-4cd2-8e86-626fddc5d1f4',62,true),
  ('8fd34ba9-5dc5-49fa-b12d-6a6f815e0982','bee153aa-a5c9-43c4-92ff-aad6b4c59eb3',43,false),
  ('e81b7531-1b0d-46b7-9b79-463e03b01c3c','45f7bbd1-45d5-48db-a977-79e2f8d33ddd',28,true),
  ('d75a3e8f-2bdd-4fde-aea4-c3f52436d9e6','6ba17caf-fc02-4d8d-95a6-b0150ed63ba0',18,false),
  ('8fd34ba9-5dc5-49fa-b12d-6a6f815e0982','48004e80-a27a-4d12-a840-82063b009ab3',122,false),
  ('70ff8fac-6f0b-4795-9705-ed664c55f040','8beeb25f-e663-4382-a478-fa463d19ad00',68,true),
  ('09cf43fd-e29d-4c78-b9c5-42af9c230474','59d30c55-f1b5-4b9a-a6d2-24ab72700b86',36,false),
  ('460675e5-0121-407b-803b-2e10117beb42','1a3e8fad-c6dd-4b12-8917-df502ca9a7a7',103,true),
  ('475561ea-de8e-4478-81d6-609724fca985','81fc8fee-ef9e-4442-870f-424f5df24301',67,false),
  ('58c074ac-7d9e-483f-9a61-0e94f32dc59d','b92626db-b324-4c3d-8969-318a4d15e655',28,false),
  ('eba4ab51-532c-4f5b-9fc8-9ad18da92702','d4f48dc3-1ff1-4051-a4e5-3345dbf7152a',92,true),
  ('52e2d29c-f30f-4031-86e6-1771ea51f376','60af5f61-205f-4509-86ee-1c7a1b79e1d3',10,true),
  ('09cf43fd-e29d-4c78-b9c5-42af9c230474','2461cec9-0d4b-469f-b9fe-6bd32a0cd11e',55,true),
  ('8546874d-dae3-487b-9876-953415a580c0','0784d90a-e316-4394-a0f7-4607e9597d5f',125,false),
  ('df437436-8fcc-47da-b19f-02a525a8f695','1c4cc221-cf07-4143-91fa-df5f3bd6a1f7',104,true),
  ('460675e5-0121-407b-803b-2e10117beb42','f126bb48-9342-4df0-9e31-df89f97d3652',189,true),
  ('68769c6a-259f-4b09-bd34-25e19d72f62a','de03e877-cd80-491a-bc52-780993356d6d',94,true),
  ('1633e38c-8de6-4de3-aa95-d5d7919f5fbb','ca29f6de-a53f-4bfa-84cb-d2ea5c2b538a',137,false),
  ('ee07c52d-878c-4da6-b17f-f6a409cda90e','f128cce0-8d1a-4b9f-a25b-7efb92e5a270',41,false),
  ('1633e38c-8de6-4de3-aa95-d5d7919f5fbb','64eff923-e621-4ca3-be0f-5e63e86b3d66',70,true),
  ('33b9147a-36f5-4a54-b70e-80acc20a2ee7','9f2d5a20-1680-433c-9d19-ade1d9de5618',65,true),
  ('3bd6b7aa-58a1-42b1-b2b1-85c9039bda36','1447069e-896c-4609-8921-d66ff1faf073',59,false),
  ('df437436-8fcc-47da-b19f-02a525a8f695','3cbc9e9b-a487-49bd-bd55-6a2eb5f7b13f',36,true),
  ('58c074ac-7d9e-483f-9a61-0e94f32dc59d','386c88db-6ffe-4399-b2fc-491524e4420b',5,true),
  ('09cf43fd-e29d-4c78-b9c5-42af9c230474','157b24c4-dab0-412d-9b67-133090f054fc',78,true),
  ('e71b73a3-44bf-434a-8a1d-bf2444e5fcf4','06a96e68-f6c3-4464-862b-0db4f11f66a0',43,true),
  ('eba4ab51-532c-4f5b-9fc8-9ad18da92702','8f6c5361-b012-4ce3-8eca-3f1f039cdc5a',6,true),
  ('df437436-8fcc-47da-b19f-02a525a8f695','2ffcdf90-9747-4eae-bc5a-46b587afa0dd',44,true),
  ('8393081b-9ead-417e-b3f1-ad62ccfbd6db','fd76baa6-2584-429f-bd20-4f029f920b84',4,true),
  ('8fd34ba9-5dc5-49fa-b12d-6a6f815e0982','8bb9a5c2-5f8c-45b1-9c0f-1b3629e3c09b',6,false),
  ('475561ea-de8e-4478-81d6-609724fca985','47ae20e6-14d2-4cc1-a4af-7451706b0762',4,false),
  ('d75a3e8f-2bdd-4fde-aea4-c3f52436d9e6','89115505-0304-4a5c-9af8-4ddea678159a',32,false),
  ('eba4ab51-532c-4f5b-9fc8-9ad18da92702','c3254ab8-1934-458a-a368-ecf5d71f11b9',56,false),
  ('475561ea-de8e-4478-81d6-609724fca985','236395a1-24b3-49c9-a835-5dff9f4ff658',68,false),
  ('8fd34ba9-5dc5-49fa-b12d-6a6f815e0982','0143beca-baa5-4d28-abd0-b6bdd7ae8fdb',25,false),
  ('70ff8fac-6f0b-4795-9705-ed664c55f040','06a96e68-f6c3-4464-862b-0db4f11f66a0',113,false),
  ('653515ee-372f-4074-a45b-4136f46952a9','e3c73f3a-8f96-401e-ae05-17c37ae29d1d',6,false),
  ('70ff8fac-6f0b-4795-9705-ed664c55f040','bfe1a4c3-9787-4aaf-9fc9-24dc68acc9c6',81,false),
  ('df437436-8fcc-47da-b19f-02a525a8f695','c1977bf5-0040-41da-a361-f7430bebdfad',25,true),
  ('ee07c52d-878c-4da6-b17f-f6a409cda90e','00c562fc-fa9a-49c5-86a0-ac8faed03e4d',71,true),
  ('52e2d29c-f30f-4031-86e6-1771ea51f376','09f0bd4e-d2a6-48f1-afa9-f8dc11f9cc01',13,true),
  ('ee07c52d-878c-4da6-b17f-f6a409cda90e','c907f640-490c-4df1-b8bb-83a504ead059',14,true),
  ('7c683a01-b165-4d05-baab-d36f93a3f32f','a77eb232-11bb-47b6-8c7f-ec9d162e021a',51,true),
  ('52e2d29c-f30f-4031-86e6-1771ea51f376','59bae632-4b30-487f-9d54-2b74113f4761',16,false),
  ('6457117a-ce37-4f2a-a0bf-7f008b544ae3','206db8fa-4a46-42d0-ba7c-343dcf1cd424',83,true),
  ('58c074ac-7d9e-483f-9a61-0e94f32dc59d','08757db7-1468-472d-9961-4892bfe162b4',18,false),
  ('7e1ca4cd-e152-4100-8acc-c41288fe1b52','e5eea887-a655-420a-b6f0-785dc47def7f',51,false),
  ('8546874d-dae3-487b-9876-953415a580c0','a111be63-0fdf-4fac-af98-02dc4d3b8871',0,false),
  ('653515ee-372f-4074-a45b-4136f46952a9','6db8b1cf-bb07-4e80-aa60-889714de7590',13,false),
  ('1633e38c-8de6-4de3-aa95-d5d7919f5fbb','5aa96865-eeb9-434c-b84b-0cdd8550771e',3,true),
  ('df437436-8fcc-47da-b19f-02a525a8f695','ce53c441-dfc7-449f-81aa-f3bf206f46e9',110,false),
  ('58c074ac-7d9e-483f-9a61-0e94f32dc59d','597c75bd-146a-4732-9d3e-d3b5ddcba9e4',35,false),
  ('7e1ca4cd-e152-4100-8acc-c41288fe1b52','edbfc808-5df2-4741-bcde-8d3c03e32e58',120,false),
  ('d75a3e8f-2bdd-4fde-aea4-c3f52436d9e6','75b8b228-89cf-4eb3-a863-55fa666fc8b7',84,false),
  ('6457117a-ce37-4f2a-a0bf-7f008b544ae3','72920514-d612-4ae1-b12f-1d9bd8a8c4b8',90,true),
  ('df437436-8fcc-47da-b19f-02a525a8f695','27c43d40-40f0-42ef-b817-eb545947875f',1,true),
  ('1633e38c-8de6-4de3-aa95-d5d7919f5fbb','f65b57b9-5fc2-4d58-94fb-4f7aab113537',53,true),
  ('d75a3e8f-2bdd-4fde-aea4-c3f52436d9e6','4010a149-feb0-469b-b0e1-4853f90a4091',109,true),
  ('8393081b-9ead-417e-b3f1-ad62ccfbd6db','e7bdf806-e10f-4525-8f95-8fd738af827e',9,false),
  ('460675e5-0121-407b-803b-2e10117beb42','3bc9db66-ebc8-4ae2-acca-556f13d33fa9',133,false),
  ('e71b73a3-44bf-434a-8a1d-bf2444e5fcf4','18723b26-2648-4cdd-8f7d-49a542b544d1',25,true),
  ('1dcfb27d-fd67-4997-80b6-1c67f9139b29','31d4b082-ecd2-4a9b-aa14-66fd360ecc21',74,false),
  ('7e1ca4cd-e152-4100-8acc-c41288fe1b52','70996c1a-8743-4e1a-abf1-0c78a423e9b2',44,false),
  ('7c683a01-b165-4d05-baab-d36f93a3f32f','13d05d2f-50f1-4936-b9db-f3d665f7840f',97,false),
  ('8546874d-dae3-487b-9876-953415a580c0','70996c1a-8743-4e1a-abf1-0c78a423e9b2',44,false),
  ('58c074ac-7d9e-483f-9a61-0e94f32dc59d','4e1a7415-58f3-475e-a9fe-4fcf83667f24',162,false),
  ('e71b73a3-44bf-434a-8a1d-bf2444e5fcf4','6ddd121d-1e46-46df-97af-90b119a1ab8a',55,true),
  ('7c683a01-b165-4d05-baab-d36f93a3f32f','9bc8a44d-42d1-415b-9392-5f5d70da1f76',143,false),
  ('542c402b-747c-4190-9239-627abdef9e02','22288a69-ac19-4ff5-9521-7895a0bca993',93,true),
  ('70ff8fac-6f0b-4795-9705-ed664c55f040','6e4e9f10-dce5-4395-9805-55750f3ef326',107,false),
  ('58c074ac-7d9e-483f-9a61-0e94f32dc59d','a26ad1fb-7eaa-4c79-b997-79803b8ee711',188,false),
  ('8546874d-dae3-487b-9876-953415a580c0','8962833b-dd4d-461a-8e7f-52d4e87675a5',3,false),
  ('70ff8fac-6f0b-4795-9705-ed664c55f040','2ed208c2-521a-4ee3-ade1-0474955effb3',140,false),
  ('70ff8fac-6f0b-4795-9705-ed664c55f040','32f9dd82-8311-48b1-a8ae-d2a2d355ab9a',67,true),
  ('475561ea-de8e-4478-81d6-609724fca985','de03e877-cd80-491a-bc52-780993356d6d',26,false),
  ('7c683a01-b165-4d05-baab-d36f93a3f32f','1a3e8fad-c6dd-4b12-8917-df502ca9a7a7',92,true),
  ('6457117a-ce37-4f2a-a0bf-7f008b544ae3','9edba9e9-6d30-4c9a-beb5-f8ed7e0b1df0',53,true),
  ('58c074ac-7d9e-483f-9a61-0e94f32dc59d','1611444a-10d9-489b-89f6-ff6424930faa',167,false),
  ('460675e5-0121-407b-803b-2e10117beb42','96249cbc-0b54-472f-9e3d-34e96f7fb530',199,true),
  ('70ff8fac-6f0b-4795-9705-ed664c55f040','d5a216ef-b8ce-475e-aacc-0fd937511b01',89,true),
  ('df437436-8fcc-47da-b19f-02a525a8f695','2abf4bc0-0e7c-423c-b49a-a25439b9e02b',139,false),
  ('3bd6b7aa-58a1-42b1-b2b1-85c9039bda36','3b26f099-765a-4ec8-a02a-2bb3c3f4c1f1',90,false),
  ('3bd6b7aa-58a1-42b1-b2b1-85c9039bda36','4ac47d53-e83a-4f56-9759-94fa42c37d18',45,false),
  ('09cf43fd-e29d-4c78-b9c5-42af9c230474','8785fcf8-7002-4f64-8f1e-3d318e4b646e',89,true),
  ('33b9147a-36f5-4a54-b70e-80acc20a2ee7','b6879a79-d7df-43e0-bf65-b2abfd939a6f',37,true),
  ('09cf43fd-e29d-4c78-b9c5-42af9c230474','65748972-42fc-4d2a-bf2b-9083655e45f5',106,true),
  ('3bd6b7aa-58a1-42b1-b2b1-85c9039bda36','a9ffeae3-cfdd-4711-a722-3c735db8746a',77,false),
  ('09cf43fd-e29d-4c78-b9c5-42af9c230474','135a026f-06c0-42f4-9040-c99901d975e7',2,true),
  ('7e1ca4cd-e152-4100-8acc-c41288fe1b52','0f1368c8-110f-413d-9184-9fc31ca362ae',56,false),
  ('e71b73a3-44bf-434a-8a1d-bf2444e5fcf4','24636cb3-7f4d-4d56-8a38-0efd18c920ba',93,false),
  ('1dcfb27d-fd67-4997-80b6-1c67f9139b29','47ae20e6-14d2-4cc1-a4af-7451706b0762',4,false),
  ('33b9147a-36f5-4a54-b70e-80acc20a2ee7','2461cec9-0d4b-469f-b9fe-6bd32a0cd11e',44,true),
  ('542c402b-747c-4190-9239-627abdef9e02','75148221-7459-44fc-8d04-654a38688db3',114,false),
  ('7e1ca4cd-e152-4100-8acc-c41288fe1b52','bd4ad40d-a482-44b2-a876-68f0d03622db',98,false),
  ('460675e5-0121-407b-803b-2e10117beb42','f1c20764-78a6-4289-be7f-fb8861fc16f5',40,true),
  ('70ff8fac-6f0b-4795-9705-ed664c55f040','5953a881-2426-4f4c-b9c1-31dac470457a',11,false),
  ('09cf43fd-e29d-4c78-b9c5-42af9c230474','89115505-0304-4a5c-9af8-4ddea678159a',99,true),
  ('475561ea-de8e-4478-81d6-609724fca985','6ba17caf-fc02-4d8d-95a6-b0150ed63ba0',18,false),
  ('8393081b-9ead-417e-b3f1-ad62ccfbd6db','e09f658b-7445-4e8d-8f6a-23bf2c87e956',29,false),
  ('e71b73a3-44bf-434a-8a1d-bf2444e5fcf4','4e0d5819-7761-4f8c-a9d5-05f84a15895c',105,true),
  ('8fd34ba9-5dc5-49fa-b12d-6a6f815e0982','13d05d2f-50f1-4936-b9db-f3d665f7840f',95,true),
  ('70ff8fac-6f0b-4795-9705-ed664c55f040','6eb7d4f5-865c-48ff-980c-b2a8fa85876d',130,false),
  ('ee07c52d-878c-4da6-b17f-f6a409cda90e','99393463-bffe-470a-961f-b6e50010c60b',18,true),
  ('460675e5-0121-407b-803b-2e10117beb42','cc7eb688-0f3a-43ca-98c8-6dac6b35c8f0',82,true),
  ('8fd34ba9-5dc5-49fa-b12d-6a6f815e0982','9e23854b-250c-4100-83be-5080f5437bf4',64,true),
  ('e71b73a3-44bf-434a-8a1d-bf2444e5fcf4','c19cee8a-00a0-4296-a11e-14fcab9944c7',48,true),
  ('7c683a01-b165-4d05-baab-d36f93a3f32f','ff153154-91f5-4de1-84bb-7c189502bb76',160,true),
  ('7e1ca4cd-e152-4100-8acc-c41288fe1b52','15ce83a5-2c01-470f-a908-df16e82740a2',8,false),
  ('8fd34ba9-5dc5-49fa-b12d-6a6f815e0982','e93e25f5-e15a-4c3a-9ad8-8c2bd02cff4c',78,true),
  ('6457117a-ce37-4f2a-a0bf-7f008b544ae3','6d00a8ab-8130-4670-a3fb-741732217049',112,true),
  ('68769c6a-259f-4b09-bd34-25e19d72f62a','c49087db-71f8-4cd2-8e86-626fddc5d1f4',62,true),
  ('653515ee-372f-4074-a45b-4136f46952a9','418df147-cab4-4e35-96b8-788e87ac750f',23,false),
  ('8393081b-9ead-417e-b3f1-ad62ccfbd6db','d01e8c5b-70f6-4e2c-980e-239c084dd840',84,false),
  ('d75a3e8f-2bdd-4fde-aea4-c3f52436d9e6','60af5f61-205f-4509-86ee-1c7a1b79e1d3',116,false),
  ('ee07c52d-878c-4da6-b17f-f6a409cda90e','880a8433-0cd0-4148-9e8a-bbcd13530f89',56,true),
  ('68769c6a-259f-4b09-bd34-25e19d72f62a','80d885a3-6bee-40d4-a838-61d36facee26',81,true),
  ('ee07c52d-878c-4da6-b17f-f6a409cda90e','1de53f96-aed0-40d7-bf1d-815c2aa9798d',28,false),
  ('8fd34ba9-5dc5-49fa-b12d-6a6f815e0982','6551e783-01f4-4c59-add9-6f70874d50f2',149,false),
  ('8fd34ba9-5dc5-49fa-b12d-6a6f815e0982','cc2f0e90-73bd-4e5f-95e3-bc447618eab8',145,false),
  ('3bd6b7aa-58a1-42b1-b2b1-85c9039bda36','418df147-cab4-4e35-96b8-788e87ac750f',23,false),
  ('7c683a01-b165-4d05-baab-d36f93a3f32f','5aa96865-eeb9-434c-b84b-0cdd8550771e',187,false),
  ('1dcfb27d-fd67-4997-80b6-1c67f9139b29','6db8b1cf-bb07-4e80-aa60-889714de7590',13,false),
  ('653515ee-372f-4074-a45b-4136f46952a9','3baaf2fc-1505-42f5-a0db-2f1598438f87',86,false),
  ('653515ee-372f-4074-a45b-4136f46952a9','c768882f-efdb-402e-8589-a1bbdb238330',118,false),
  ('1633e38c-8de6-4de3-aa95-d5d7919f5fbb','93b88312-a86a-40d3-9505-324f49405e7c',117,false),
  ('1dcfb27d-fd67-4997-80b6-1c67f9139b29','15ce83a5-2c01-470f-a908-df16e82740a2',8,false),
  ('3bd6b7aa-58a1-42b1-b2b1-85c9039bda36','64ef8968-40fb-433c-97e1-a06fd6d33fd0',7,false),
  ('33b9147a-36f5-4a54-b70e-80acc20a2ee7','53b4f788-2af4-4c71-a8e2-092a04b1a3b2',116,true),
  ('8546874d-dae3-487b-9876-953415a580c0','3018c128-693e-4955-8018-5e6770bbf1b6',76,false),
  ('653515ee-372f-4074-a45b-4136f46952a9','4aa33db0-c38f-4951-b0a5-2f3d67455b6a',96,true),
  ('e81b7531-1b0d-46b7-9b79-463e03b01c3c','841905c8-9681-4d9a-a274-2ce3cf770ec1',81,false),
  ('7c683a01-b165-4d05-baab-d36f93a3f32f','96fdcbc3-888f-442d-984e-1e2067147f8c',146,true),
  ('58c074ac-7d9e-483f-9a61-0e94f32dc59d','bdfd9d8e-bbde-4e15-83a7-3813006c09f4',166,false),
  ('6457117a-ce37-4f2a-a0bf-7f008b544ae3','7e038577-3229-48a2-8c39-90601869f9f9',14,true),
  ('1dcfb27d-fd67-4997-80b6-1c67f9139b29','ee4c88d5-2e97-4fb9-8d28-1d0e8196a97c',69,false),
  ('e71b73a3-44bf-434a-8a1d-bf2444e5fcf4','88929ebc-3b80-49cf-a466-c926845c4a7f',44,true),
  ('3bd6b7aa-58a1-42b1-b2b1-85c9039bda36','3a2d108d-da86-477d-a415-932053067242',92,false),
  ('460675e5-0121-407b-803b-2e10117beb42','0a393dc4-cb63-4ebd-b638-8c4477bba93c',170,true),
  ('1633e38c-8de6-4de3-aa95-d5d7919f5fbb','b34f007a-59df-4f77-a70d-ff2240c9d003',141,false),
  ('7c683a01-b165-4d05-baab-d36f93a3f32f','0fc3987a-afd1-4105-9b6a-c11a10e922e4',35,true),
  ('eba4ab51-532c-4f5b-9fc8-9ad18da92702','ae34f04a-3634-4dd7-9195-fdb1d459ccfc',45,false),
  ('8fd34ba9-5dc5-49fa-b12d-6a6f815e0982','9e6370ae-7ca7-4b53-970b-3d5b0885fb99',91,true),
  ('653515ee-372f-4074-a45b-4136f46952a9','47ae20e6-14d2-4cc1-a4af-7451706b0762',4,false),
  ('460675e5-0121-407b-803b-2e10117beb42','efbe86e4-0ac4-4eec-b8e6-d1ee708f65d3',128,false),
  ('d75a3e8f-2bdd-4fde-aea4-c3f52436d9e6','8453518f-19bb-41a7-a65f-ec4a35e06c65',140,true),
  ('1633e38c-8de6-4de3-aa95-d5d7919f5fbb','7f7b40c0-b274-4793-bec3-6a31ec821c75',58,true),
  ('653515ee-372f-4074-a45b-4136f46952a9','81fc8fee-ef9e-4442-870f-424f5df24301',67,false),
  ('68769c6a-259f-4b09-bd34-25e19d72f62a','24145fc4-12da-4f74-8115-323729efa897',1,false),
  ('d75a3e8f-2bdd-4fde-aea4-c3f52436d9e6','52182f4d-35ed-423d-8c3b-41d070fb4ed6',97,false),
  ('7e1ca4cd-e152-4100-8acc-c41288fe1b52','4ac47d53-e83a-4f56-9759-94fa42c37d18',45,false),
  ('e81b7531-1b0d-46b7-9b79-463e03b01c3c','81f73280-1e67-485f-9f16-c0806509739d',55,true),
  ('8fd34ba9-5dc5-49fa-b12d-6a6f815e0982','b92626db-b324-4c3d-8969-318a4d15e655',28,false),
  ('e71b73a3-44bf-434a-8a1d-bf2444e5fcf4','8beeb25f-e663-4382-a478-fa463d19ad00',91,false),
  ('58c074ac-7d9e-483f-9a61-0e94f32dc59d','e8ee38c5-cfcf-4d3b-a0dc-f12a193d0aef',10,false),
  ('09cf43fd-e29d-4c78-b9c5-42af9c230474','126e8d71-e1dd-40c4-9b1c-daed45beef9e',1,false),
  ('68769c6a-259f-4b09-bd34-25e19d72f62a','8785fcf8-7002-4f64-8f1e-3d318e4b646e',78,true),
  ('460675e5-0121-407b-803b-2e10117beb42','b78c22da-2671-423f-a166-da810d61b3b1',71,true),
  ('542c402b-747c-4190-9239-627abdef9e02','3b26f099-765a-4ec8-a02a-2bb3c3f4c1f1',34,true),
  ('1633e38c-8de6-4de3-aa95-d5d7919f5fbb','8bb9a5c2-5f8c-45b1-9c0f-1b3629e3c09b',6,false),
  ('33b9147a-36f5-4a54-b70e-80acc20a2ee7','206db8fa-4a46-42d0-ba7c-343dcf1cd424',83,true),
  ('542c402b-747c-4190-9239-627abdef9e02','2956cce6-0533-418b-866f-bc27caaa9a53',75,true),
  ('68769c6a-259f-4b09-bd34-25e19d72f62a','532b3514-8072-4ad3-ab4c-5cc1c20be1f4',86,true),
  ('8546874d-dae3-487b-9876-953415a580c0','de03e877-cd80-491a-bc52-780993356d6d',26,false),
  ('7e1ca4cd-e152-4100-8acc-c41288fe1b52','71ce4d9e-66a6-4ab8-9cb7-42f98b188b86',41,false),
  ('8fd34ba9-5dc5-49fa-b12d-6a6f815e0982','f4936526-65dd-483c-b8b3-d09a84f054bb',0,false),
  ('e81b7531-1b0d-46b7-9b79-463e03b01c3c','7e991c16-e50a-4bb1-bbb9-a67305b87d11',48,true),
  ('8fd34ba9-5dc5-49fa-b12d-6a6f815e0982','826aa58e-0c14-4ff0-9437-6d8f20eaa1ea',114,false),
  ('eba4ab51-532c-4f5b-9fc8-9ad18da92702','d16df70e-015b-48c1-9c29-1a65d7467489',80,true),
  ('e6f09199-f1b5-4709-9cef-cc33df416523','b105a915-86f3-499e-8449-82e9ec88eb81',69,false),
  ('7c683a01-b165-4d05-baab-d36f93a3f32f','b92626db-b324-4c3d-8969-318a4d15e655',162,true),
  ('df437436-8fcc-47da-b19f-02a525a8f695','ea26d290-9614-4f92-85ad-fb33b2e7bafd',18,true),
  ('475561ea-de8e-4478-81d6-609724fca985','f5f4ee8a-28d6-40ad-868e-dc7679579c54',81,false),
  ('70ff8fac-6f0b-4795-9705-ed664c55f040','eb6f75b6-526a-40e7-a0ca-60d19e5c694d',150,true),
  ('460675e5-0121-407b-803b-2e10117beb42','8a7b5028-ed33-47ff-bd2e-af94c946fc65',66,true),
  ('1dcfb27d-fd67-4997-80b6-1c67f9139b29','6ba17caf-fc02-4d8d-95a6-b0150ed63ba0',18,false),
  ('d75a3e8f-2bdd-4fde-aea4-c3f52436d9e6','e402fd5a-c394-488a-b1ee-63a9b9f3ee25',89,false),
  ('7e1ca4cd-e152-4100-8acc-c41288fe1b52','66572aba-a2f3-476f-aef7-2869dd5b3f23',106,true),
  ('68769c6a-259f-4b09-bd34-25e19d72f62a','880a8433-0cd0-4148-9e8a-bbcd13530f89',45,true),
  ('7c683a01-b165-4d05-baab-d36f93a3f32f','8d0d7384-2f97-4fa4-bb62-48e6a0d95ed1',85,true),
  ('df437436-8fcc-47da-b19f-02a525a8f695','cf720232-a4bf-4a99-9e5e-f9b56c8e4c06',156,true),
  ('52e2d29c-f30f-4031-86e6-1771ea51f376','c3abecd6-fbcd-4861-9670-e2c9a1ab0fc6',89,true),
  ('d75a3e8f-2bdd-4fde-aea4-c3f52436d9e6','dd4c97ff-c99d-4b26-b64e-e1be5a8b5173',108,true),
  ('1633e38c-8de6-4de3-aa95-d5d7919f5fbb','27c43d40-40f0-42ef-b817-eb545947875f',204,false),
  ('58c074ac-7d9e-483f-9a61-0e94f32dc59d','ff153154-91f5-4de1-84bb-7c189502bb76',30,false),
  ('475561ea-de8e-4478-81d6-609724fca985','d300e764-9583-4b59-97b8-c0698978f080',85,false),
  ('33b9147a-36f5-4a54-b70e-80acc20a2ee7','f128cce0-8d1a-4b9f-a25b-7efb92e5a270',30,false),
  ('e6f09199-f1b5-4709-9cef-cc33df416523','23a97ea6-b667-4d1e-b425-e75658a2ba6a',37,true),
  ('33b9147a-36f5-4a54-b70e-80acc20a2ee7','cffc080b-9d51-4aaf-b013-07057b08c002',107,true),
  ('7e1ca4cd-e152-4100-8acc-c41288fe1b52','897e8ff1-2b82-4a8d-8a7e-17172636e9a5',39,false),
  ('ee07c52d-878c-4da6-b17f-f6a409cda90e','53b4f788-2af4-4c71-a8e2-092a04b1a3b2',127,true),
  ('58c074ac-7d9e-483f-9a61-0e94f32dc59d','0af384d9-97ea-4483-acd0-7d40e8e2b62e',24,false),
  ('7c683a01-b165-4d05-baab-d36f93a3f32f','96249cbc-0b54-472f-9e3d-34e96f7fb530',188,true),
  ('460675e5-0121-407b-803b-2e10117beb42','eacf19b6-a958-4d8d-9fe4-969d20ea16e5',127,false),
  ('09cf43fd-e29d-4c78-b9c5-42af9c230474','7210ea1b-d8af-4be6-a172-bb7034a2f0df',117,true),
  ('09cf43fd-e29d-4c78-b9c5-42af9c230474','f128cce0-8d1a-4b9f-a25b-7efb92e5a270',41,false),
  ('52e2d29c-f30f-4031-86e6-1771ea51f376','ed73a909-5814-4480-b944-5392e9741390',117,true),
  ('542c402b-747c-4190-9239-627abdef9e02','e2c89600-f406-46d0-b968-55f3219042bd',56,true),
  ('7e1ca4cd-e152-4100-8acc-c41288fe1b52','24145fc4-12da-4f74-8115-323729efa897',125,true),
  ('68769c6a-259f-4b09-bd34-25e19d72f62a','6df35e8c-6adf-45ea-901f-152d50e73555',71,false),
  ('68769c6a-259f-4b09-bd34-25e19d72f62a','b6879a79-d7df-43e0-bf65-b2abfd939a6f',37,true),
  ('33b9147a-36f5-4a54-b70e-80acc20a2ee7','83d89401-a895-4fad-a313-d096949b948c',113,true),
  ('1633e38c-8de6-4de3-aa95-d5d7919f5fbb','5755801a-5a39-4dd6-8f4a-de3ee77b4018',205,false),
  ('eba4ab51-532c-4f5b-9fc8-9ad18da92702','23a97ea6-b667-4d1e-b425-e75658a2ba6a',62,false),
  ('ee07c52d-878c-4da6-b17f-f6a409cda90e','22288a69-ac19-4ff5-9521-7895a0bca993',104,true),
  ('460675e5-0121-407b-803b-2e10117beb42','18ebfa19-4bc3-45eb-8f14-50ef4326c3a7',67,true),
  ('653515ee-372f-4074-a45b-4136f46952a9','c701989a-9e3c-45d6-9cff-bbc04a7bca59',101,false),
  ('1dcfb27d-fd67-4997-80b6-1c67f9139b29','11fd88b1-1905-4904-a28f-d462edb84c1c',70,false),
  ('52e2d29c-f30f-4031-86e6-1771ea51f376','bd4ad40d-a482-44b2-a876-68f0d03622db',26,true),
  ('3bd6b7aa-58a1-42b1-b2b1-85c9039bda36','bb8b3971-adf7-4503-a815-87037e893ec6',79,false),
  ('70ff8fac-6f0b-4795-9705-ed664c55f040','a4110ab0-2f8f-4e97-99e6-5072c7768b6b',134,false),
  ('475561ea-de8e-4478-81d6-609724fca985','a78f0563-8cb9-4912-82f2-8fd6123b4938',65,false),
  ('33b9147a-36f5-4a54-b70e-80acc20a2ee7','7229fe38-1d68-42f8-b5a5-4c35fc811971',21,false),
  ('eba4ab51-532c-4f5b-9fc8-9ad18da92702','e42e52d6-6b0a-461b-a4ba-37802f9df651',39,false),
  ('8393081b-9ead-417e-b3f1-ad62ccfbd6db','5258132e-5f6d-47c9-9aad-079f699d7abe',52,false),
  ('460675e5-0121-407b-803b-2e10117beb42','b4ed8883-58e0-4ad2-9633-63b48f360f75',162,true),
  ('8393081b-9ead-417e-b3f1-ad62ccfbd6db','1946dd19-e56f-4bdc-a8a4-ce1d9a55807e',42,false),
  ('e81b7531-1b0d-46b7-9b79-463e03b01c3c','b8605f3c-b6a8-4fa9-aa2d-09e734fe0a76',34,true),
  ('460675e5-0121-407b-803b-2e10117beb42','ef07c713-b996-4c8a-ba82-d249492197fc',31,true),
  ('7c683a01-b165-4d05-baab-d36f93a3f32f','d634f076-a505-40e5-87b9-c24016ac346c',66,true),
  ('ee07c52d-878c-4da6-b17f-f6a409cda90e','ed73a909-5814-4480-b944-5392e9741390',128,true),
  ('ee07c52d-878c-4da6-b17f-f6a409cda90e','101a41f0-baef-4525-9642-c55b7ae174bf',74,true),
  ('70ff8fac-6f0b-4795-9705-ed664c55f040','e6900b2b-d075-473e-9b02-ea759b0e0262',96,false),
  ('1dcfb27d-fd67-4997-80b6-1c67f9139b29','52182f4d-35ed-423d-8c3b-41d070fb4ed6',97,false),
  ('7c683a01-b165-4d05-baab-d36f93a3f32f','d778bb17-e937-4f1e-864b-f42afb41a394',47,true),
  ('653515ee-372f-4074-a45b-4136f46952a9','0f1368c8-110f-413d-9184-9fc31ca362ae',56,false),
  ('70ff8fac-6f0b-4795-9705-ed664c55f040','a65fa4e0-9778-4c0a-b437-169888b2b298',120,false),
  ('58c074ac-7d9e-483f-9a61-0e94f32dc59d','9bc8a44d-42d1-415b-9392-5f5d70da1f76',48,true),
  ('1633e38c-8de6-4de3-aa95-d5d7919f5fbb','81bce1c8-129d-4d95-a59b-660a1263a598',178,false),
  ('e71b73a3-44bf-434a-8a1d-bf2444e5fcf4','34fbc675-a3cd-47b8-996c-80265f8583e3',8,true),
  ('7c683a01-b165-4d05-baab-d36f93a3f32f','b78c22da-2671-423f-a166-da810d61b3b1',60,true),
  ('1633e38c-8de6-4de3-aa95-d5d7919f5fbb','42abe2a2-b962-407d-9613-ed1386544719',109,false),
  ('ee07c52d-878c-4da6-b17f-f6a409cda90e','89115505-0304-4a5c-9af8-4ddea678159a',99,true),
  ('68769c6a-259f-4b09-bd34-25e19d72f62a','3baaf2fc-1505-42f5-a0db-2f1598438f87',38,true),
  ('58c074ac-7d9e-483f-9a61-0e94f32dc59d','3bfeecad-2a84-4ab6-83e7-3954a5f78fde',27,false),
  ('7c683a01-b165-4d05-baab-d36f93a3f32f','c3c1aae1-4ae1-4b60-9f7c-f314ee51c1c8',110,false),
  ('542c402b-747c-4190-9239-627abdef9e02','cffc080b-9d51-4aaf-b013-07057b08c002',107,true),
  ('8546874d-dae3-487b-9876-953415a580c0','ae9a2315-b73d-44a2-a309-611a7214289b',110,true),
  ('d75a3e8f-2bdd-4fde-aea4-c3f52436d9e6','a4f5adff-c117-4f10-a596-c6dedbf52caa',22,false),
  ('6457117a-ce37-4f2a-a0bf-7f008b544ae3','490e3571-3002-413b-82db-2b6d1a34e1f4',77,true),
  ('3bd6b7aa-58a1-42b1-b2b1-85c9039bda36','47ae20e6-14d2-4cc1-a4af-7451706b0762',4,false),
  ('542c402b-747c-4190-9239-627abdef9e02','de03e877-cd80-491a-bc52-780993356d6d',94,true),
  ('ee07c52d-878c-4da6-b17f-f6a409cda90e','9edba9e9-6d30-4c9a-beb5-f8ed7e0b1df0',64,true),
  ('58c074ac-7d9e-483f-9a61-0e94f32dc59d','e0790599-7cea-4799-8c2c-b29a057681b8',160,false),
  ('7e1ca4cd-e152-4100-8acc-c41288fe1b52','03bc612f-afb1-45eb-b7f8-f5c4070ecae5',63,false),
  ('68769c6a-259f-4b09-bd34-25e19d72f62a','c3abecd6-fbcd-4861-9670-e2c9a1ab0fc6',89,true),
  ('e71b73a3-44bf-434a-8a1d-bf2444e5fcf4','79cb773a-6e5c-4bc4-8df7-9c56907ddad3',151,true),
  ('1633e38c-8de6-4de3-aa95-d5d7919f5fbb','4c0566cf-7340-4dc8-9e9c-efb2afa35935',203,false),
  ('6457117a-ce37-4f2a-a0bf-7f008b544ae3','a4f5adff-c117-4f10-a596-c6dedbf52caa',98,true),
  ('58c074ac-7d9e-483f-9a61-0e94f32dc59d','e0e42e15-fa16-4ced-a847-e87076a3e476',191,false),
  ('7c683a01-b165-4d05-baab-d36f93a3f32f','431f0c40-1565-4073-a742-b8851f98a61e',89,true),
  ('e6f09199-f1b5-4709-9cef-cc33df416523','3ad5cc42-c883-452e-8cf0-19429e98c886',74,false),
  ('33b9147a-36f5-4a54-b70e-80acc20a2ee7','74b2c7ce-c3fd-4138-9444-ee07e4daedd5',59,true),
  ('ee07c52d-878c-4da6-b17f-f6a409cda90e','251b00d7-eeea-4a23-b9ac-495b8b3ae16d',16,true),
  ('d75a3e8f-2bdd-4fde-aea4-c3f52436d9e6','edbfc808-5df2-4741-bcde-8d3c03e32e58',120,false),
  ('542c402b-747c-4190-9239-627abdef9e02','490e3571-3002-413b-82db-2b6d1a34e1f4',77,true),
  ('58c074ac-7d9e-483f-9a61-0e94f32dc59d','0e0f17d7-092b-49d3-8248-99b74bcb335e',143,false),
  ('475561ea-de8e-4478-81d6-609724fca985','bdb3e9e4-4e66-428e-b517-bd0fef6063e8',71,false),
  ('3bd6b7aa-58a1-42b1-b2b1-85c9039bda36','a33eb8d1-47a8-47de-b975-668fb2fc113f',46,false),
  ('e71b73a3-44bf-434a-8a1d-bf2444e5fcf4','42abcf10-7349-4f91-b904-3ef888621431',153,true),
  ('475561ea-de8e-4478-81d6-609724fca985','60016ffb-db9e-484e-84fb-015e149fbb23',40,false),
  ('7c683a01-b165-4d05-baab-d36f93a3f32f','ef07c713-b996-4c8a-ba82-d249492197fc',20,true),
  ('58c074ac-7d9e-483f-9a61-0e94f32dc59d','9f5892dc-2d24-410f-a0f8-b9b0c092b805',198,true),
  ('6457117a-ce37-4f2a-a0bf-7f008b544ae3','f4742294-0cec-41e6-9cd8-76ff3d1c6c02',109,true),
  ('1633e38c-8de6-4de3-aa95-d5d7919f5fbb','e8ee38c5-cfcf-4d3b-a0dc-f12a193d0aef',10,false),
  ('8fd34ba9-5dc5-49fa-b12d-6a6f815e0982','7fc4570d-2028-4342-bdf2-054beea12d3d',104,false),
  ('52e2d29c-f30f-4031-86e6-1771ea51f376','dbe349b4-bc4f-43d8-a9d5-751863bd7d35',99,true),
  ('52e2d29c-f30f-4031-86e6-1771ea51f376','c768882f-efdb-402e-8589-a1bbdb238330',8,true),
  ('33b9147a-36f5-4a54-b70e-80acc20a2ee7','e402fd5a-c394-488a-b1ee-63a9b9f3ee25',35,true),
  ('df437436-8fcc-47da-b19f-02a525a8f695','866c63b1-9b0d-462f-887e-d7890035d493',15,true),
  ('1633e38c-8de6-4de3-aa95-d5d7919f5fbb','76c7f5db-554f-44cc-8e5c-dba797df1ccf',60,true),
  ('460675e5-0121-407b-803b-2e10117beb42','a987dd2c-58cd-46d2-8074-abb21faeb2c4',16,true),
  ('8fd34ba9-5dc5-49fa-b12d-6a6f815e0982','3a211ccc-530d-4a14-8d7c-831dcdcae077',121,false),
  ('8546874d-dae3-487b-9876-953415a580c0','901d1ae1-bf2e-4494-b3c2-4f56d401a16c',129,false),
  ('ee07c52d-878c-4da6-b17f-f6a409cda90e','3b26f099-765a-4ec8-a02a-2bb3c3f4c1f1',45,true),
  ('58c074ac-7d9e-483f-9a61-0e94f32dc59d','7cc7c9d8-4a3f-4011-ae2c-554afd2e0f73',135,false),
  ('6457117a-ce37-4f2a-a0bf-7f008b544ae3','8785fcf8-7002-4f64-8f1e-3d318e4b646e',78,true),
  ('653515ee-372f-4074-a45b-4136f46952a9','93118ea7-223b-4949-97e1-5b060d5f8eb1',38,false),
  ('1633e38c-8de6-4de3-aa95-d5d7919f5fbb','5aa66c9f-75d8-4cda-ad5e-fd149e542d1d',132,false),
  ('df437436-8fcc-47da-b19f-02a525a8f695','597c75bd-146a-4732-9d3e-d3b5ddcba9e4',166,true),
  ('6457117a-ce37-4f2a-a0bf-7f008b544ae3','05c022e1-cab6-4483-aa28-80e072aa4fa9',48,true),
  ('df437436-8fcc-47da-b19f-02a525a8f695','5aa96865-eeb9-434c-b84b-0cdd8550771e',198,false),
  ('d75a3e8f-2bdd-4fde-aea4-c3f52436d9e6','caeb10de-ae13-4a7e-8ba9-db5e80e87d0e',66,false),
  ('33b9147a-36f5-4a54-b70e-80acc20a2ee7','7c93d5c3-0454-4654-b84f-b00480cee39e',58,true),
  ('475561ea-de8e-4478-81d6-609724fca985','99393463-bffe-470a-961f-b6e50010c60b',119,false),
  ('1633e38c-8de6-4de3-aa95-d5d7919f5fbb','f54a7892-27d9-4bbb-a752-f6669daf0df8',20,false),
  ('e6f09199-f1b5-4709-9cef-cc33df416523','39066240-6c13-4880-a46c-1a1942a8acfa',63,true),
  ('460675e5-0121-407b-803b-2e10117beb42','3d56133f-0809-4a04-b19f-cdc4481fc922',151,false),
  ('8393081b-9ead-417e-b3f1-ad62ccfbd6db','b705b7cc-4513-49cd-ba22-beb9a85a02fc',53,false),
  ('e71b73a3-44bf-434a-8a1d-bf2444e5fcf4','11349b7f-d05e-47e1-8024-9a2b59e2b55c',71,false),
  ('8546874d-dae3-487b-9876-953415a580c0','64ef8968-40fb-433c-97e1-a06fd6d33fd0',7,false),
  ('1633e38c-8de6-4de3-aa95-d5d7919f5fbb','0a082979-4ad5-4336-8cf9-5b888141c149',41,false),
  ('52e2d29c-f30f-4031-86e6-1771ea51f376','22288a69-ac19-4ff5-9521-7895a0bca993',93,true),
  ('460675e5-0121-407b-803b-2e10117beb42','2bd1c495-1c2d-4cd5-8499-b0d28cce033e',159,true),
  ('58c074ac-7d9e-483f-9a61-0e94f32dc59d','7fc4570d-2028-4342-bdf2-054beea12d3d',104,false),
  ('e6f09199-f1b5-4709-9cef-cc33df416523','9ffd7cac-3d1b-40ca-aace-7aa8062e9d12',77,false),
  ('58c074ac-7d9e-483f-9a61-0e94f32dc59d','9e23854b-250c-4100-83be-5080f5437bf4',64,true),
  ('68769c6a-259f-4b09-bd34-25e19d72f62a','a9135ade-3d91-4807-b1af-ea9e38fd48bc',104,true),
  ('460675e5-0121-407b-803b-2e10117beb42','4515f49d-5e3b-4ac1-9fc5-88ce72cce840',12,true),
  ('542c402b-747c-4190-9239-627abdef9e02','59d30c55-f1b5-4b9a-a6d2-24ab72700b86',25,false),
  ('475561ea-de8e-4478-81d6-609724fca985','8adbdbc4-a54a-45ed-9af5-59c3b3b9eaf3',54,false),
  ('e6f09199-f1b5-4709-9cef-cc33df416523','2d20f3fd-b884-4514-82db-ea55506e283d',52,true),
  ('542c402b-747c-4190-9239-627abdef9e02','4731d304-e894-4032-946a-c83a677b3cbe',87,false),
  ('475561ea-de8e-4478-81d6-609724fca985','897e8ff1-2b82-4a8d-8a7e-17172636e9a5',39,false),
  ('58c074ac-7d9e-483f-9a61-0e94f32dc59d','4b92ce38-ecc7-40d3-90b6-e206c9f0f1d8',199,true),
  ('e6f09199-f1b5-4709-9cef-cc33df416523','f8f10bee-29e5-4746-af63-95416c64b310',58,true),
  ('7c683a01-b165-4d05-baab-d36f93a3f32f','d9349239-5076-41d1-9476-b9ce3ec77a21',8,true),
  ('8fd34ba9-5dc5-49fa-b12d-6a6f815e0982','96fdcbc3-888f-442d-984e-1e2067147f8c',44,false),
  ('6457117a-ce37-4f2a-a0bf-7f008b544ae3','a8a1d7a3-ed03-42ec-9923-741bfeee01ca',69,false),
  ('e6f09199-f1b5-4709-9cef-cc33df416523','d4f48dc3-1ff1-4051-a4e5-3345dbf7152a',6,false),
  ('70ff8fac-6f0b-4795-9705-ed664c55f040','5ea525dd-2437-46d3-989d-eb4361b957c3',115,false),
  ('460675e5-0121-407b-803b-2e10117beb42','fc9e3b38-413a-42d8-86b8-4c145a458950',72,true),
  ('7e1ca4cd-e152-4100-8acc-c41288fe1b52','51df5516-1155-4d34-82d3-1407e195df67',36,false),
  ('70ff8fac-6f0b-4795-9705-ed664c55f040','8b2963be-be20-4d9e-b910-e2e8c5ef523e',24,false),
  ('460675e5-0121-407b-803b-2e10117beb42','83571253-b0e2-4b4c-826d-2f5a2237335e',194,true),
  ('33b9147a-36f5-4a54-b70e-80acc20a2ee7','d7c630f0-b01d-4d46-9e20-7b0305cc9046',12,true),
  ('8546874d-dae3-487b-9876-953415a580c0','af59bb6c-706d-49b6-bd9a-9045f9a14e95',83,false),
  ('7c683a01-b165-4d05-baab-d36f93a3f32f','83571253-b0e2-4b4c-826d-2f5a2237335e',183,true),
  ('df437436-8fcc-47da-b19f-02a525a8f695','08eb5ba5-53d9-4130-bb32-ad1a164945a0',47,true),
  ('475561ea-de8e-4478-81d6-609724fca985','66572aba-a2f3-476f-aef7-2869dd5b3f23',106,true),
  ('ee07c52d-878c-4da6-b17f-f6a409cda90e','74b2c7ce-c3fd-4138-9444-ee07e4daedd5',70,true),
  ('e71b73a3-44bf-434a-8a1d-bf2444e5fcf4','b2f25604-8198-4cc0-8b4c-2b1fc7b3e48b',106,true),
  ('7e1ca4cd-e152-4100-8acc-c41288fe1b52','d98aac0e-3f29-468c-b9bd-a160e5208f75',47,false),
  ('542c402b-747c-4190-9239-627abdef9e02','c1f87ed5-abb9-4903-8234-520e504109c5',29,false),
  ('eba4ab51-532c-4f5b-9fc8-9ad18da92702','3c0275e1-c4e8-4c27-923b-e4f8f8caed0f',18,true),
  ('09cf43fd-e29d-4c78-b9c5-42af9c230474','74b2c7ce-c3fd-4138-9444-ee07e4daedd5',70,true),
  ('8393081b-9ead-417e-b3f1-ad62ccfbd6db','e9141bee-d938-4eaf-bf66-eb3a8dc7d653',47,false),
  ('1dcfb27d-fd67-4997-80b6-1c67f9139b29','70ad6ab5-5444-4ade-ae1b-c2cf016a7ada',28,false),
  ('7c683a01-b165-4d05-baab-d36f93a3f32f','36622295-4f8e-4ed4-aa36-2b4cfffe55c0',69,true),
  ('09cf43fd-e29d-4c78-b9c5-42af9c230474','31f40769-5409-44c0-a2d7-60d1a1497173',93,true),
  ('33b9147a-36f5-4a54-b70e-80acc20a2ee7','9c71b1ea-e325-4ad3-9da7-e04f465eff49',66,true),
  ('09cf43fd-e29d-4c78-b9c5-42af9c230474','7229fe38-1d68-42f8-b5a5-4c35fc811971',32,false),
  ('d75a3e8f-2bdd-4fde-aea4-c3f52436d9e6','0a070fa4-8d48-45f6-97c9-4afed3ad48b5',93,true),
  ('8fd34ba9-5dc5-49fa-b12d-6a6f815e0982','1611444a-10d9-489b-89f6-ff6424930faa',167,false),
  ('e6f09199-f1b5-4709-9cef-cc33df416523','387f8494-a4d7-45f0-8acb-507ab28c0197',35,true),
  ('df437436-8fcc-47da-b19f-02a525a8f695','d634f076-a505-40e5-87b9-c24016ac346c',77,true),
  ('460675e5-0121-407b-803b-2e10117beb42','c3c1aae1-4ae1-4b60-9f7c-f314ee51c1c8',121,false),
  ('6457117a-ce37-4f2a-a0bf-7f008b544ae3','f8deb8d1-1fcf-421e-b309-41109b43f862',96,true),
  ('460675e5-0121-407b-803b-2e10117beb42','ce53c441-dfc7-449f-81aa-f3bf206f46e9',110,false),
  ('1633e38c-8de6-4de3-aa95-d5d7919f5fbb','4bdd2f6f-4b26-48ec-b293-4573f9001958',63,true),
  ('58c074ac-7d9e-483f-9a61-0e94f32dc59d','c6b79623-df67-407a-bc18-5342ee5262da',8,false),
  ('e6f09199-f1b5-4709-9cef-cc33df416523','2bea7a75-6e33-4092-b4e9-46d87ba14a8d',47,true),
  ('e71b73a3-44bf-434a-8a1d-bf2444e5fcf4','b5ef098a-bccd-4572-abf1-de668d943cc9',1,true),
  ('52e2d29c-f30f-4031-86e6-1771ea51f376','1c826eb6-6442-4b30-8592-b618bb63084d',22,true),
  ('eba4ab51-532c-4f5b-9fc8-9ad18da92702','370c0be1-4be3-44fb-8e2d-66160348d8da',70,true),
  ('475561ea-de8e-4478-81d6-609724fca985','15ce83a5-2c01-470f-a908-df16e82740a2',8,false),
  ('52e2d29c-f30f-4031-86e6-1771ea51f376','4aa33db0-c38f-4951-b0a5-2f3d67455b6a',28,false),
  ('d75a3e8f-2bdd-4fde-aea4-c3f52436d9e6','8adbdbc4-a54a-45ed-9af5-59c3b3b9eaf3',54,false),
  ('09cf43fd-e29d-4c78-b9c5-42af9c230474','de03e877-cd80-491a-bc52-780993356d6d',105,true),
  ('e71b73a3-44bf-434a-8a1d-bf2444e5fcf4','6e161dc3-397c-4e88-8988-f0849db55223',53,true),
  ('df437436-8fcc-47da-b19f-02a525a8f695','85ab10e9-9144-4d41-9e8c-0b5c1b24b2ad',33,true),
  ('70ff8fac-6f0b-4795-9705-ed664c55f040','250106fa-6c95-49fe-ac30-02f626f51939',141,false),
  ('6457117a-ce37-4f2a-a0bf-7f008b544ae3','60af5f61-205f-4509-86ee-1c7a1b79e1d3',10,true),
  ('ee07c52d-878c-4da6-b17f-f6a409cda90e','75b8b228-89cf-4eb3-a863-55fa666fc8b7',51,true),
  ('7c683a01-b165-4d05-baab-d36f93a3f32f','13e67563-701c-4113-8b5c-034a8b6e65e6',177,true),
  ('460675e5-0121-407b-803b-2e10117beb42','2abf4bc0-0e7c-423c-b49a-a25439b9e02b',139,false),
  ('8546874d-dae3-487b-9876-953415a580c0','2b5894a7-dff6-4b75-bde2-8eedcc3eec71',29,false),
  ('8fd34ba9-5dc5-49fa-b12d-6a6f815e0982','f2217156-cae3-4632-b5c5-f96b8a6055f7',153,false),
  ('09cf43fd-e29d-4c78-b9c5-42af9c230474','72920514-d612-4ae1-b12f-1d9bd8a8c4b8',101,true),
  ('1633e38c-8de6-4de3-aa95-d5d7919f5fbb','168611c9-33ef-4b89-be0b-3104e5144745',45,false),
  ('09cf43fd-e29d-4c78-b9c5-42af9c230474','c5cac2de-e425-400d-ab48-08cc8fd37f2b',65,true),
  ('6457117a-ce37-4f2a-a0bf-7f008b544ae3','0aa6e077-7fb9-4d57-802f-0446f23062e1',70,true),
  ('653515ee-372f-4074-a45b-4136f46952a9','bbf47daa-969e-4e16-a2d3-abb1568fbbd2',50,true),
  ('09cf43fd-e29d-4c78-b9c5-42af9c230474','301b205f-c992-4213-92a1-be161819cf2d',90,true),
  ('09cf43fd-e29d-4c78-b9c5-42af9c230474','cf833a7a-aa59-4bbd-8e6d-b52b8a78134a',31,false),
  ('542c402b-747c-4190-9239-627abdef9e02','e6e676ed-51f4-4530-a420-3d65bcb97540',61,true),
  ('7e1ca4cd-e152-4100-8acc-c41288fe1b52','b6879a79-d7df-43e0-bf65-b2abfd939a6f',87,false),
  ('e71b73a3-44bf-434a-8a1d-bf2444e5fcf4','240ef3fe-4766-47cb-ae49-8f9a79c540c3',134,true),
  ('df437436-8fcc-47da-b19f-02a525a8f695','4fc214e4-84d2-4864-bc45-8f47ab1958d3',35,true),
  ('3bd6b7aa-58a1-42b1-b2b1-85c9039bda36','9ecdff88-788f-4c9f-95f7-3a1da983ef9b',107,true),
  ('6457117a-ce37-4f2a-a0bf-7f008b544ae3','de03e877-cd80-491a-bc52-780993356d6d',94,true),
  ('8393081b-9ead-417e-b3f1-ad62ccfbd6db','5748699c-07f1-4f30-a163-b4ef1b8ce86a',25,false),
  ('7e1ca4cd-e152-4100-8acc-c41288fe1b52','52182f4d-35ed-423d-8c3b-41d070fb4ed6',97,false),
  ('df437436-8fcc-47da-b19f-02a525a8f695','0af384d9-97ea-4483-acd0-7d40e8e2b62e',177,true),
  ('7e1ca4cd-e152-4100-8acc-c41288fe1b52','de03e877-cd80-491a-bc52-780993356d6d',26,false),
  ('33b9147a-36f5-4a54-b70e-80acc20a2ee7','c701989a-9e3c-45d6-9cff-bbc04a7bca59',23,true),
  ('8393081b-9ead-417e-b3f1-ad62ccfbd6db','f8eab7e3-6020-4ef9-97f7-a934145103c2',27,false),
  ('8546874d-dae3-487b-9876-953415a580c0','c61d3f6f-89ae-425f-afde-64a5a61922a5',75,false),
  ('7c683a01-b165-4d05-baab-d36f93a3f32f','b2c963c4-5161-429a-b73a-fe90b3463cb9',67,true),
  ('33b9147a-36f5-4a54-b70e-80acc20a2ee7','0cac3f00-67af-4c38-b7bd-5d78cad01cc4',118,true),
  ('d75a3e8f-2bdd-4fde-aea4-c3f52436d9e6','af59bb6c-706d-49b6-bd9a-9045f9a14e95',83,false),
  ('58c074ac-7d9e-483f-9a61-0e94f32dc59d','0895dbe8-2f07-45ca-929b-588d4e33bac3',23,false),
  ('7c683a01-b165-4d05-baab-d36f93a3f32f','f126bb48-9342-4df0-9e31-df89f97d3652',178,true),
  ('7c683a01-b165-4d05-baab-d36f93a3f32f','7f7b40c0-b274-4793-bec3-6a31ec821c75',133,false),
  ('df437436-8fcc-47da-b19f-02a525a8f695','4b08ec72-5bc6-4d26-a44a-ab5e179b10c3',10,true),
  ('7e1ca4cd-e152-4100-8acc-c41288fe1b52','6b1f5635-d581-4a5f-a8a9-018adb0d7f6a',124,true),
  ('1dcfb27d-fd67-4997-80b6-1c67f9139b29','dbe349b4-bc4f-43d8-a9d5-751863bd7d35',21,false),
  ('460675e5-0121-407b-803b-2e10117beb42','577bb128-9eaa-49f1-bb20-db5a62d41a43',126,false),
  ('460675e5-0121-407b-803b-2e10117beb42','b92626db-b324-4c3d-8969-318a4d15e655',173,true),
  ('52e2d29c-f30f-4031-86e6-1771ea51f376','a0d89b77-8930-47ce-b51a-dfb990254e6e',42,true),
  ('68769c6a-259f-4b09-bd34-25e19d72f62a','70ad6ab5-5444-4ade-ae1b-c2cf016a7ada',92,true),
  ('1633e38c-8de6-4de3-aa95-d5d7919f5fbb','c02932d1-c4de-4145-b375-8aa26967e017',32,false),
  ('70ff8fac-6f0b-4795-9705-ed664c55f040','3171a5df-ba87-44e9-8a33-1f9c5d27c2c8',72,false),
  ('e71b73a3-44bf-434a-8a1d-bf2444e5fcf4','ef2a55d2-7b8e-49fb-a233-69f53f46264a',12,true),
  ('70ff8fac-6f0b-4795-9705-ed664c55f040','945a1521-adcf-4035-b434-451aa0bb3305',56,false),
  ('460675e5-0121-407b-803b-2e10117beb42','aa8da7e4-1390-4251-b020-79865f6edc62',26,true),
  ('460675e5-0121-407b-803b-2e10117beb42','9daae88f-e86b-4d83-8cae-1d7a8657e435',14,true),
  ('3bd6b7aa-58a1-42b1-b2b1-85c9039bda36','0c14cc7d-b8ec-4cba-9f04-7b79a927aa6f',10,false),
  ('8fd34ba9-5dc5-49fa-b12d-6a6f815e0982','81bce1c8-129d-4d95-a59b-660a1263a598',178,false),
  ('e6f09199-f1b5-4709-9cef-cc33df416523','ae34f04a-3634-4dd7-9195-fdb1d459ccfc',54,true),
  ('542c402b-747c-4190-9239-627abdef9e02','0a070fa4-8d48-45f6-97c9-4afed3ad48b5',31,false),
  ('09cf43fd-e29d-4c78-b9c5-42af9c230474','ed73a909-5814-4480-b944-5392e9741390',128,true),
  ('52e2d29c-f30f-4031-86e6-1771ea51f376','3baaf2fc-1505-42f5-a0db-2f1598438f87',38,true),
  ('475561ea-de8e-4478-81d6-609724fca985','d98aac0e-3f29-468c-b9bd-a160e5208f75',47,false),
  ('09cf43fd-e29d-4c78-b9c5-42af9c230474','d36181b8-c328-43a3-9400-9cb41c8d689c',83,false),
  ('52e2d29c-f30f-4031-86e6-1771ea51f376','f4742294-0cec-41e6-9cd8-76ff3d1c6c02',109,true),
  ('d75a3e8f-2bdd-4fde-aea4-c3f52436d9e6','71ce4d9e-66a6-4ab8-9cb7-42f98b188b86',41,false),
  ('09cf43fd-e29d-4c78-b9c5-42af9c230474','f8626def-dcb4-4342-8acd-956270029486',8,true),
  ('8546874d-dae3-487b-9876-953415a580c0','ee4c88d5-2e97-4fb9-8d28-1d0e8196a97c',69,false),
  ('3bd6b7aa-58a1-42b1-b2b1-85c9039bda36','edbfc808-5df2-4741-bcde-8d3c03e32e58',120,false),
  ('8fd34ba9-5dc5-49fa-b12d-6a6f815e0982','168611c9-33ef-4b89-be0b-3104e5144745',45,false),
  ('460675e5-0121-407b-803b-2e10117beb42','f39fdb7b-2e3f-417f-99ff-2375529c7d40',123,false),
  ('7c683a01-b165-4d05-baab-d36f93a3f32f','be8f9397-a59b-4089-ace0-d27474da5022',39,true),
  ('df437436-8fcc-47da-b19f-02a525a8f695','8bb9a5c2-5f8c-45b1-9c0f-1b3629e3c09b',195,true),
  ('542c402b-747c-4190-9239-627abdef9e02','9f2d5a20-1680-433c-9d19-ade1d9de5618',65,true),
  ('d75a3e8f-2bdd-4fde-aea4-c3f52436d9e6','5850b172-9b26-44d3-b4b8-f84cf7c6ba46',117,false),
  ('6457117a-ce37-4f2a-a0bf-7f008b544ae3','6f54d8ae-9b80-44cf-9a88-b230a06ac491',80,true),
  ('8fd34ba9-5dc5-49fa-b12d-6a6f815e0982','af347b22-cde5-46db-bd33-ce2aadac0668',128,false),
  ('e71b73a3-44bf-434a-8a1d-bf2444e5fcf4','fa85f5ee-6c81-4f5d-8ab2-7ea28df40e74',52,false),
  ('33b9147a-36f5-4a54-b70e-80acc20a2ee7','59bae632-4b30-487f-9d54-2b74113f4761',16,false),
  ('6457117a-ce37-4f2a-a0bf-7f008b544ae3','80d885a3-6bee-40d4-a838-61d36facee26',81,true),
  ('8393081b-9ead-417e-b3f1-ad62ccfbd6db','6de074a8-8242-4da1-9d97-ef85e99a041a',2,true),
  ('68769c6a-259f-4b09-bd34-25e19d72f62a','89115505-0304-4a5c-9af8-4ddea678159a',88,true),
  ('df437436-8fcc-47da-b19f-02a525a8f695','9e6370ae-7ca7-4b53-970b-3d5b0885fb99',112,false),
  ('542c402b-747c-4190-9239-627abdef9e02','5850b172-9b26-44d3-b4b8-f84cf7c6ba46',9,true),
  ('58c074ac-7d9e-483f-9a61-0e94f32dc59d','c22d5377-80e4-407a-9f44-ce373d142f1f',66,true),
  ('09cf43fd-e29d-4c78-b9c5-42af9c230474','513f646e-7755-46c7-a709-39aaeb2f53df',96,false),
  ('09cf43fd-e29d-4c78-b9c5-42af9c230474','e6e676ed-51f4-4530-a420-3d65bcb97540',72,true),
  ('8fd34ba9-5dc5-49fa-b12d-6a6f815e0982','28f53ee2-c22a-463f-af31-67f3331b6fb1',181,false),
  ('ee07c52d-878c-4da6-b17f-f6a409cda90e','d6a2124b-182b-40b4-8704-a5f36ea44bb2',0,false),
  ('460675e5-0121-407b-803b-2e10117beb42','bee153aa-a5c9-43c4-92ff-aad6b4c59eb3',158,true),
  ('653515ee-372f-4074-a45b-4136f46952a9','59d30c55-f1b5-4b9a-a6d2-24ab72700b86',99,true),
  ('70ff8fac-6f0b-4795-9705-ed664c55f040','3b48feb2-c5e3-4052-a057-4dcf049dbc0e',109,false),
  ('70ff8fac-6f0b-4795-9705-ed664c55f040','2bd7719c-2fd4-4263-ae89-911977faeefd',45,false),
  ('09cf43fd-e29d-4c78-b9c5-42af9c230474','dbe5b791-60ca-44de-889d-aba0f689f01b',122,true),
  ('7c683a01-b165-4d05-baab-d36f93a3f32f','8b11a276-3ed0-47b7-a3b8-fbedfc514ee9',88,true),
  ('d75a3e8f-2bdd-4fde-aea4-c3f52436d9e6','0591671c-cf8f-4a32-93a3-2aad295fedc0',2,false),
  ('6457117a-ce37-4f2a-a0bf-7f008b544ae3','bd115f63-7988-43e8-aed2-01ece92e5508',105,true),
  ('df437436-8fcc-47da-b19f-02a525a8f695','a77eb232-11bb-47b6-8c7f-ec9d162e021a',62,true),
  ('52e2d29c-f30f-4031-86e6-1771ea51f376','75b8b228-89cf-4eb3-a863-55fa666fc8b7',40,true),
  ('58c074ac-7d9e-483f-9a61-0e94f32dc59d','a4f96055-941a-449b-93e3-2b89e8c3a256',124,false),
  ('8546874d-dae3-487b-9876-953415a580c0','4c1ff6bf-59b1-44e0-b423-704ee9d658e6',55,false),
  ('70ff8fac-6f0b-4795-9705-ed664c55f040','d3a15ccf-9dcc-48a9-ae9a-bedd1e506b2d',138,false),
  ('7e1ca4cd-e152-4100-8acc-c41288fe1b52','5850b172-9b26-44d3-b4b8-f84cf7c6ba46',117,false),
  ('58c074ac-7d9e-483f-9a61-0e94f32dc59d','958fd047-fc4b-400f-a051-453b4af32a42',155,false),
  ('1dcfb27d-fd67-4997-80b6-1c67f9139b29','a4f5adff-c117-4f10-a596-c6dedbf52caa',22,false),
  ('1633e38c-8de6-4de3-aa95-d5d7919f5fbb','c353b7fe-3be5-4cff-9b82-cf0edbe6ed2e',193,false),
  ('7c683a01-b165-4d05-baab-d36f93a3f32f','0143beca-baa5-4d28-abd0-b6bdd7ae8fdb',165,true),
  ('70ff8fac-6f0b-4795-9705-ed664c55f040','f95c1a47-0e86-4222-a2b5-a3151d78e877',99,false),
  ('7c683a01-b165-4d05-baab-d36f93a3f32f','f24e2d13-ccbc-4708-80ee-49ca3769a65d',84,true),
  ('ee07c52d-878c-4da6-b17f-f6a409cda90e','6df35e8c-6adf-45ea-901f-152d50e73555',82,false),
  ('1dcfb27d-fd67-4997-80b6-1c67f9139b29','9d0c9358-e050-4ea8-97ca-715b16da109a',78,false),
  ('df437436-8fcc-47da-b19f-02a525a8f695','36622295-4f8e-4ed4-aa36-2b4cfffe55c0',80,true),
  ('33b9147a-36f5-4a54-b70e-80acc20a2ee7','532b3514-8072-4ad3-ab4c-5cc1c20be1f4',86,true),
  ('8fd34ba9-5dc5-49fa-b12d-6a6f815e0982','64eff923-e621-4ca3-be0f-5e63e86b3d66',70,true),
  ('e6f09199-f1b5-4709-9cef-cc33df416523','d35d513d-b3dc-4556-9697-97d3fc2559ac',96,false),
  ('6457117a-ce37-4f2a-a0bf-7f008b544ae3','b68d2cce-6b01-4f23-b50a-a3869c63da75',100,true),
  ('58c074ac-7d9e-483f-9a61-0e94f32dc59d','11349b7f-d05e-47e1-8024-9a2b59e2b55c',99,false),
  ('6457117a-ce37-4f2a-a0bf-7f008b544ae3','1ee866c0-b690-4eb6-82d8-f1426048ed42',18,false),
  ('1633e38c-8de6-4de3-aa95-d5d7919f5fbb','f126bb48-9342-4df0-9e31-df89f97d3652',12,false),
  ('8fd34ba9-5dc5-49fa-b12d-6a6f815e0982','ab1286f8-3d0f-4088-b618-c589d903187e',56,true),
  ('1dcfb27d-fd67-4997-80b6-1c67f9139b29','320f5709-2223-47d7-b729-021e36d39836',73,false),
  ('70ff8fac-6f0b-4795-9705-ed664c55f040','1c4cc221-cf07-4143-91fa-df5f3bd6a1f7',87,true),
  ('33b9147a-36f5-4a54-b70e-80acc20a2ee7','6b1f5635-d581-4a5f-a8a9-018adb0d7f6a',2,false),
  ('8393081b-9ead-417e-b3f1-ad62ccfbd6db','a455432f-3b4b-4d23-8f81-c911fea3c004',6,true),
  ('6457117a-ce37-4f2a-a0bf-7f008b544ae3','3ec9d618-b827-483d-8301-ae599e51a94f',52,true),
  ('7e1ca4cd-e152-4100-8acc-c41288fe1b52','251b00d7-eeea-4a23-b9ac-495b8b3ae16d',121,false),
  ('e6f09199-f1b5-4709-9cef-cc33df416523','895701be-cca4-4cf0-8e7e-30d34d3d92c4',39,true),
  ('e81b7531-1b0d-46b7-9b79-463e03b01c3c','9575a1f9-7cfa-4fac-98d7-b2a863d7a733',40,true),
  ('8fd34ba9-5dc5-49fa-b12d-6a6f815e0982','d5a216ef-b8ce-475e-aacc-0fd937511b01',97,false),
  ('58c074ac-7d9e-483f-9a61-0e94f32dc59d','d75d50ea-06a1-41ed-9827-1097ab3554b6',40,false),
  ('8393081b-9ead-417e-b3f1-ad62ccfbd6db','70df3eca-fec5-4e8b-b569-5c7d03271604',33,false),
  ('e81b7531-1b0d-46b7-9b79-463e03b01c3c','c6e5746e-f431-4aa3-953e-5c3566504c36',31,true),
  ('52e2d29c-f30f-4031-86e6-1771ea51f376','c49087db-71f8-4cd2-8e86-626fddc5d1f4',62,true),
  ('7c683a01-b165-4d05-baab-d36f93a3f32f','7e06304c-65cc-4d3b-aa1a-936d8a04a7b4',94,true),
  ('52e2d29c-f30f-4031-86e6-1771ea51f376','6f54d8ae-9b80-44cf-9a88-b230a06ac491',80,true),
  ('58c074ac-7d9e-483f-9a61-0e94f32dc59d','eb532a2a-e6cb-4ee9-badf-78271c8a35a3',1,false),
  ('52e2d29c-f30f-4031-86e6-1771ea51f376','532b3514-8072-4ad3-ab4c-5cc1c20be1f4',86,true),
  ('542c402b-747c-4190-9239-627abdef9e02','75b8b228-89cf-4eb3-a863-55fa666fc8b7',40,true),
  ('ee07c52d-878c-4da6-b17f-f6a409cda90e','9555ae05-e4d3-4a25-ab2b-7e6448e4b5e2',126,true),
  ('52e2d29c-f30f-4031-86e6-1771ea51f376','7938211f-9a18-4d26-8060-021d6f504d28',19,false),
  ('58c074ac-7d9e-483f-9a61-0e94f32dc59d','04f5f680-d604-4d81-a2a2-59c3dcdac8f7',186,false),
  ('475561ea-de8e-4478-81d6-609724fca985','59d30c55-f1b5-4b9a-a6d2-24ab72700b86',99,true),
  ('df437436-8fcc-47da-b19f-02a525a8f695','386c88db-6ffe-4399-b2fc-491524e4420b',196,false),
  ('70ff8fac-6f0b-4795-9705-ed664c55f040','26079eb8-7e8a-472f-a100-bbd3c27a48c6',133,false),
  ('1633e38c-8de6-4de3-aa95-d5d7919f5fbb','dd4544f1-d995-4296-b90a-98ca7133c592',100,false),
  ('1dcfb27d-fd67-4997-80b6-1c67f9139b29','2ba7b472-c7da-4278-a334-5c71b82ccc81',104,true),
  ('68769c6a-259f-4b09-bd34-25e19d72f62a','e2c89600-f406-46d0-b968-55f3219042bd',56,true),
  ('8393081b-9ead-417e-b3f1-ad62ccfbd6db','bbf2badb-ead1-421c-b8e8-4202743f84b8',74,false),
  ('8393081b-9ead-417e-b3f1-ad62ccfbd6db','6101a0d2-a307-4fea-8a93-d704b29c3d39',101,false),
  ('1633e38c-8de6-4de3-aa95-d5d7919f5fbb','44cddcc9-e6f1-4781-afc6-685cb3df3ca5',139,false),
  ('33b9147a-36f5-4a54-b70e-80acc20a2ee7','3a2d108d-da86-477d-a415-932053067242',32,true),
  ('8393081b-9ead-417e-b3f1-ad62ccfbd6db','4427efe2-d0c7-4e63-aff0-d0debbef9a7a',70,false),
  ('58c074ac-7d9e-483f-9a61-0e94f32dc59d','cc2f0e90-73bd-4e5f-95e3-bc447618eab8',145,false),
  ('1633e38c-8de6-4de3-aa95-d5d7919f5fbb','2e226300-91c5-4d84-b042-582c5326246f',192,false),
  ('8546874d-dae3-487b-9876-953415a580c0','2ba7b472-c7da-4278-a334-5c71b82ccc81',104,true),
  ('1dcfb27d-fd67-4997-80b6-1c67f9139b29','4010a149-feb0-469b-b0e1-4853f90a4091',109,true),
  ('1633e38c-8de6-4de3-aa95-d5d7919f5fbb','e01ec877-7ef1-4833-86a9-9e612dd99fdf',34,false),
  ('8393081b-9ead-417e-b3f1-ad62ccfbd6db','9cd8a491-4fff-422a-91b1-7bb7d0f040b3',17,true),
  ('e81b7531-1b0d-46b7-9b79-463e03b01c3c','eb0c9062-7719-4075-800e-4df84e5180d9',63,true),
  ('8fd34ba9-5dc5-49fa-b12d-6a6f815e0982','4fbbeceb-4003-47fc-a18e-291e2419899e',183,false),
  ('df437436-8fcc-47da-b19f-02a525a8f695','69f7690b-f1a5-457e-8b4e-343eaee0e8f3',27,true),
  ('df437436-8fcc-47da-b19f-02a525a8f695','7e06304c-65cc-4d3b-aa1a-936d8a04a7b4',105,true),
  ('70ff8fac-6f0b-4795-9705-ed664c55f040','fe015a64-1ca3-4cac-874e-e8aa88dfd9eb',137,false),
  ('542c402b-747c-4190-9239-627abdef9e02','72920514-d612-4ae1-b12f-1d9bd8a8c4b8',90,true),
  ('e6f09199-f1b5-4709-9cef-cc33df416523','e8381746-f10f-4def-b659-1d782d33c9ac',41,true),
  ('df437436-8fcc-47da-b19f-02a525a8f695','e01ec877-7ef1-4833-86a9-9e612dd99fdf',167,true),
  ('3bd6b7aa-58a1-42b1-b2b1-85c9039bda36','66572aba-a2f3-476f-aef7-2869dd5b3f23',106,true),
  ('1dcfb27d-fd67-4997-80b6-1c67f9139b29','c768882f-efdb-402e-8589-a1bbdb238330',118,false),
  ('68769c6a-259f-4b09-bd34-25e19d72f62a','721b0097-a698-4c52-add1-501ee04265a2',108,true),
  ('475561ea-de8e-4478-81d6-609724fca985','ee4c88d5-2e97-4fb9-8d28-1d0e8196a97c',69,false),
  ('653515ee-372f-4074-a45b-4136f46952a9','ae9a2315-b73d-44a2-a309-611a7214289b',110,true),
  ('7e1ca4cd-e152-4100-8acc-c41288fe1b52','60016ffb-db9e-484e-84fb-015e149fbb23',40,false),
  ('33b9147a-36f5-4a54-b70e-80acc20a2ee7','dd197b18-2747-4279-bb33-6c2d34376b59',3,false),
  ('d75a3e8f-2bdd-4fde-aea4-c3f52436d9e6','d7c630f0-b01d-4d46-9e20-7b0305cc9046',114,false),
  ('d75a3e8f-2bdd-4fde-aea4-c3f52436d9e6','6b8306db-fa93-418e-9775-59f25476ad42',57,false),
  ('7c683a01-b165-4d05-baab-d36f93a3f32f','f3cfeac7-1705-4f9d-b3cb-13b612ccfa7e',142,false),
  ('8546874d-dae3-487b-9876-953415a580c0','03bc612f-afb1-45eb-b7f8-f5c4070ecae5',63,false),
  ('e81b7531-1b0d-46b7-9b79-463e03b01c3c','5258132e-5f6d-47c9-9aad-079f699d7abe',47,true),
  ('09cf43fd-e29d-4c78-b9c5-42af9c230474','7e038577-3229-48a2-8c39-90601869f9f9',25,true),
  ('7e1ca4cd-e152-4100-8acc-c41288fe1b52','b5ba133a-e2c2-487e-92ea-a76b4bb8effa',111,true),
  ('09cf43fd-e29d-4c78-b9c5-42af9c230474','1ee866c0-b690-4eb6-82d8-f1426048ed42',29,false),
  ('460675e5-0121-407b-803b-2e10117beb42','8e2396dd-dbc6-4325-ae12-83fc08c58934',186,true),
  ('eba4ab51-532c-4f5b-9fc8-9ad18da92702','d2b071f5-cdd9-4507-b54d-029f5fa63932',4,true),
  ('8393081b-9ead-417e-b3f1-ad62ccfbd6db','d4dd7b9f-6f3c-43b5-83e3-d28afaa12fe3',13,true),
  ('3bd6b7aa-58a1-42b1-b2b1-85c9039bda36','6b1f5635-d581-4a5f-a8a9-018adb0d7f6a',124,true),
  ('70ff8fac-6f0b-4795-9705-ed664c55f040','4855c1a1-8485-46aa-9a3a-f98dc043b989',43,false),
  ('58c074ac-7d9e-483f-9a61-0e94f32dc59d','a859c848-43cc-4ea7-8f53-f2b43f68d466',123,false),
  ('68769c6a-259f-4b09-bd34-25e19d72f62a','59bae632-4b30-487f-9d54-2b74113f4761',16,false),
  ('58c074ac-7d9e-483f-9a61-0e94f32dc59d','b47ec247-0672-4d95-a7bf-9f1bc3ec1c0b',179,false),
  ('d75a3e8f-2bdd-4fde-aea4-c3f52436d9e6','b5ba133a-e2c2-487e-92ea-a76b4bb8effa',111,true),
  ('8fd34ba9-5dc5-49fa-b12d-6a6f815e0982','c5fd2d3d-0fba-4d92-8e25-74dcffe4c218',110,true),
  ('e6f09199-f1b5-4709-9cef-cc33df416523','578a89cd-6286-41ec-8e1f-43e74d292c62',83,false),
  ('70ff8fac-6f0b-4795-9705-ed664c55f040','49105b26-a278-4375-8d84-3981ed6f8c4c',59,false),
  ('1dcfb27d-fd67-4997-80b6-1c67f9139b29','09263f12-9edd-4dd9-aa26-cc9fd5aab62e',5,true),
  ('1633e38c-8de6-4de3-aa95-d5d7919f5fbb','3bc9db66-ebc8-4ae2-acca-556f13d33fa9',68,true),
  ('e71b73a3-44bf-434a-8a1d-bf2444e5fcf4','44997105-2724-4ae7-847b-e9e1fc386a62',143,false),
  ('68769c6a-259f-4b09-bd34-25e19d72f62a','72920514-d612-4ae1-b12f-1d9bd8a8c4b8',90,true),
  ('8fd34ba9-5dc5-49fa-b12d-6a6f815e0982','9c9036f9-e7f8-402c-af91-877106786ac7',116,false),
  ('70ff8fac-6f0b-4795-9705-ed664c55f040','da70760c-de09-4767-b707-a4ae716a4d13',126,false),
  ('df437436-8fcc-47da-b19f-02a525a8f695','b6ff914e-4e1e-4df5-af08-37d523dd0608',89,true),
  ('09cf43fd-e29d-4c78-b9c5-42af9c230474','3ec9d618-b827-483d-8301-ae599e51a94f',63,true),
  ('475561ea-de8e-4478-81d6-609724fca985','320f5709-2223-47d7-b729-021e36d39836',73,false),
  ('70ff8fac-6f0b-4795-9705-ed664c55f040','3ed94dcc-67e0-4a35-b6c8-85b52be9e7b0',14,true),
  ('1633e38c-8de6-4de3-aa95-d5d7919f5fbb','ab1286f8-3d0f-4088-b618-c589d903187e',56,true),
  ('58c074ac-7d9e-483f-9a61-0e94f32dc59d','635db411-27f8-4f21-9481-3c08dd5daa66',38,false),
  ('e71b73a3-44bf-434a-8a1d-bf2444e5fcf4','f0dc1a83-3f24-47ec-a0f0-840d32bdd501',77,true),
  ('653515ee-372f-4074-a45b-4136f46952a9','6b1f5635-d581-4a5f-a8a9-018adb0d7f6a',124,true),
  ('d75a3e8f-2bdd-4fde-aea4-c3f52436d9e6','b37480ea-a0cc-463d-ad7b-2ab939b18cb0',80,false),
  ('1dcfb27d-fd67-4997-80b6-1c67f9139b29','99393463-bffe-470a-961f-b6e50010c60b',119,false),
  ('8fd34ba9-5dc5-49fa-b12d-6a6f815e0982','24eed9b7-9577-4fec-b1c6-5c118de78222',165,false),
  ('58c074ac-7d9e-483f-9a61-0e94f32dc59d','f65b57b9-5fc2-4d58-94fb-4f7aab113537',53,true),
  ('e6f09199-f1b5-4709-9cef-cc33df416523','d2f90412-5ce3-4213-8b82-fae263751f81',76,false),
  ('8fd34ba9-5dc5-49fa-b12d-6a6f815e0982','7ad8d84c-896a-4ac7-865a-c9d1c77d17b8',156,false),
  ('df437436-8fcc-47da-b19f-02a525a8f695','737bb5ab-663c-4b0c-ab33-4c0489501c86',92,false),
  ('8fd34ba9-5dc5-49fa-b12d-6a6f815e0982','a85af458-fc20-42a7-b202-2be351e0609d',103,false),
  ('542c402b-747c-4190-9239-627abdef9e02','dbe5b791-60ca-44de-889d-aba0f689f01b',111,true),
  ('e71b73a3-44bf-434a-8a1d-bf2444e5fcf4','318df742-4dd9-4f21-ac43-086e45c3acd4',141,false),
  ('70ff8fac-6f0b-4795-9705-ed664c55f040','3f17cbe1-1795-46f0-8d34-28e0d0d9a511',128,false),
  ('70ff8fac-6f0b-4795-9705-ed664c55f040','d85cbfb6-0de5-4943-998f-e3ba69a190c7',110,false),
  ('1633e38c-8de6-4de3-aa95-d5d7919f5fbb','13e67563-701c-4113-8b5c-034a8b6e65e6',13,false),
  ('52e2d29c-f30f-4031-86e6-1771ea51f376','c701989a-9e3c-45d6-9cff-bbc04a7bca59',23,true),
  ('3bd6b7aa-58a1-42b1-b2b1-85c9039bda36','a0d89b77-8930-47ce-b51a-dfb990254e6e',82,false),
  ('e81b7531-1b0d-46b7-9b79-463e03b01c3c','b181bbf0-bb0a-4e0b-a053-7ab0c2f19e6a',23,true),
  ('542c402b-747c-4190-9239-627abdef9e02','c701989a-9e3c-45d6-9cff-bbc04a7bca59',23,true),
  ('58c074ac-7d9e-483f-9a61-0e94f32dc59d','ddf53fc5-6c0c-498d-8f83-25819d31a366',29,false),
  ('8fd34ba9-5dc5-49fa-b12d-6a6f815e0982','4b509d58-4a0a-4344-aca6-47a439aa52c4',159,false),
  ('8393081b-9ead-417e-b3f1-ad62ccfbd6db','73c8f471-04c3-40d0-b89e-1288418f67b6',24,false),
  ('8546874d-dae3-487b-9876-953415a580c0','bbf47daa-969e-4e16-a2d3-abb1568fbbd2',50,true),
  ('d75a3e8f-2bdd-4fde-aea4-c3f52436d9e6','66572aba-a2f3-476f-aef7-2869dd5b3f23',106,true),
  ('52e2d29c-f30f-4031-86e6-1771ea51f376','f128cce0-8d1a-4b9f-a25b-7efb92e5a270',30,false),
  ('8393081b-9ead-417e-b3f1-ad62ccfbd6db','05f5d811-db8c-4f24-9f33-c5fdfd725dcd',86,false),
  ('70ff8fac-6f0b-4795-9705-ed664c55f040','2fee43fb-7c67-4bd2-99f7-2901a0c16b5d',74,false),
  ('e6f09199-f1b5-4709-9cef-cc33df416523','53142c45-ba0e-47ef-baa1-8025ee4608fc',72,false),
  ('1633e38c-8de6-4de3-aa95-d5d7919f5fbb','56bb1727-5ade-4798-a22c-28b03db955cb',37,false),
  ('70ff8fac-6f0b-4795-9705-ed664c55f040','240ef3fe-4766-47cb-ae49-8f9a79c540c3',25,false),
  ('1633e38c-8de6-4de3-aa95-d5d7919f5fbb','14723f13-29cd-44b3-b73a-59040acd5bee',33,false),
  ('ee07c52d-878c-4da6-b17f-f6a409cda90e','f8deb8d1-1fcf-421e-b309-41109b43f862',107,true),
  ('542c402b-747c-4190-9239-627abdef9e02','ed73a909-5814-4480-b944-5392e9741390',117,true),
  ('e71b73a3-44bf-434a-8a1d-bf2444e5fcf4','e86909eb-9b41-4b4b-93de-549ef6bfeb71',136,true),
  ('460675e5-0121-407b-803b-2e10117beb42','89632d15-c026-4d64-991a-fe3b42ea67ff',94,false),
  ('58c074ac-7d9e-483f-9a61-0e94f32dc59d','f4936526-65dd-483c-b8b3-d09a84f054bb',0,false),
  ('1dcfb27d-fd67-4997-80b6-1c67f9139b29','1447069e-896c-4609-8921-d66ff1faf073',59,false),
  ('542c402b-747c-4190-9239-627abdef9e02','7938211f-9a18-4d26-8060-021d6f504d28',19,false),
  ('8546874d-dae3-487b-9876-953415a580c0','4f69bc1c-a078-496f-90dc-fde3ff490de6',126,false),
  ('e71b73a3-44bf-434a-8a1d-bf2444e5fcf4','a4110ab0-2f8f-4e97-99e6-5072c7768b6b',22,true),
  ('8fd34ba9-5dc5-49fa-b12d-6a6f815e0982','4c51c76a-bdd8-44c1-8ea5-94c0cccf9bb5',172,false),
  ('68769c6a-259f-4b09-bd34-25e19d72f62a','2b5894a7-dff6-4b75-bde2-8eedcc3eec71',91,true),
  ('8fd34ba9-5dc5-49fa-b12d-6a6f815e0982','95c05fd1-7add-41eb-aacd-662f0e876fa0',147,false),
  ('8fd34ba9-5dc5-49fa-b12d-6a6f815e0982','6586f85e-3221-44c0-8b8e-5d11898424d9',101,false),
  ('e81b7531-1b0d-46b7-9b79-463e03b01c3c','5748699c-07f1-4f30-a163-b4ef1b8ce86a',73,true),
  ('d75a3e8f-2bdd-4fde-aea4-c3f52436d9e6','a78f0563-8cb9-4912-82f2-8fd6123b4938',65,false),
  ('ee07c52d-878c-4da6-b17f-f6a409cda90e','3a2d108d-da86-477d-a415-932053067242',43,true),
  ('8fd34ba9-5dc5-49fa-b12d-6a6f815e0982','d452b3e8-39f8-4319-8e80-46826dc8d4ae',168,false),
  ('460675e5-0121-407b-803b-2e10117beb42','386c88db-6ffe-4399-b2fc-491524e4420b',196,false),
  ('460675e5-0121-407b-803b-2e10117beb42','76c21849-9e07-4362-bf91-5ef76e9a49cb',37,true),
  ('3bd6b7aa-58a1-42b1-b2b1-85c9039bda36','70996c1a-8743-4e1a-abf1-0c78a423e9b2',44,false),
  ('70ff8fac-6f0b-4795-9705-ed664c55f040','4e0d5819-7761-4f8c-a9d5-05f84a15895c',54,false),
  ('475561ea-de8e-4478-81d6-609724fca985','95fa9ffb-cf17-4a68-980f-59e8ee092e9c',9,false),
  ('1633e38c-8de6-4de3-aa95-d5d7919f5fbb','e96d98f7-c74b-4353-93c3-323efbca6b18',201,false),
  ('58c074ac-7d9e-483f-9a61-0e94f32dc59d','962e4e19-4e56-40ef-a4b7-104f79c9330d',182,false),
  ('e71b73a3-44bf-434a-8a1d-bf2444e5fcf4','a540da17-2b75-4c7a-bf01-4ea39764edb6',120,true),
  ('460675e5-0121-407b-803b-2e10117beb42','6e50092b-93a8-4d8c-8bde-30f8ca05d944',75,true),
  ('eba4ab51-532c-4f5b-9fc8-9ad18da92702','778a9fd0-ec5b-4a22-b33c-3c35915b42d1',59,false),
  ('542c402b-747c-4190-9239-627abdef9e02','3baaf2fc-1505-42f5-a0db-2f1598438f87',38,true),
  ('70ff8fac-6f0b-4795-9705-ed664c55f040','71c1599d-ee9b-4c0b-8d74-83c0768b285f',123,false),
  ('460675e5-0121-407b-803b-2e10117beb42','2bda83a9-d3c0-4168-84c6-9d1ea9d2d979',109,false),
  ('33b9147a-36f5-4a54-b70e-80acc20a2ee7','6d00a8ab-8130-4670-a3fb-741732217049',112,true),
  ('1633e38c-8de6-4de3-aa95-d5d7919f5fbb','6bc40845-7e10-4592-a974-f0da1a5a8ac4',194,false),
  ('1dcfb27d-fd67-4997-80b6-1c67f9139b29','9f834a93-b8cc-46c3-af2b-16e2581709f4',43,false),
  ('7c683a01-b165-4d05-baab-d36f93a3f32f','56bb1727-5ade-4798-a22c-28b03db955cb',153,true),
  ('52e2d29c-f30f-4031-86e6-1771ea51f376','d885bd2e-1294-4b55-9e39-3077be4d13f3',76,true),
  ('460675e5-0121-407b-803b-2e10117beb42','e01ec877-7ef1-4833-86a9-9e612dd99fdf',167,true),
  ('70ff8fac-6f0b-4795-9705-ed664c55f040','5460f1d6-8364-4e21-a1c6-7944b1483d6a',147,false),
  ('e71b73a3-44bf-434a-8a1d-bf2444e5fcf4','209d3679-6ff6-472d-989c-e2641354bd54',122,true),
  ('70ff8fac-6f0b-4795-9705-ed664c55f040','5231d97d-b15d-492f-bc2e-d5d688198632',70,false),
  ('52e2d29c-f30f-4031-86e6-1771ea51f376','a4f5adff-c117-4f10-a596-c6dedbf52caa',98,true),
  ('70ff8fac-6f0b-4795-9705-ed664c55f040','76b88d24-57db-44ec-87b2-2ab119e0235b',127,false),
  ('653515ee-372f-4074-a45b-4136f46952a9','4ac47d53-e83a-4f56-9759-94fa42c37d18',45,false),
  ('8393081b-9ead-417e-b3f1-ad62ccfbd6db','75535a7b-3cd8-4707-aaf2-13a749a01c9b',69,false),
  ('8fd34ba9-5dc5-49fa-b12d-6a6f815e0982','cdebcdac-f850-495e-a85a-f44b1e01b8c8',146,false),
  ('52e2d29c-f30f-4031-86e6-1771ea51f376','65748972-42fc-4d2a-bf2b-9083655e45f5',95,true),
  ('52e2d29c-f30f-4031-86e6-1771ea51f376','490e3571-3002-413b-82db-2b6d1a34e1f4',77,true),
  ('ee07c52d-878c-4da6-b17f-f6a409cda90e','418df147-cab4-4e35-96b8-788e87ac750f',108,true),
  ('1633e38c-8de6-4de3-aa95-d5d7919f5fbb','05264e17-560b-48c5-9467-4c45ac417520',55,true),
  ('8fd34ba9-5dc5-49fa-b12d-6a6f815e0982','a4fbf62b-c272-41cf-8f84-2d72f7795fe6',187,false),
  ('8fd34ba9-5dc5-49fa-b12d-6a6f815e0982','c02932d1-c4de-4145-b375-8aa26967e017',32,false),
  ('df437436-8fcc-47da-b19f-02a525a8f695','bc243ab1-c2c0-45ce-8365-cc5fa0206fb1',9,true),
  ('475561ea-de8e-4478-81d6-609724fca985','3b26f099-765a-4ec8-a02a-2bb3c3f4c1f1',90,false),
  ('e71b73a3-44bf-434a-8a1d-bf2444e5fcf4','c33d62d6-0405-4c0e-9018-fc40127c0b1d',17,true),
  ('8546874d-dae3-487b-9876-953415a580c0','66572aba-a2f3-476f-aef7-2869dd5b3f23',106,true),
  ('d75a3e8f-2bdd-4fde-aea4-c3f52436d9e6','8c3ff477-acc5-4f35-ba48-8e5963072f8d',49,true),
  ('09cf43fd-e29d-4c78-b9c5-42af9c230474','52182f4d-35ed-423d-8c3b-41d070fb4ed6',38,true),
  ('e81b7531-1b0d-46b7-9b79-463e03b01c3c','7fe2c955-595a-4175-82d9-876e2546b86c',58,true),
  ('1633e38c-8de6-4de3-aa95-d5d7919f5fbb','04d3ef92-743c-4894-b151-f8c9269d71c2',171,false),
  ('8393081b-9ead-417e-b3f1-ad62ccfbd6db','46fe2a76-f1b4-4de0-8d49-3509fd8e455a',67,false),
  ('df437436-8fcc-47da-b19f-02a525a8f695','0143beca-baa5-4d28-abd0-b6bdd7ae8fdb',176,true),
  ('df437436-8fcc-47da-b19f-02a525a8f695','5428c81b-011b-40d0-9596-94ed6fee43c4',42,true),
  ('33b9147a-36f5-4a54-b70e-80acc20a2ee7','301b205f-c992-4213-92a1-be161819cf2d',79,true),
  ('7c683a01-b165-4d05-baab-d36f93a3f32f','9439a59b-4d08-4cb2-8299-58bca450b42b',79,true),
  ('8393081b-9ead-417e-b3f1-ad62ccfbd6db','8a667221-a5e5-4080-a814-08ad51b99c72',45,false),
  ('3bd6b7aa-58a1-42b1-b2b1-85c9039bda36','8c3ff477-acc5-4f35-ba48-8e5963072f8d',49,true),
  ('7c683a01-b165-4d05-baab-d36f93a3f32f','b4ed8883-58e0-4ad2-9633-63b48f360f75',151,true),
  ('6457117a-ce37-4f2a-a0bf-7f008b544ae3','c1f87ed5-abb9-4903-8234-520e504109c5',29,false),
  ('460675e5-0121-407b-803b-2e10117beb42','bd823fc5-02cc-404f-b683-182ceea9d4d6',28,true),
  ('df437436-8fcc-47da-b19f-02a525a8f695','f4e1d437-9cb5-4b9b-9f87-3eda5f952a5e',0,true),
  ('7e1ca4cd-e152-4100-8acc-c41288fe1b52','a33eb8d1-47a8-47de-b975-668fb2fc113f',46,false),
  ('7c683a01-b165-4d05-baab-d36f93a3f32f','c22d5377-80e4-407a-9f44-ce373d142f1f',124,false),
  ('6457117a-ce37-4f2a-a0bf-7f008b544ae3','1de53f96-aed0-40d7-bf1d-815c2aa9798d',17,false),
  ('8fd34ba9-5dc5-49fa-b12d-6a6f815e0982','ddf53fc5-6c0c-498d-8f83-25819d31a366',29,false),
  ('1633e38c-8de6-4de3-aa95-d5d7919f5fbb','0af384d9-97ea-4483-acd0-7d40e8e2b62e',24,false),
  ('542c402b-747c-4190-9239-627abdef9e02','09f0bd4e-d2a6-48f1-afa9-f8dc11f9cc01',13,true),
  ('8fd34ba9-5dc5-49fa-b12d-6a6f815e0982','f0d8abc5-e4ff-4334-ae5b-61d4aefdd1f9',180,false),
  ('1633e38c-8de6-4de3-aa95-d5d7919f5fbb','930d0baa-7089-4eac-b931-0bec82877dd5',52,true),
  ('8fd34ba9-5dc5-49fa-b12d-6a6f815e0982','e724e532-fa2d-4d16-9913-123e203b1cbf',144,false),
  ('7c683a01-b165-4d05-baab-d36f93a3f32f','833bb99f-f47e-4f2b-be8c-87e7a8424138',72,true),
  ('7e1ca4cd-e152-4100-8acc-c41288fe1b52','caeb10de-ae13-4a7e-8ba9-db5e80e87d0e',66,false),
  ('e6f09199-f1b5-4709-9cef-cc33df416523','8cc8e446-5610-45ea-9749-896713b3ff38',4,false),
  ('542c402b-747c-4190-9239-627abdef9e02','ae2db9bb-88e6-4b9b-9372-48a7b0415596',73,false),
  ('eba4ab51-532c-4f5b-9fc8-9ad18da92702','2d20f3fd-b884-4514-82db-ea55506e283d',47,false),
  ('09cf43fd-e29d-4c78-b9c5-42af9c230474','1c826eb6-6442-4b30-8592-b618bb63084d',33,true),
  ('df437436-8fcc-47da-b19f-02a525a8f695','6ef9e91a-e3ba-4886-a122-89e0b4295e64',11,true),
  ('e6f09199-f1b5-4709-9cef-cc33df416523','f9c41af4-1d96-4073-ada1-83e6f4c98683',104,true),
  ('7e1ca4cd-e152-4100-8acc-c41288fe1b52','3b26f099-765a-4ec8-a02a-2bb3c3f4c1f1',90,false),
  ('460675e5-0121-407b-803b-2e10117beb42','7e06304c-65cc-4d3b-aa1a-936d8a04a7b4',105,true),
  ('58c074ac-7d9e-483f-9a61-0e94f32dc59d','826aa58e-0c14-4ff0-9437-6d8f20eaa1ea',114,false),
  ('df437436-8fcc-47da-b19f-02a525a8f695','3bc9db66-ebc8-4ae2-acca-556f13d33fa9',133,false),
  ('653515ee-372f-4074-a45b-4136f46952a9','60af5f61-205f-4509-86ee-1c7a1b79e1d3',116,false),
  ('33b9147a-36f5-4a54-b70e-80acc20a2ee7','157b24c4-dab0-412d-9b67-133090f054fc',67,true),
  ('653515ee-372f-4074-a45b-4136f46952a9','d9c4c012-2798-4cb7-a604-850d9612c5ea',62,false),
  ('7c683a01-b165-4d05-baab-d36f93a3f32f','eb532a2a-e6cb-4ee9-badf-78271c8a35a3',189,true),
  ('09cf43fd-e29d-4c78-b9c5-42af9c230474','4731d304-e894-4032-946a-c83a677b3cbe',98,false),
  ('8fd34ba9-5dc5-49fa-b12d-6a6f815e0982','ca907fd4-2306-4985-8095-1f2bf369b885',126,false),
  ('e71b73a3-44bf-434a-8a1d-bf2444e5fcf4','8f383ab2-a4ef-4102-ab27-628152bccf1b',108,false),
  ('e81b7531-1b0d-46b7-9b79-463e03b01c3c','60f6d277-d282-45af-be63-1fb570a36989',84,false),
  ('542c402b-747c-4190-9239-627abdef9e02','1de53f96-aed0-40d7-bf1d-815c2aa9798d',17,false),
  ('8546874d-dae3-487b-9876-953415a580c0','dbe349b4-bc4f-43d8-a9d5-751863bd7d35',21,false),
  ('1dcfb27d-fd67-4997-80b6-1c67f9139b29','236395a1-24b3-49c9-a835-5dff9f4ff658',68,false),
  ('475561ea-de8e-4478-81d6-609724fca985','89115505-0304-4a5c-9af8-4ddea678159a',32,false),
  ('460675e5-0121-407b-803b-2e10117beb42','9bc8a44d-42d1-415b-9392-5f5d70da1f76',154,false),
  ('3bd6b7aa-58a1-42b1-b2b1-85c9039bda36','a78f0563-8cb9-4912-82f2-8fd6123b4938',65,false),
  ('68769c6a-259f-4b09-bd34-25e19d72f62a','a0d89b77-8930-47ce-b51a-dfb990254e6e',42,true),
  ('ee07c52d-878c-4da6-b17f-f6a409cda90e','9e38f508-3704-46be-ab6e-17e6e856222c',47,true),
  ('58c074ac-7d9e-483f-9a61-0e94f32dc59d','2bd1c495-1c2d-4cd5-8499-b0d28cce033e',42,false),
  ('df437436-8fcc-47da-b19f-02a525a8f695','18ebfa19-4bc3-45eb-8f14-50ef4326c3a7',67,true),
  ('1633e38c-8de6-4de3-aa95-d5d7919f5fbb','9f5892dc-2d24-410f-a0f8-b9b0c092b805',198,true),
  ('58c074ac-7d9e-483f-9a61-0e94f32dc59d','4c51c76a-bdd8-44c1-8ea5-94c0cccf9bb5',172,false),
  ('33b9147a-36f5-4a54-b70e-80acc20a2ee7','dbe349b4-bc4f-43d8-a9d5-751863bd7d35',99,true),
  ('7e1ca4cd-e152-4100-8acc-c41288fe1b52','09263f12-9edd-4dd9-aa26-cc9fd5aab62e',5,true),
  ('8fd34ba9-5dc5-49fa-b12d-6a6f815e0982','11349b7f-d05e-47e1-8024-9a2b59e2b55c',99,false),
  ('475561ea-de8e-4478-81d6-609724fca985','0591671c-cf8f-4a32-93a3-2aad295fedc0',2,false),
  ('460675e5-0121-407b-803b-2e10117beb42','9a885301-9e46-4e85-9594-88617b4a1ff2',122,false),
  ('ee07c52d-878c-4da6-b17f-f6a409cda90e','c49087db-71f8-4cd2-8e86-626fddc5d1f4',73,true),
  ('d75a3e8f-2bdd-4fde-aea4-c3f52436d9e6','87ab2239-aabc-4212-bfe5-90bfc12757db',115,false),
  ('8393081b-9ead-417e-b3f1-ad62ccfbd6db','73c8f471-04c3-40d0-b89e-1288418f67b6',21,true),
  ('3bd6b7aa-58a1-42b1-b2b1-85c9039bda36','30809408-6e0a-4da6-a24a-9e397b41c8d3',53,false),
  ('8fd34ba9-5dc5-49fa-b12d-6a6f815e0982','f39fdb7b-2e3f-417f-99ff-2375529c7d40',80,true),
  ('3bd6b7aa-58a1-42b1-b2b1-85c9039bda36','af59bb6c-706d-49b6-bd9a-9045f9a14e95',83,false),
  ('52e2d29c-f30f-4031-86e6-1771ea51f376','37e50a32-673c-49e9-9824-e3e7c978bdfd',74,true),
  ('653515ee-372f-4074-a45b-4136f46952a9','72920514-d612-4ae1-b12f-1d9bd8a8c4b8',30,false),
  ('70ff8fac-6f0b-4795-9705-ed664c55f040','24636cb3-7f4d-4d56-8a38-0efd18c920ba',66,true),
  ('d75a3e8f-2bdd-4fde-aea4-c3f52436d9e6','dbe349b4-bc4f-43d8-a9d5-751863bd7d35',21,false),
  ('542c402b-747c-4190-9239-627abdef9e02','9e38f508-3704-46be-ab6e-17e6e856222c',36,true),
  ('58c074ac-7d9e-483f-9a61-0e94f32dc59d','e96d98f7-c74b-4353-93c3-323efbca6b18',201,false),
  ('70ff8fac-6f0b-4795-9705-ed664c55f040','f3bfe063-e4a9-4252-a888-465addd2307d',61,false),
  ('70ff8fac-6f0b-4795-9705-ed664c55f040','35e51643-57cf-4232-a6d3-ee9e19f1dd48',40,false),
  ('460675e5-0121-407b-803b-2e10117beb42','3c70bb63-7dbf-4aa6-96fe-47eaf5ca5910',120,false),
  ('542c402b-747c-4190-9239-627abdef9e02','b68d2cce-6b01-4f23-b50a-a3869c63da75',100,true),
  ('eba4ab51-532c-4f5b-9fc8-9ad18da92702','b932221f-23e5-428c-a094-b1a34444876a',7,true),
  ('e71b73a3-44bf-434a-8a1d-bf2444e5fcf4','570f7bc5-85c4-414a-a7ff-dd7ac4b5fe57',4,false),
  ('09cf43fd-e29d-4c78-b9c5-42af9c230474','9edba9e9-6d30-4c9a-beb5-f8ed7e0b1df0',64,true),
  ('eba4ab51-532c-4f5b-9fc8-9ad18da92702','025e0a9c-4dfc-42de-880e-31b32b7a9200',40,false),
  ('52e2d29c-f30f-4031-86e6-1771ea51f376','01d2c35a-228d-483e-933a-12236fd603c6',46,true),
  ('460675e5-0121-407b-803b-2e10117beb42','f4e1d437-9cb5-4b9b-9f87-3eda5f952a5e',0,true),
  ('e71b73a3-44bf-434a-8a1d-bf2444e5fcf4','758c75b9-6b4b-41f2-8f8d-41ecf9208c81',109,false),
  ('e71b73a3-44bf-434a-8a1d-bf2444e5fcf4','d5a216ef-b8ce-475e-aacc-0fd937511b01',69,false),
  ('1633e38c-8de6-4de3-aa95-d5d7919f5fbb','c73dd0e9-3222-40f9-ab05-2bdf4497e174',148,false),
  ('3bd6b7aa-58a1-42b1-b2b1-85c9039bda36','039dc74a-e5d3-49e0-b053-44e41ae75107',19,false),
  ('6457117a-ce37-4f2a-a0bf-7f008b544ae3','c9a7f99b-5a8b-40d0-a22f-03b65c4ba5cb',51,true),
  ('09cf43fd-e29d-4c78-b9c5-42af9c230474','3b70d195-a48d-46e4-b7b2-277de821aec6',10,true),
  ('e71b73a3-44bf-434a-8a1d-bf2444e5fcf4','d1d843b8-ccf0-447b-908d-dc08df9db870',117,true),
  ('8546874d-dae3-487b-9876-953415a580c0','33f6e0d3-8021-4833-b714-308e9e7f9583',131,true),
  ('542c402b-747c-4190-9239-627abdef9e02','039dc74a-e5d3-49e0-b053-44e41ae75107',101,true),
  ('df437436-8fcc-47da-b19f-02a525a8f695','33319563-3631-42fb-a75b-986a097999c4',45,true),
  ('d75a3e8f-2bdd-4fde-aea4-c3f52436d9e6','039dc74a-e5d3-49e0-b053-44e41ae75107',19,false),
  ('70ff8fac-6f0b-4795-9705-ed664c55f040','7119b69d-8437-4f15-b2b7-1d50b3af1f2f',139,false),
  ('1633e38c-8de6-4de3-aa95-d5d7919f5fbb','7cc7c9d8-4a3f-4011-ae2c-554afd2e0f73',135,false),
  ('8393081b-9ead-417e-b3f1-ad62ccfbd6db','ebdafd46-abb1-4df6-8202-d60dba92c7b2',23,false),
  ('6457117a-ce37-4f2a-a0bf-7f008b544ae3','a9135ade-3d91-4807-b1af-ea9e38fd48bc',104,true),
  ('3bd6b7aa-58a1-42b1-b2b1-85c9039bda36','de03e877-cd80-491a-bc52-780993356d6d',26,false),
  ('1633e38c-8de6-4de3-aa95-d5d7919f5fbb','f39fdb7b-2e3f-417f-99ff-2375529c7d40',80,true),
  ('1633e38c-8de6-4de3-aa95-d5d7919f5fbb','070ecc18-468f-4011-9aa0-855959749e55',177,false),
  ('3bd6b7aa-58a1-42b1-b2b1-85c9039bda36','22288a69-ac19-4ff5-9521-7895a0bca993',27,false),
  ('52e2d29c-f30f-4031-86e6-1771ea51f376','b68d2cce-6b01-4f23-b50a-a3869c63da75',100,true),
  ('653515ee-372f-4074-a45b-4136f46952a9','23ad3e72-f0b7-4a05-bc5e-6e71924a7242',11,false),
  ('8546874d-dae3-487b-9876-953415a580c0','09263f12-9edd-4dd9-aa26-cc9fd5aab62e',5,true),
  ('eba4ab51-532c-4f5b-9fc8-9ad18da92702','21658573-62db-41e3-be77-0f9fcc8f7d94',8,true),
  ('df437436-8fcc-47da-b19f-02a525a8f695','76c21849-9e07-4362-bf91-5ef76e9a49cb',37,true),
  ('1633e38c-8de6-4de3-aa95-d5d7919f5fbb','1611444a-10d9-489b-89f6-ff6424930faa',167,false),
  ('8fd34ba9-5dc5-49fa-b12d-6a6f815e0982','413663b3-57e1-4975-b9b4-33a82f02a1df',131,false),
  ('7e1ca4cd-e152-4100-8acc-c41288fe1b52','f5f4ee8a-28d6-40ad-868e-dc7679579c54',81,false),
  ('68769c6a-259f-4b09-bd34-25e19d72f62a','dd197b18-2747-4279-bb33-6c2d34376b59',3,false),
  ('7c683a01-b165-4d05-baab-d36f93a3f32f','ce53c441-dfc7-449f-81aa-f3bf206f46e9',99,false),
  ('460675e5-0121-407b-803b-2e10117beb42','b5e43f46-9a30-4b3f-844c-846a4cac115f',115,false),
  ('70ff8fac-6f0b-4795-9705-ed664c55f040','4664ee1a-88b8-416c-8bfa-f6af6e73f89c',0,false),
  ('e71b73a3-44bf-434a-8a1d-bf2444e5fcf4','d85cbfb6-0de5-4943-998f-e3ba69a190c7',46,true),
  ('1dcfb27d-fd67-4997-80b6-1c67f9139b29','418df147-cab4-4e35-96b8-788e87ac750f',23,false),
  ('d75a3e8f-2bdd-4fde-aea4-c3f52436d9e6','390a668a-99cd-486b-9fc5-b6fb897de469',137,true),
  ('3bd6b7aa-58a1-42b1-b2b1-85c9039bda36','81e7f861-09b5-43f8-b49b-3ecf5575511b',64,false),
  ('d75a3e8f-2bdd-4fde-aea4-c3f52436d9e6','e5eea887-a655-420a-b6f0-785dc47def7f',51,false),
  ('3bd6b7aa-58a1-42b1-b2b1-85c9039bda36','c3abecd6-fbcd-4861-9670-e2c9a1ab0fc6',31,false),
  ('09cf43fd-e29d-4c78-b9c5-42af9c230474','ae2db9bb-88e6-4b9b-9372-48a7b0415596',84,false),
  ('df437436-8fcc-47da-b19f-02a525a8f695','be4b1b51-af6b-451f-84e4-1b58fed41e96',132,false),
  ('df437436-8fcc-47da-b19f-02a525a8f695','4b92ce38-ecc7-40d3-90b6-e206c9f0f1d8',6,false),
  ('68769c6a-259f-4b09-bd34-25e19d72f62a','f5f4ee8a-28d6-40ad-868e-dc7679579c54',43,true),
  ('e81b7531-1b0d-46b7-9b79-463e03b01c3c','f8eab7e3-6020-4ef9-97f7-a934145103c2',80,false),
  ('eba4ab51-532c-4f5b-9fc8-9ad18da92702','26833e3e-cabe-46f2-ac29-a0dc37f67149',83,true),
  ('e6f09199-f1b5-4709-9cef-cc33df416523','27c0339e-499c-4c09-b877-5264cbc03b5f',90,false),
  ('33b9147a-36f5-4a54-b70e-80acc20a2ee7','0a070fa4-8d48-45f6-97c9-4afed3ad48b5',31,false),
  ('7c683a01-b165-4d05-baab-d36f93a3f32f','483e3c2b-e399-4051-861a-ce410a9c34d3',59,true),
  ('ee07c52d-878c-4da6-b17f-f6a409cda90e','01d2c35a-228d-483e-933a-12236fd603c6',57,true),
  ('460675e5-0121-407b-803b-2e10117beb42','5aac354a-1340-4ff0-8f1e-3dd4c336ae45',8,true),
  ('09cf43fd-e29d-4c78-b9c5-42af9c230474','251b00d7-eeea-4a23-b9ac-495b8b3ae16d',16,true),
  ('58c074ac-7d9e-483f-9a61-0e94f32dc59d','df639a42-9390-4e09-88aa-c6c6d5d337a7',164,false),
  ('e81b7531-1b0d-46b7-9b79-463e03b01c3c','53e0c6a8-5fbf-4c64-b771-6bb0b8a5563d',38,true),
  ('7e1ca4cd-e152-4100-8acc-c41288fe1b52','30809408-6e0a-4da6-a24a-9e397b41c8d3',53,false),
  ('33b9147a-36f5-4a54-b70e-80acc20a2ee7','490e3571-3002-413b-82db-2b6d1a34e1f4',77,true),
  ('df437436-8fcc-47da-b19f-02a525a8f695','b78c22da-2671-423f-a166-da810d61b3b1',71,true),
  ('df437436-8fcc-47da-b19f-02a525a8f695','930d0baa-7089-4eac-b931-0bec82877dd5',150,false),
  ('475561ea-de8e-4478-81d6-609724fca985','a4f5adff-c117-4f10-a596-c6dedbf52caa',22,false),
  ('7c683a01-b165-4d05-baab-d36f93a3f32f','597c75bd-146a-4732-9d3e-d3b5ddcba9e4',155,true),
  ('1dcfb27d-fd67-4997-80b6-1c67f9139b29','8962833b-dd4d-461a-8e7f-52d4e87675a5',3,false),
  ('7e1ca4cd-e152-4100-8acc-c41288fe1b52','23ad3e72-f0b7-4a05-bc5e-6e71924a7242',11,false),
  ('e71b73a3-44bf-434a-8a1d-bf2444e5fcf4','d437c27b-6f30-4893-8d96-c10831986716',42,true),
  ('6457117a-ce37-4f2a-a0bf-7f008b544ae3','cf833a7a-aa59-4bbd-8e6d-b52b8a78134a',20,false),
  ('6457117a-ce37-4f2a-a0bf-7f008b544ae3','f128cce0-8d1a-4b9f-a25b-7efb92e5a270',30,false),
  ('460675e5-0121-407b-803b-2e10117beb42','b6ff914e-4e1e-4df5-af08-37d523dd0608',89,true),
  ('52e2d29c-f30f-4031-86e6-1771ea51f376','52182f4d-35ed-423d-8c3b-41d070fb4ed6',27,true),
  ('1dcfb27d-fd67-4997-80b6-1c67f9139b29','545b008c-9f1f-4437-96d0-c9159d4e90d2',15,false),
  ('52e2d29c-f30f-4031-86e6-1771ea51f376','9c71b1ea-e325-4ad3-9da7-e04f465eff49',66,true),
  ('e6f09199-f1b5-4709-9cef-cc33df416523','9ccbfe28-a2a1-49b6-a50f-c234d736007e',23,true),
  ('52e2d29c-f30f-4031-86e6-1771ea51f376','24145fc4-12da-4f74-8115-323729efa897',1,false),
  ('70ff8fac-6f0b-4795-9705-ed664c55f040','f951103b-7404-40cb-aca6-ec84ceeb283b',69,true),
  ('33b9147a-36f5-4a54-b70e-80acc20a2ee7','9edba9e9-6d30-4c9a-beb5-f8ed7e0b1df0',53,true),
  ('7e1ca4cd-e152-4100-8acc-c41288fe1b52','3018c128-693e-4955-8018-5e6770bbf1b6',76,false),
  ('68769c6a-259f-4b09-bd34-25e19d72f62a','1de53f96-aed0-40d7-bf1d-815c2aa9798d',17,false),
  ('eba4ab51-532c-4f5b-9fc8-9ad18da92702','5586d725-c806-45bb-9af7-2b26e597b70f',21,true),
  ('e71b73a3-44bf-434a-8a1d-bf2444e5fcf4','3d98788e-88e0-448c-9437-f947cbd83e0b',131,true),
  ('eba4ab51-532c-4f5b-9fc8-9ad18da92702','e2213fc7-a57e-40f9-af58-2dfd47b9432c',89,true),
  ('68769c6a-259f-4b09-bd34-25e19d72f62a','c1f87ed5-abb9-4903-8234-520e504109c5',29,false),
  ('df437436-8fcc-47da-b19f-02a525a8f695','cb146a2f-8e7d-4f37-bf79-c8cd1e4794ce',34,true),
  ('58c074ac-7d9e-483f-9a61-0e94f32dc59d','9c02ca8d-6def-4187-a329-573f7c7f7128',19,false),
  ('68769c6a-259f-4b09-bd34-25e19d72f62a','5850b172-9b26-44d3-b4b8-f84cf7c6ba46',9,true),
  ('52e2d29c-f30f-4031-86e6-1771ea51f376','b79a4922-3627-4e8a-b96a-446c0f4d51e5',49,true),
  ('ee07c52d-878c-4da6-b17f-f6a409cda90e','c9a7f99b-5a8b-40d0-a22f-03b65c4ba5cb',62,true),
  ('70ff8fac-6f0b-4795-9705-ed664c55f040','b2f25604-8198-4cc0-8b4c-2b1fc7b3e48b',53,false),
  ('70ff8fac-6f0b-4795-9705-ed664c55f040','2f16591e-3e31-421c-b4b8-171b0abbc3c2',21,true),
  ('e81b7531-1b0d-46b7-9b79-463e03b01c3c','154a095e-a784-4bbf-8109-af8d1a1a258b',11,true),
  ('7e1ca4cd-e152-4100-8acc-c41288fe1b52','fd7c9a21-a50f-4ef9-8fbe-c64b12757f63',91,false),
  ('58c074ac-7d9e-483f-9a61-0e94f32dc59d','e93e25f5-e15a-4c3a-9ad8-8c2bd02cff4c',78,true),
  ('52e2d29c-f30f-4031-86e6-1771ea51f376','99393463-bffe-470a-961f-b6e50010c60b',7,true),
  ('52e2d29c-f30f-4031-86e6-1771ea51f376','c1f87ed5-abb9-4903-8234-520e504109c5',29,false),
  ('68769c6a-259f-4b09-bd34-25e19d72f62a','6d00a8ab-8130-4670-a3fb-741732217049',112,true),
  ('68769c6a-259f-4b09-bd34-25e19d72f62a','c701989a-9e3c-45d6-9cff-bbc04a7bca59',23,true),
  ('df437436-8fcc-47da-b19f-02a525a8f695','3d56133f-0809-4a04-b19f-cdc4481fc922',151,false),
  ('542c402b-747c-4190-9239-627abdef9e02','c9a7f99b-5a8b-40d0-a22f-03b65c4ba5cb',51,true),
  ('475561ea-de8e-4478-81d6-609724fca985','51df5516-1155-4d34-82d3-1407e195df67',36,false),
  ('1633e38c-8de6-4de3-aa95-d5d7919f5fbb','ff153154-91f5-4de1-84bb-7c189502bb76',30,false),
  ('df437436-8fcc-47da-b19f-02a525a8f695','efbe86e4-0ac4-4eec-b8e6-d1ee708f65d3',128,false),
  ('6457117a-ce37-4f2a-a0bf-7f008b544ae3','24145fc4-12da-4f74-8115-323729efa897',1,false),
  ('460675e5-0121-407b-803b-2e10117beb42','bcac9dba-6f36-432b-bead-60eea7c67edd',30,true),
  ('d75a3e8f-2bdd-4fde-aea4-c3f52436d9e6','09f0bd4e-d2a6-48f1-afa9-f8dc11f9cc01',113,false),
  ('8fd34ba9-5dc5-49fa-b12d-6a6f815e0982','1d16476b-dc45-493b-8dcf-2f5ca9feb8e7',92,true),
  ('52e2d29c-f30f-4031-86e6-1771ea51f376','7e038577-3229-48a2-8c39-90601869f9f9',14,true),
  ('1633e38c-8de6-4de3-aa95-d5d7919f5fbb','efbe86e4-0ac4-4eec-b8e6-d1ee708f65d3',75,true),
  ('460675e5-0121-407b-803b-2e10117beb42','09eafe6c-67c7-4a6b-8822-16837deae460',107,true),
  ('8546874d-dae3-487b-9876-953415a580c0','c3abecd6-fbcd-4861-9670-e2c9a1ab0fc6',31,false),
  ('df437436-8fcc-47da-b19f-02a525a8f695','db5dab43-f2a5-4dfe-b30c-2d990d0e870a',113,true),
  ('475561ea-de8e-4478-81d6-609724fca985','a9ffeae3-cfdd-4711-a722-3c735db8746a',77,false),
  ('58c074ac-7d9e-483f-9a61-0e94f32dc59d','60557909-fe32-4dd2-a56c-c3dee195e61a',197,true),
  ('7c683a01-b165-4d05-baab-d36f93a3f32f','f4936526-65dd-483c-b8b3-d09a84f054bb',190,true),
  ('1dcfb27d-fd67-4997-80b6-1c67f9139b29','4ac47d53-e83a-4f56-9759-94fa42c37d18',45,false),
  ('e71b73a3-44bf-434a-8a1d-bf2444e5fcf4','a65fa4e0-9778-4c0a-b437-169888b2b298',36,true),
  ('58c074ac-7d9e-483f-9a61-0e94f32dc59d','bee153aa-a5c9-43c4-92ff-aad6b4c59eb3',43,false),
  ('8fd34ba9-5dc5-49fa-b12d-6a6f815e0982','f37458df-3daf-48ff-ad5e-b144dad56375',112,false),
  ('8393081b-9ead-417e-b3f1-ad62ccfbd6db','1ea87d3f-9ae0-492d-8e25-5fcef0ece8ed',94,false),
  ('7e1ca4cd-e152-4100-8acc-c41288fe1b52','59d30c55-f1b5-4b9a-a6d2-24ab72700b86',99,true),
  ('eba4ab51-532c-4f5b-9fc8-9ad18da92702','8662d527-0737-46fb-8d0c-cb253e4f6e3d',66,false),
  ('460675e5-0121-407b-803b-2e10117beb42','4fc214e4-84d2-4864-bc45-8f47ab1958d3',35,true),
  ('8fd34ba9-5dc5-49fa-b12d-6a6f815e0982','0a082979-4ad5-4336-8cf9-5b888141c149',41,false),
  ('33b9147a-36f5-4a54-b70e-80acc20a2ee7','b68d2cce-6b01-4f23-b50a-a3869c63da75',100,true),
  ('e6f09199-f1b5-4709-9cef-cc33df416523','9a598516-bf58-40bb-8e5f-160953602835',13,false),
  ('df437436-8fcc-47da-b19f-02a525a8f695','30c4b09d-b250-41ee-8d37-9b03d89702f4',74,true),
  ('52e2d29c-f30f-4031-86e6-1771ea51f376','4731d304-e894-4032-946a-c83a677b3cbe',87,false),
  ('460675e5-0121-407b-803b-2e10117beb42','64eff923-e621-4ca3-be0f-5e63e86b3d66',131,false),
  ('7e1ca4cd-e152-4100-8acc-c41288fe1b52','6b8306db-fa93-418e-9775-59f25476ad42',57,false),
  ('eba4ab51-532c-4f5b-9fc8-9ad18da92702','d5d97fe0-2fe7-4261-a979-3a28b899d5c2',73,false),
  ('1dcfb27d-fd67-4997-80b6-1c67f9139b29','66572aba-a2f3-476f-aef7-2869dd5b3f23',106,true),
  ('e71b73a3-44bf-434a-8a1d-bf2444e5fcf4','46d4f2a4-8dc0-4d08-881d-ed13ceb637ed',54,true),
  ('1633e38c-8de6-4de3-aa95-d5d7919f5fbb','6586f85e-3221-44c0-8b8e-5d11898424d9',101,false),
  ('d75a3e8f-2bdd-4fde-aea4-c3f52436d9e6','23ad3e72-f0b7-4a05-bc5e-6e71924a7242',11,false),
  ('7c683a01-b165-4d05-baab-d36f93a3f32f','0895dbe8-2f07-45ca-929b-588d4e33bac3',167,true),
  ('d75a3e8f-2bdd-4fde-aea4-c3f52436d9e6','81fc8fee-ef9e-4442-870f-424f5df24301',67,false),
  ('e71b73a3-44bf-434a-8a1d-bf2444e5fcf4','ce53c441-dfc7-449f-81aa-f3bf206f46e9',65,true),
  ('68769c6a-259f-4b09-bd34-25e19d72f62a','a6ed7b89-558a-48ef-81ae-92c217fa0402',64,true),
  ('7c683a01-b165-4d05-baab-d36f93a3f32f','956d4cc6-d88f-41e3-be45-3a44ab2b676f',134,false),
  ('460675e5-0121-407b-803b-2e10117beb42','c6b79623-df67-407a-bc18-5342ee5262da',193,true),
  ('8fd34ba9-5dc5-49fa-b12d-6a6f815e0982','7cc7c9d8-4a3f-4011-ae2c-554afd2e0f73',135,false),
  ('7c683a01-b165-4d05-baab-d36f93a3f32f','33319563-3631-42fb-a75b-986a097999c4',34,true),
  ('8fd34ba9-5dc5-49fa-b12d-6a6f815e0982','2bd1c495-1c2d-4cd5-8499-b0d28cce033e',42,false),
  ('52e2d29c-f30f-4031-86e6-1771ea51f376','ea68b4b0-9df0-418c-a65b-334575c5794e',103,true),
  ('df437436-8fcc-47da-b19f-02a525a8f695','bee153aa-a5c9-43c4-92ff-aad6b4c59eb3',158,true),
  ('1633e38c-8de6-4de3-aa95-d5d7919f5fbb','4b92ce38-ecc7-40d3-90b6-e206c9f0f1d8',199,true),
  ('475561ea-de8e-4478-81d6-609724fca985','bd4ad40d-a482-44b2-a876-68f0d03622db',98,false),
  ('eba4ab51-532c-4f5b-9fc8-9ad18da92702','fdc8f737-08f3-4ba6-8b78-d7321a38a6df',10,true),
  ('542c402b-747c-4190-9239-627abdef9e02','8785fcf8-7002-4f64-8f1e-3d318e4b646e',78,true),
  ('52e2d29c-f30f-4031-86e6-1771ea51f376','d183fbcf-eaa8-4a1f-ae0d-2a53df24257e',55,true),
  ('e71b73a3-44bf-434a-8a1d-bf2444e5fcf4','ced522bf-c62f-42a6-972f-31d2e271dec2',73,true),
  ('58c074ac-7d9e-483f-9a61-0e94f32dc59d','1d16476b-dc45-493b-8dcf-2f5ca9feb8e7',92,true),
  ('52e2d29c-f30f-4031-86e6-1771ea51f376','043f18d4-a5f0-4f75-931f-0101ff5b1259',68,false),
  ('460675e5-0121-407b-803b-2e10117beb42','0895dbe8-2f07-45ca-929b-588d4e33bac3',178,true),
  ('09cf43fd-e29d-4c78-b9c5-42af9c230474','f077ff87-1e94-4ebb-810c-ef01b7ca2e06',121,true),
  ('7c683a01-b165-4d05-baab-d36f93a3f32f','9b69d3d7-6c06-4b9e-bd48-406d36f973cb',125,false),
  ('460675e5-0121-407b-803b-2e10117beb42','47b95ef4-04fe-44e5-b80b-5da757a4a654',197,false),
  ('7c683a01-b165-4d05-baab-d36f93a3f32f','ec25b03e-c285-4fb0-a39f-d1ce8b454716',90,true),
  ('e6f09199-f1b5-4709-9cef-cc33df416523','25e586ab-fb6f-4299-83c9-6273d67f9607',20,false),
  ('460675e5-0121-407b-803b-2e10117beb42','cf720232-a4bf-4a99-9e5e-f9b56c8e4c06',156,true),
  ('653515ee-372f-4074-a45b-4136f46952a9','f9d08863-d2ce-47f4-bc9b-8a19edba63a6',60,false),
  ('1dcfb27d-fd67-4997-80b6-1c67f9139b29','3018c128-693e-4955-8018-5e6770bbf1b6',76,false),
  ('1dcfb27d-fd67-4997-80b6-1c67f9139b29','c3dfe92b-9855-4992-b054-d0f696df8b7a',58,false),
  ('68769c6a-259f-4b09-bd34-25e19d72f62a','6b1f5635-d581-4a5f-a8a9-018adb0d7f6a',2,false),
  ('e71b73a3-44bf-434a-8a1d-bf2444e5fcf4','5953a881-2426-4f4c-b9c1-31dac470457a',148,true),
  ('70ff8fac-6f0b-4795-9705-ed664c55f040','fcf44bbf-64d4-45b7-b21e-3f317d4cf3f3',12,false),
  ('8fd34ba9-5dc5-49fa-b12d-6a6f815e0982','b34f007a-59df-4f77-a70d-ff2240c9d003',141,false),
  ('1dcfb27d-fd67-4997-80b6-1c67f9139b29','0f1368c8-110f-413d-9184-9fc31ca362ae',56,false),
  ('7c683a01-b165-4d05-baab-d36f93a3f32f','d5a216ef-b8ce-475e-aacc-0fd937511b01',95,true),
  ('e81b7531-1b0d-46b7-9b79-463e03b01c3c','958c159d-775b-41d2-8382-68d5fb602b11',10,true),
  ('1dcfb27d-fd67-4997-80b6-1c67f9139b29','5ac0b251-b2a8-4808-9a1b-95f213af8a57',100,false),
  ('58c074ac-7d9e-483f-9a61-0e94f32dc59d','241beb39-2ef6-462c-a558-15c60a64e2d0',119,false),
  ('8546874d-dae3-487b-9876-953415a580c0','f555ec56-be0b-47d3-a53c-67abe7b61187',35,false),
  ('e71b73a3-44bf-434a-8a1d-bf2444e5fcf4','e6900b2b-d075-473e-9b02-ea759b0e0262',62,true),
  ('e71b73a3-44bf-434a-8a1d-bf2444e5fcf4','a166606f-3de7-4850-9f54-70a1fda03fa7',13,true),
  ('1633e38c-8de6-4de3-aa95-d5d7919f5fbb','a85af458-fc20-42a7-b202-2be351e0609d',103,false),
  ('33b9147a-36f5-4a54-b70e-80acc20a2ee7','65748972-42fc-4d2a-bf2b-9083655e45f5',95,true),
  ('1dcfb27d-fd67-4997-80b6-1c67f9139b29','68cf689d-8295-4fd2-9228-0224d28a291e',12,false),
  ('68769c6a-259f-4b09-bd34-25e19d72f62a','206db8fa-4a46-42d0-ba7c-343dcf1cd424',83,true),
  ('df437436-8fcc-47da-b19f-02a525a8f695','173c9ea1-4bd0-47f8-8b00-dfec85a8e554',69,true),
  ('df437436-8fcc-47da-b19f-02a525a8f695','1592ea26-b1d5-4f49-9e47-ffdcf1da093a',116,false),
  ('58c074ac-7d9e-483f-9a61-0e94f32dc59d','af65a589-cc95-4230-9d48-f09467dcdd2d',133,false),
  ('09cf43fd-e29d-4c78-b9c5-42af9c230474','532b3514-8072-4ad3-ab4c-5cc1c20be1f4',97,true),
  ('e71b73a3-44bf-434a-8a1d-bf2444e5fcf4','06909914-c55b-4acd-b1b2-84d3c492e283',83,true),
  ('d75a3e8f-2bdd-4fde-aea4-c3f52436d9e6','4c1ff6bf-59b1-44e0-b423-704ee9d658e6',55,false),
  ('1633e38c-8de6-4de3-aa95-d5d7919f5fbb','f3cfeac7-1705-4f9d-b3cb-13b612ccfa7e',49,true),
  ('09cf43fd-e29d-4c78-b9c5-42af9c230474','00c562fc-fa9a-49c5-86a0-ac8faed03e4d',71,true),
  ('7c683a01-b165-4d05-baab-d36f93a3f32f','3bc9db66-ebc8-4ae2-acca-556f13d33fa9',122,false),
  ('eba4ab51-532c-4f5b-9fc8-9ad18da92702','d960690a-008d-4c25-840f-f04b728d4862',17,true),
  ('7c683a01-b165-4d05-baab-d36f93a3f32f','1aaaf7a0-38a7-4eaf-aaec-1448d6b68f66',73,true),
  ('460675e5-0121-407b-803b-2e10117beb42','3cbc9e9b-a487-49bd-bd55-6a2eb5f7b13f',36,true),
  ('1633e38c-8de6-4de3-aa95-d5d7919f5fbb','3bfeecad-2a84-4ab6-83e7-3954a5f78fde',27,false),
  ('70ff8fac-6f0b-4795-9705-ed664c55f040','daf7292c-761e-40a2-a33a-6add282a34af',122,false),
  ('e6f09199-f1b5-4709-9cef-cc33df416523','6fee2eda-3168-4af8-8450-dd1b672ad702',75,false),
  ('df437436-8fcc-47da-b19f-02a525a8f695','f3cfeac7-1705-4f9d-b3cb-13b612ccfa7e',153,false),
  ('460675e5-0121-407b-803b-2e10117beb42','f54a7892-27d9-4bbb-a752-f6669daf0df8',181,true),
  ('653515ee-372f-4074-a45b-4136f46952a9','0591671c-cf8f-4a32-93a3-2aad295fedc0',2,false),
  ('8546874d-dae3-487b-9876-953415a580c0','fd7c9a21-a50f-4ef9-8fbe-c64b12757f63',91,false),
  ('1633e38c-8de6-4de3-aa95-d5d7919f5fbb','e0e42e15-fa16-4ced-a847-e87076a3e476',191,false),
  ('e71b73a3-44bf-434a-8a1d-bf2444e5fcf4','442fa62d-c6f2-4e55-87ac-f069bd33d79b',27,true),
  ('d75a3e8f-2bdd-4fde-aea4-c3f52436d9e6','99393463-bffe-470a-961f-b6e50010c60b',119,false),
  ('58c074ac-7d9e-483f-9a61-0e94f32dc59d','4fbbeceb-4003-47fc-a18e-291e2419899e',183,false),
  ('70ff8fac-6f0b-4795-9705-ed664c55f040','8f383ab2-a4ef-4102-ab27-628152bccf1b',51,true),
  ('460675e5-0121-407b-803b-2e10117beb42','431f0c40-1565-4073-a742-b8851f98a61e',100,true),
  ('d75a3e8f-2bdd-4fde-aea4-c3f52436d9e6','d6a2124b-182b-40b4-8704-a5f36ea44bb2',143,false),
  ('70ff8fac-6f0b-4795-9705-ed664c55f040','d6ebad1f-3dbb-43a3-9034-dfabf97f50af',125,false),
  ('68769c6a-259f-4b09-bd34-25e19d72f62a','ea68b4b0-9df0-418c-a65b-334575c5794e',103,true),
  ('ee07c52d-878c-4da6-b17f-f6a409cda90e','ad4798f4-dbdc-4b97-b913-47e268df0d98',26,false),
  ('8fd34ba9-5dc5-49fa-b12d-6a6f815e0982','be4b1b51-af6b-451f-84e4-1b58fed41e96',69,true),
  ('475561ea-de8e-4478-81d6-609724fca985','039dc74a-e5d3-49e0-b053-44e41ae75107',19,false),
  ('09cf43fd-e29d-4c78-b9c5-42af9c230474','83d89401-a895-4fad-a313-d096949b948c',124,true),
  ('475561ea-de8e-4478-81d6-609724fca985','a0d89b77-8930-47ce-b51a-dfb990254e6e',82,false),
  ('460675e5-0121-407b-803b-2e10117beb42','5c748e6f-cd1c-402f-8b18-791ac38598d4',185,true),
  ('7c683a01-b165-4d05-baab-d36f93a3f32f','64eff923-e621-4ca3-be0f-5e63e86b3d66',120,false),
  ('475561ea-de8e-4478-81d6-609724fca985','b6879a79-d7df-43e0-bf65-b2abfd939a6f',87,false),
  ('542c402b-747c-4190-9239-627abdef9e02','2461cec9-0d4b-469f-b9fe-6bd32a0cd11e',44,true),
  ('52e2d29c-f30f-4031-86e6-1771ea51f376','513f646e-7755-46c7-a709-39aaeb2f53df',85,false),
  ('58c074ac-7d9e-483f-9a61-0e94f32dc59d','9c9036f9-e7f8-402c-af91-877106786ac7',116,false),
  ('3bd6b7aa-58a1-42b1-b2b1-85c9039bda36','72920514-d612-4ae1-b12f-1d9bd8a8c4b8',30,false),
  ('ee07c52d-878c-4da6-b17f-f6a409cda90e','d077beb4-1b04-4ecd-9ac1-6691402ee8d4',5,true),
  ('8fd34ba9-5dc5-49fa-b12d-6a6f815e0982','3d56133f-0809-4a04-b19f-cdc4481fc922',51,true),
  ('e6f09199-f1b5-4709-9cef-cc33df416523','778a9fd0-ec5b-4a22-b33c-3c35915b42d1',40,true),
  ('eba4ab51-532c-4f5b-9fc8-9ad18da92702','387f8494-a4d7-45f0-8acb-507ab28c0197',64,false),
  ('70ff8fac-6f0b-4795-9705-ed664c55f040','6e161dc3-397c-4e88-8988-f0849db55223',104,false),
  ('7c683a01-b165-4d05-baab-d36f93a3f32f','2d356336-19ac-4224-9737-a3c97ec5f953',154,true),
  ('460675e5-0121-407b-803b-2e10117beb42','d75d50ea-06a1-41ed-9827-1097ab3554b6',161,true),
  ('e6f09199-f1b5-4709-9cef-cc33df416523','2b9eaef8-82d6-4596-bb8f-b61d43ba8151',80,false),
  ('653515ee-372f-4074-a45b-4136f46952a9','bb8b3971-adf7-4503-a815-87037e893ec6',79,false),
  ('e81b7531-1b0d-46b7-9b79-463e03b01c3c','30da43cb-4dcc-4f2c-95e5-0d64a4dcec8f',69,true),
  ('d75a3e8f-2bdd-4fde-aea4-c3f52436d9e6','60016ffb-db9e-484e-84fb-015e149fbb23',40,false),
  ('68769c6a-259f-4b09-bd34-25e19d72f62a','6f500f59-515b-4673-a6f4-2c614d1d08b1',50,true),
  ('e81b7531-1b0d-46b7-9b79-463e03b01c3c','d9732095-2ba1-4be0-9565-84ae67c2e4c7',72,true),
  ('8546874d-dae3-487b-9876-953415a580c0','3af32413-f8da-4404-be9d-e00422c473cb',105,true),
  ('ee07c52d-878c-4da6-b17f-f6a409cda90e','59d30c55-f1b5-4b9a-a6d2-24ab72700b86',36,false),
  ('e6f09199-f1b5-4709-9cef-cc33df416523','3dea3ce5-77f2-4b3b-9f15-315d1d878fa2',42,true),
  ('460675e5-0121-407b-803b-2e10117beb42','6ef9e91a-e3ba-4886-a122-89e0b4295e64',11,true),
  ('8546874d-dae3-487b-9876-953415a580c0','6b8306db-fa93-418e-9775-59f25476ad42',57,false),
  ('1dcfb27d-fd67-4997-80b6-1c67f9139b29','e5eea887-a655-420a-b6f0-785dc47def7f',51,false),
  ('1dcfb27d-fd67-4997-80b6-1c67f9139b29','a33eb8d1-47a8-47de-b975-668fb2fc113f',46,false),
  ('475561ea-de8e-4478-81d6-609724fca985','2c64e5e1-1917-44ce-a2b9-61031a30ab6f',17,false),
  ('d75a3e8f-2bdd-4fde-aea4-c3f52436d9e6','09263f12-9edd-4dd9-aa26-cc9fd5aab62e',5,true),
  ('475561ea-de8e-4478-81d6-609724fca985','6db8b1cf-bb07-4e80-aa60-889714de7590',13,false),
  ('8546874d-dae3-487b-9876-953415a580c0','47ae20e6-14d2-4cc1-a4af-7451706b0762',4,false),
  ('df437436-8fcc-47da-b19f-02a525a8f695','f63a0dad-8dde-4201-a1af-ac4e605a3022',142,true),
  ('e81b7531-1b0d-46b7-9b79-463e03b01c3c','efd4e982-c28b-4335-a8cc-b28aeff3ee98',24,true),
  ('70ff8fac-6f0b-4795-9705-ed664c55f040','79cb773a-6e5c-4bc4-8df7-9c56907ddad3',8,false),
  ('542c402b-747c-4190-9239-627abdef9e02','60af5f61-205f-4509-86ee-1c7a1b79e1d3',10,true),
  ('e81b7531-1b0d-46b7-9b79-463e03b01c3c','ebfb986e-6aff-4c7a-be68-922080efaf3e',6,true),
  ('ee07c52d-878c-4da6-b17f-f6a409cda90e','043f18d4-a5f0-4f75-931f-0101ff5b1259',79,false),
  ('8546874d-dae3-487b-9876-953415a580c0','ccf52069-7251-476d-8dce-c9abbaa136ae',138,true),
  ('1633e38c-8de6-4de3-aa95-d5d7919f5fbb','ce53c441-dfc7-449f-81aa-f3bf206f46e9',93,true),
  ('ee07c52d-878c-4da6-b17f-f6a409cda90e','721b0097-a698-4c52-add1-501ee04265a2',119,true),
  ('68769c6a-259f-4b09-bd34-25e19d72f62a','65748972-42fc-4d2a-bf2b-9083655e45f5',95,true),
  ('6457117a-ce37-4f2a-a0bf-7f008b544ae3','83d89401-a895-4fad-a313-d096949b948c',113,true),
  ('6457117a-ce37-4f2a-a0bf-7f008b544ae3','af59bb6c-706d-49b6-bd9a-9045f9a14e95',41,true),
  ('eba4ab51-532c-4f5b-9fc8-9ad18da92702','96a89a6e-d8ed-4c1a-b61b-c9a6c3f791fd',63,false),
  ('e6f09199-f1b5-4709-9cef-cc33df416523','979a1805-d916-4984-a068-dd1617e5f1cc',8,false),
  ('eba4ab51-532c-4f5b-9fc8-9ad18da92702','13b81d89-32a7-4738-a889-326fb5a15c4a',38,false),
  ('52e2d29c-f30f-4031-86e6-1771ea51f376','de03e877-cd80-491a-bc52-780993356d6d',94,true),
  ('475561ea-de8e-4478-81d6-609724fca985','4c1ff6bf-59b1-44e0-b423-704ee9d658e6',55,false),
  ('e81b7531-1b0d-46b7-9b79-463e03b01c3c','0ed114b5-5c5e-4eb6-84b5-d37921a23230',67,true),
  ('1dcfb27d-fd67-4997-80b6-1c67f9139b29','0591671c-cf8f-4a32-93a3-2aad295fedc0',2,false),
  ('3bd6b7aa-58a1-42b1-b2b1-85c9039bda36','0a070fa4-8d48-45f6-97c9-4afed3ad48b5',93,true),
  ('6457117a-ce37-4f2a-a0bf-7f008b544ae3','4731d304-e894-4032-946a-c83a677b3cbe',87,false),
  ('8546874d-dae3-487b-9876-953415a580c0','d193fc8c-5ecc-4217-a5be-e9fb6dfe7d6a',52,false),
  ('70ff8fac-6f0b-4795-9705-ed664c55f040','209d3679-6ff6-472d-989c-e2641354bd54',37,false),
  ('8546874d-dae3-487b-9876-953415a580c0','8adbdbc4-a54a-45ed-9af5-59c3b3b9eaf3',54,false),
  ('3bd6b7aa-58a1-42b1-b2b1-85c9039bda36','89115505-0304-4a5c-9af8-4ddea678159a',32,false),
  ('df437436-8fcc-47da-b19f-02a525a8f695','b919fbda-66c5-4ad2-8283-6721ed8a1d5e',55,true),
  ('8fd34ba9-5dc5-49fa-b12d-6a6f815e0982','3b16e5f0-6e14-4152-af19-f27e7be33004',59,false),
  ('460675e5-0121-407b-803b-2e10117beb42','ee4ddbd8-2000-44a7-843c-41d3149e9f74',179,true),
  ('ee07c52d-878c-4da6-b17f-f6a409cda90e','4731d304-e894-4032-946a-c83a677b3cbe',98,false),
  ('33b9147a-36f5-4a54-b70e-80acc20a2ee7','99393463-bffe-470a-961f-b6e50010c60b',7,true),
  ('70ff8fac-6f0b-4795-9705-ed664c55f040','09eafe6c-67c7-4a6b-8822-16837deae460',90,true),
  ('8393081b-9ead-417e-b3f1-ad62ccfbd6db','a842529c-e389-4076-b66d-0e27d01c7993',92,false),
  ('6457117a-ce37-4f2a-a0bf-7f008b544ae3','87ab2239-aabc-4212-bfe5-90bfc12757db',11,true),
  ('09cf43fd-e29d-4c78-b9c5-42af9c230474','80d885a3-6bee-40d4-a838-61d36facee26',92,true),
  ('653515ee-372f-4074-a45b-4136f46952a9','65748972-42fc-4d2a-bf2b-9083655e45f5',25,false),
  ('d75a3e8f-2bdd-4fde-aea4-c3f52436d9e6','c1f87ed5-abb9-4903-8234-520e504109c5',95,true),
  ('ee07c52d-878c-4da6-b17f-f6a409cda90e','c5cac2de-e425-400d-ab48-08cc8fd37f2b',65,true),
  ('7c683a01-b165-4d05-baab-d36f93a3f32f','2bda83a9-d3c0-4168-84c6-9d1ea9d2d979',98,false),
  ('df437436-8fcc-47da-b19f-02a525a8f695','e8ee38c5-cfcf-4d3b-a0dc-f12a193d0aef',191,true),
  ('e71b73a3-44bf-434a-8a1d-bf2444e5fcf4','558ca60a-234c-4f23-968f-bb626599063c',94,false),
  ('e71b73a3-44bf-434a-8a1d-bf2444e5fcf4','fe5dcc7c-8635-4998-976d-f5948a8d7b0c',155,true),
  ('3bd6b7aa-58a1-42b1-b2b1-85c9039bda36','f128cce0-8d1a-4b9f-a25b-7efb92e5a270',94,true),
  ('460675e5-0121-407b-803b-2e10117beb42','87376ece-005d-4dcf-8c8c-4953c1f0798f',141,true),
  ('653515ee-372f-4074-a45b-4136f46952a9','236395a1-24b3-49c9-a835-5dff9f4ff658',68,false),
  ('68769c6a-259f-4b09-bd34-25e19d72f62a','95b4cf17-fa4b-4981-a494-11490c8ca8ed',47,true),
  ('542c402b-747c-4190-9239-627abdef9e02','05c022e1-cab6-4483-aa28-80e072aa4fa9',48,true),
  ('7c683a01-b165-4d05-baab-d36f93a3f32f','e79d17b3-6d48-404d-81b5-6f133971a65e',164,true),
  ('7e1ca4cd-e152-4100-8acc-c41288fe1b52','99393463-bffe-470a-961f-b6e50010c60b',119,false),
  ('1633e38c-8de6-4de3-aa95-d5d7919f5fbb','413663b3-57e1-4975-b9b4-33a82f02a1df',131,false),
  ('e71b73a3-44bf-434a-8a1d-bf2444e5fcf4','da70760c-de09-4767-b707-a4ae716a4d13',30,true),
  ('7e1ca4cd-e152-4100-8acc-c41288fe1b52','dd4c97ff-c99d-4b26-b64e-e1be5a8b5173',108,true),
  ('7e1ca4cd-e152-4100-8acc-c41288fe1b52','eef258eb-d51d-4888-b935-0568b6c2cd74',72,false),
  ('70ff8fac-6f0b-4795-9705-ed664c55f040','05136104-11c8-45be-9911-7b96a34be1d1',105,false),
  ('475561ea-de8e-4478-81d6-609724fca985','5850b172-9b26-44d3-b4b8-f84cf7c6ba46',117,false),
  ('8fd34ba9-5dc5-49fa-b12d-6a6f815e0982','0af384d9-97ea-4483-acd0-7d40e8e2b62e',24,false),
  ('70ff8fac-6f0b-4795-9705-ed664c55f040','f7b5fec6-6188-482d-978b-949793d94cfd',15,true),
  ('8546874d-dae3-487b-9876-953415a580c0','57472148-b885-4897-82dd-1e94f390a04a',16,false),
  ('df437436-8fcc-47da-b19f-02a525a8f695','e916ba05-0129-4ba7-b475-cf872f4c820a',140,false),
  ('09cf43fd-e29d-4c78-b9c5-42af9c230474','6f54d8ae-9b80-44cf-9a88-b230a06ac491',91,true),
  ('df437436-8fcc-47da-b19f-02a525a8f695','a987dd2c-58cd-46d2-8074-abb21faeb2c4',16,true),
  ('09cf43fd-e29d-4c78-b9c5-42af9c230474','9555ae05-e4d3-4a25-ab2b-7e6448e4b5e2',126,true),
  ('e81b7531-1b0d-46b7-9b79-463e03b01c3c','dc275244-e083-47b8-bcc0-35094a10cb76',87,false),
  ('58c074ac-7d9e-483f-9a61-0e94f32dc59d','c353b7fe-3be5-4cff-9b82-cf0edbe6ed2e',193,false),
  ('d75a3e8f-2bdd-4fde-aea4-c3f52436d9e6','03bc612f-afb1-45eb-b7f8-f5c4070ecae5',63,false),
  ('33b9147a-36f5-4a54-b70e-80acc20a2ee7','d36181b8-c328-43a3-9400-9cb41c8d689c',72,false),
  ('8546874d-dae3-487b-9876-953415a580c0','99393463-bffe-470a-961f-b6e50010c60b',119,false),
  ('3bd6b7aa-58a1-42b1-b2b1-85c9039bda36','52182f4d-35ed-423d-8c3b-41d070fb4ed6',97,false),
  ('7e1ca4cd-e152-4100-8acc-c41288fe1b52','9ecdff88-788f-4c9f-95f7-3a1da983ef9b',107,true),
  ('7e1ca4cd-e152-4100-8acc-c41288fe1b52','1c826eb6-6442-4b30-8592-b618bb63084d',102,false),
  ('ee07c52d-878c-4da6-b17f-f6a409cda90e','e8128f4d-e9da-4b51-a168-a60a7935e112',3,true),
  ('09cf43fd-e29d-4c78-b9c5-42af9c230474','0a070fa4-8d48-45f6-97c9-4afed3ad48b5',42,false),
  ('df437436-8fcc-47da-b19f-02a525a8f695','d5a216ef-b8ce-475e-aacc-0fd937511b01',106,true),
  ('653515ee-372f-4074-a45b-4136f46952a9','897e8ff1-2b82-4a8d-8a7e-17172636e9a5',39,false),
  ('460675e5-0121-407b-803b-2e10117beb42','be4b1b51-af6b-451f-84e4-1b58fed41e96',132,false),
  ('e6f09199-f1b5-4709-9cef-cc33df416523','c432519a-afe9-4893-bf8d-78345120f991',65,true),
  ('70ff8fac-6f0b-4795-9705-ed664c55f040','9b296786-ea8f-4561-9172-6f0d13b7dab8',3,false),
  ('475561ea-de8e-4478-81d6-609724fca985','edbfc808-5df2-4741-bcde-8d3c03e32e58',120,false),
  ('8393081b-9ead-417e-b3f1-ad62ccfbd6db','b228e1a8-8150-46ba-a776-7fb101d90f57',43,false),
  ('7e1ca4cd-e152-4100-8acc-c41288fe1b52','ee4c88d5-2e97-4fb9-8d28-1d0e8196a97c',69,false),
  ('e71b73a3-44bf-434a-8a1d-bf2444e5fcf4','563eaa5b-fd71-40f4-b670-9df4c5649cc3',81,true),
  ('8546874d-dae3-487b-9876-953415a580c0','30809408-6e0a-4da6-a24a-9e397b41c8d3',53,false),
  ('1dcfb27d-fd67-4997-80b6-1c67f9139b29','c701989a-9e3c-45d6-9cff-bbc04a7bca59',101,false),
  ('eba4ab51-532c-4f5b-9fc8-9ad18da92702','3005e2c1-7f71-489e-a850-191af8a3893c',3,true),
  ('460675e5-0121-407b-803b-2e10117beb42','ee4b539e-6804-4b8c-b93a-18317b40da98',29,true),
  ('1dcfb27d-fd67-4997-80b6-1c67f9139b29','532b3514-8072-4ad3-ab4c-5cc1c20be1f4',34,false),
  ('7e1ca4cd-e152-4100-8acc-c41288fe1b52','6e64b117-c0a1-4886-8046-85eed41424e1',103,false),
  ('ee07c52d-878c-4da6-b17f-f6a409cda90e','d7c630f0-b01d-4d46-9e20-7b0305cc9046',23,true),
  ('8fd34ba9-5dc5-49fa-b12d-6a6f815e0982','b9fdf24d-09e7-447c-a2f1-7e7a42120eff',134,false),
  ('1633e38c-8de6-4de3-aa95-d5d7919f5fbb','1443042d-eee0-46f1-9b6a-54028b872f6b',107,false),
  ('e71b73a3-44bf-434a-8a1d-bf2444e5fcf4','6ecbd92d-e3a0-44d2-a6cb-87fb2130a28b',115,true),
  ('70ff8fac-6f0b-4795-9705-ed664c55f040','e3da24da-b559-473a-9738-45e8fb2b2da2',55,false),
  ('ee07c52d-878c-4da6-b17f-f6a409cda90e','09f0bd4e-d2a6-48f1-afa9-f8dc11f9cc01',24,true),
  ('e71b73a3-44bf-434a-8a1d-bf2444e5fcf4','1f8e7de5-52b1-42ca-b4df-cf1e468efb2d',5,true),
  ('33b9147a-36f5-4a54-b70e-80acc20a2ee7','418df147-cab4-4e35-96b8-788e87ac750f',97,true),
  ('70ff8fac-6f0b-4795-9705-ed664c55f040','a540da17-2b75-4c7a-bf01-4ea39764edb6',39,false),
  ('58c074ac-7d9e-483f-9a61-0e94f32dc59d','3af16e56-1817-4f2c-b898-b4848f1cc914',79,true),
  ('653515ee-372f-4074-a45b-4136f46952a9','8c3ff477-acc5-4f35-ba48-8e5963072f8d',49,true),
  ('7e1ca4cd-e152-4100-8acc-c41288fe1b52','65748972-42fc-4d2a-bf2b-9083655e45f5',25,false),
  ('8fd34ba9-5dc5-49fa-b12d-6a6f815e0982','fdd4ebd5-369a-4de6-8b33-551a3416da80',152,false),
  ('1dcfb27d-fd67-4997-80b6-1c67f9139b29','89115505-0304-4a5c-9af8-4ddea678159a',32,false),
  ('e81b7531-1b0d-46b7-9b79-463e03b01c3c','daad78ab-2df5-4e52-a64e-7f40caaf5e55',61,true),
  ('460675e5-0121-407b-803b-2e10117beb42','8bb9a5c2-5f8c-45b1-9c0f-1b3629e3c09b',195,true),
  ('542c402b-747c-4190-9239-627abdef9e02','24145fc4-12da-4f74-8115-323729efa897',0,true),
  ('e71b73a3-44bf-434a-8a1d-bf2444e5fcf4','d63a1ef1-86d8-48e4-a70e-6e6faa597316',84,true),
  ('6457117a-ce37-4f2a-a0bf-7f008b544ae3','2461cec9-0d4b-469f-b9fe-6bd32a0cd11e',44,true),
  ('58c074ac-7d9e-483f-9a61-0e94f32dc59d','b34f007a-59df-4f77-a70d-ff2240c9d003',141,false),
  ('475561ea-de8e-4478-81d6-609724fca985','93118ea7-223b-4949-97e1-5b060d5f8eb1',38,false),
  ('df437436-8fcc-47da-b19f-02a525a8f695','ddf53fc5-6c0c-498d-8f83-25819d31a366',172,true),
  ('52e2d29c-f30f-4031-86e6-1771ea51f376','8785fcf8-7002-4f64-8f1e-3d318e4b646e',78,true),
  ('e71b73a3-44bf-434a-8a1d-bf2444e5fcf4','2bd7719c-2fd4-4263-ae89-911977faeefd',114,true),
  ('68769c6a-259f-4b09-bd34-25e19d72f62a','09f0bd4e-d2a6-48f1-afa9-f8dc11f9cc01',13,true),
  ('460675e5-0121-407b-803b-2e10117beb42','3e0887e2-4cd3-4511-8508-20b3227d9d47',20,true),
  ('475561ea-de8e-4478-81d6-609724fca985','de7d0c8e-72d6-49ba-aee9-a8b242feab94',122,true),
  ('8fd34ba9-5dc5-49fa-b12d-6a6f815e0982','7c6efe88-cbec-4f8d-9e56-0ea42b8d5e6a',136,false),
  ('8393081b-9ead-417e-b3f1-ad62ccfbd6db','154a095e-a784-4bbf-8109-af8d1a1a258b',88,false),
  ('e6f09199-f1b5-4709-9cef-cc33df416523','18d31a33-1db1-42f8-9e67-cac8019b165a',44,true),
  ('df437436-8fcc-47da-b19f-02a525a8f695','843df513-9718-4a53-a7a3-8c587cc9e17a',48,true),
  ('52e2d29c-f30f-4031-86e6-1771ea51f376','e402fd5a-c394-488a-b1ee-63a9b9f3ee25',35,true),
  ('460675e5-0121-407b-803b-2e10117beb42','4b08ec72-5bc6-4d26-a44a-ab5e179b10c3',10,true),
  ('6457117a-ce37-4f2a-a0bf-7f008b544ae3','89115505-0304-4a5c-9af8-4ddea678159a',88,true),
  ('8fd34ba9-5dc5-49fa-b12d-6a6f815e0982','7b2ec403-1bad-4790-847c-f7f11dd96e5c',142,false),
  ('df437436-8fcc-47da-b19f-02a525a8f695','4515f49d-5e3b-4ac1-9fc5-88ce72cce840',12,true),
  ('58c074ac-7d9e-483f-9a61-0e94f32dc59d','13d05d2f-50f1-4936-b9db-f3d665f7840f',95,true),
  ('ee07c52d-878c-4da6-b17f-f6a409cda90e','dbe349b4-bc4f-43d8-a9d5-751863bd7d35',110,true),
  ('70ff8fac-6f0b-4795-9705-ed664c55f040','9567524f-9500-4945-a014-e092204cad64',144,false),
  ('8546874d-dae3-487b-9876-953415a580c0','9d0c9358-e050-4ea8-97ca-715b16da109a',78,false),
  ('58c074ac-7d9e-483f-9a61-0e94f32dc59d','f6b33a5d-59b1-45ca-951a-fb7b81307c9e',72,true),
  ('7e1ca4cd-e152-4100-8acc-c41288fe1b52','320f5709-2223-47d7-b729-021e36d39836',73,false),
  ('70ff8fac-6f0b-4795-9705-ed664c55f040','8ce432bb-0be4-435e-9d9c-a0b27937a7c3',2,false),
  ('1dcfb27d-fd67-4997-80b6-1c67f9139b29','1c826eb6-6442-4b30-8592-b618bb63084d',102,false),
  ('7c683a01-b165-4d05-baab-d36f93a3f32f','ce6d5c8e-4249-4760-ba11-b47a5223a749',52,true),
  ('3bd6b7aa-58a1-42b1-b2b1-85c9039bda36','5ac0b251-b2a8-4808-9a1b-95f213af8a57',100,false),
  ('1dcfb27d-fd67-4997-80b6-1c67f9139b29','81fc8fee-ef9e-4442-870f-424f5df24301',67,false),
  ('542c402b-747c-4190-9239-627abdef9e02','a6ed7b89-558a-48ef-81ae-92c217fa0402',64,true),
  ('33b9147a-36f5-4a54-b70e-80acc20a2ee7','1c826eb6-6442-4b30-8592-b618bb63084d',22,true),
  ('33b9147a-36f5-4a54-b70e-80acc20a2ee7','87ab2239-aabc-4212-bfe5-90bfc12757db',11,true),
  ('7e1ca4cd-e152-4100-8acc-c41288fe1b52','ae9a2315-b73d-44a2-a309-611a7214289b',110,true),
  ('df437436-8fcc-47da-b19f-02a525a8f695','96249cbc-0b54-472f-9e3d-34e96f7fb530',199,true),
  ('542c402b-747c-4190-9239-627abdef9e02','a0d89b77-8930-47ce-b51a-dfb990254e6e',42,true),
  ('460675e5-0121-407b-803b-2e10117beb42','c1977bf5-0040-41da-a361-f7430bebdfad',25,true),
  ('6457117a-ce37-4f2a-a0bf-7f008b544ae3','c49087db-71f8-4cd2-8e86-626fddc5d1f4',62,true),
  ('68769c6a-259f-4b09-bd34-25e19d72f62a','513f646e-7755-46c7-a709-39aaeb2f53df',85,false),
  ('542c402b-747c-4190-9239-627abdef9e02','251b00d7-eeea-4a23-b9ac-495b8b3ae16d',5,true),
  ('1633e38c-8de6-4de3-aa95-d5d7919f5fbb','a859c848-43cc-4ea7-8f53-f2b43f68d466',123,false),
  ('68769c6a-259f-4b09-bd34-25e19d72f62a','c5cac2de-e425-400d-ab48-08cc8fd37f2b',54,true),
  ('8546874d-dae3-487b-9876-953415a580c0','50aa1f35-3174-49e7-a6fa-df68d9e89a3a',127,false),
  ('542c402b-747c-4190-9239-627abdef9e02','d300e764-9583-4b59-97b8-c0698978f080',39,true),
  ('542c402b-747c-4190-9239-627abdef9e02','74b2c7ce-c3fd-4138-9444-ee07e4daedd5',59,true),
  ('542c402b-747c-4190-9239-627abdef9e02','99393463-bffe-470a-961f-b6e50010c60b',7,true),
  ('58c074ac-7d9e-483f-9a61-0e94f32dc59d','ca29f6de-a53f-4bfa-84cb-d2ea5c2b538a',137,false),
  ('e6f09199-f1b5-4709-9cef-cc33df416523','cd30c2aa-022f-4227-b6b2-94954ea18476',101,false),
  ('7c683a01-b165-4d05-baab-d36f93a3f32f','cebf291c-9a6b-4655-a23f-26776ccdb7a9',57,true),
  ('70ff8fac-6f0b-4795-9705-ed664c55f040','9896881a-d3bb-4e87-bb1b-5c71a7dc64a5',73,false),
  ('df437436-8fcc-47da-b19f-02a525a8f695','960a5f4e-e4f6-4ea2-a68f-b4da42961861',57,true),
  ('8546874d-dae3-487b-9876-953415a580c0','65748972-42fc-4d2a-bf2b-9083655e45f5',25,false),
  ('8393081b-9ead-417e-b3f1-ad62ccfbd6db','81283717-50d5-4321-bb67-630a30442558',90,false),
  ('e6f09199-f1b5-4709-9cef-cc33df416523','df1f69e5-7b94-4e25-aa87-a37c21455649',16,false),
  ('8393081b-9ead-417e-b3f1-ad62ccfbd6db','c6e5746e-f431-4aa3-953e-5c3566504c36',68,false),
  ('8393081b-9ead-417e-b3f1-ad62ccfbd6db','b8605f3c-b6a8-4fa9-aa2d-09e734fe0a76',65,false),
  ('33b9147a-36f5-4a54-b70e-80acc20a2ee7','a9135ade-3d91-4807-b1af-ea9e38fd48bc',104,true),
  ('1633e38c-8de6-4de3-aa95-d5d7919f5fbb','e79d17b3-6d48-404d-81b5-6f133971a65e',26,false),
  ('1633e38c-8de6-4de3-aa95-d5d7919f5fbb','0a393dc4-cb63-4ebd-b638-8c4477bba93c',31,false),
  ('58c074ac-7d9e-483f-9a61-0e94f32dc59d','e79d17b3-6d48-404d-81b5-6f133971a65e',26,false),
  ('8fd34ba9-5dc5-49fa-b12d-6a6f815e0982','c90437b0-913b-46d7-8434-1486a83afaf1',138,false),
  ('653515ee-372f-4074-a45b-4136f46952a9','d300e764-9583-4b59-97b8-c0698978f080',85,false),
  ('7e1ca4cd-e152-4100-8acc-c41288fe1b52','532b3514-8072-4ad3-ab4c-5cc1c20be1f4',34,false),
  ('e81b7531-1b0d-46b7-9b79-463e03b01c3c','bfbe0db7-a8f6-4b04-8810-a945e9e6ad8d',96,true),
  ('1633e38c-8de6-4de3-aa95-d5d7919f5fbb','38d3a351-9b9b-461e-bbeb-2f2d436e1067',184,false),
  ('8fd34ba9-5dc5-49fa-b12d-6a6f815e0982','e79d17b3-6d48-404d-81b5-6f133971a65e',26,false),
  ('70ff8fac-6f0b-4795-9705-ed664c55f040','44383ef8-8f53-4f56-b120-8529f6040f11',32,false),
  ('1633e38c-8de6-4de3-aa95-d5d7919f5fbb','4e1a7415-58f3-475e-a9fe-4fcf83667f24',162,false),
  ('7c683a01-b165-4d05-baab-d36f93a3f32f','d004f92c-cf61-4e97-aeae-20fa0c836aa8',70,true),
  ('3bd6b7aa-58a1-42b1-b2b1-85c9039bda36','d300e764-9583-4b59-97b8-c0698978f080',85,false),
  ('58c074ac-7d9e-483f-9a61-0e94f32dc59d','15973b6a-7e0c-4100-baec-949fc24a4882',154,false),
  ('7c683a01-b165-4d05-baab-d36f93a3f32f','6834d576-7589-446b-9c31-bbbbcb981d71',28,true),
  ('e81b7531-1b0d-46b7-9b79-463e03b01c3c','46fe2a76-f1b4-4de0-8d49-3509fd8e455a',32,true),
  ('33b9147a-36f5-4a54-b70e-80acc20a2ee7','7938211f-9a18-4d26-8060-021d6f504d28',19,false),
  ('70ff8fac-6f0b-4795-9705-ed664c55f040','27974af2-6f5a-4f98-8f95-edc7cd561601',10,false),
  ('1633e38c-8de6-4de3-aa95-d5d7919f5fbb','ca907fd4-2306-4985-8095-1f2bf369b885',126,false),
  ('8fd34ba9-5dc5-49fa-b12d-6a6f815e0982','38d3a351-9b9b-461e-bbeb-2f2d436e1067',184,false),
  ('653515ee-372f-4074-a45b-4136f46952a9','bdb3e9e4-4e66-428e-b517-bd0fef6063e8',71,false),
  ('df437436-8fcc-47da-b19f-02a525a8f695','483e3c2b-e399-4051-861a-ce410a9c34d3',70,true),
  ('70ff8fac-6f0b-4795-9705-ed664c55f040','dadb430c-b87d-4773-b5b1-c38fbbddf033',5,false),
  ('3bd6b7aa-58a1-42b1-b2b1-85c9039bda36','a4f5adff-c117-4f10-a596-c6dedbf52caa',22,false),
  ('460675e5-0121-407b-803b-2e10117beb42','ad9ed62d-577e-4d1a-8380-aaf1d290f78d',98,true),
  ('ee07c52d-878c-4da6-b17f-f6a409cda90e','52182f4d-35ed-423d-8c3b-41d070fb4ed6',38,true),
  ('460675e5-0121-407b-803b-2e10117beb42','ddf53fc5-6c0c-498d-8f83-25819d31a366',172,true),
  ('df437436-8fcc-47da-b19f-02a525a8f695','13e67563-701c-4113-8b5c-034a8b6e65e6',188,true),
  ('8546874d-dae3-487b-9876-953415a580c0','0c14cc7d-b8ec-4cba-9f04-7b79a927aa6f',10,false),
  ('58c074ac-7d9e-483f-9a61-0e94f32dc59d','123e943b-22fa-4cf3-87ac-15d6c4f0c370',196,false),
  ('df437436-8fcc-47da-b19f-02a525a8f695','fdecdcd6-0761-4959-8fd5-797828d4029a',51,true),
  ('09cf43fd-e29d-4c78-b9c5-42af9c230474','cffc080b-9d51-4aaf-b013-07057b08c002',118,true),
  ('58c074ac-7d9e-483f-9a61-0e94f32dc59d','c73dd0e9-3222-40f9-ab05-2bdf4497e174',148,false),
  ('09cf43fd-e29d-4c78-b9c5-42af9c230474','95b4cf17-fa4b-4981-a494-11490c8ca8ed',58,true),
  ('8546874d-dae3-487b-9876-953415a580c0','eef258eb-d51d-4888-b935-0568b6c2cd74',72,false),
  ('33b9147a-36f5-4a54-b70e-80acc20a2ee7','c5cac2de-e425-400d-ab48-08cc8fd37f2b',54,true),
  ('7c683a01-b165-4d05-baab-d36f93a3f32f','08eb5ba5-53d9-4130-bb32-ad1a164945a0',36,true),
  ('460675e5-0121-407b-803b-2e10117beb42','3b36efab-841b-4e8f-b73a-886dbaeb98c2',49,true),
  ('e71b73a3-44bf-434a-8a1d-bf2444e5fcf4','b78f172a-44f9-47e6-8650-f560d8e325ca',45,true),
  ('eba4ab51-532c-4f5b-9fc8-9ad18da92702','d13ab5c3-8ea5-449f-bee4-cedd2af9811b',26,true),
  ('d75a3e8f-2bdd-4fde-aea4-c3f52436d9e6','320f5709-2223-47d7-b729-021e36d39836',73,false),
  ('58c074ac-7d9e-483f-9a61-0e94f32dc59d','24eed9b7-9577-4fec-b1c6-5c118de78222',165,false),
  ('68769c6a-259f-4b09-bd34-25e19d72f62a','251b00d7-eeea-4a23-b9ac-495b8b3ae16d',5,true),
  ('e6f09199-f1b5-4709-9cef-cc33df416523','affef495-1fb9-4363-8af8-969dc116c5a4',91,false),
  ('58c074ac-7d9e-483f-9a61-0e94f32dc59d','b5e43f46-9a30-4b3f-844c-846a4cac115f',88,true),
  ('7c683a01-b165-4d05-baab-d36f93a3f32f','ad9ed62d-577e-4d1a-8380-aaf1d290f78d',87,true),
  ('3bd6b7aa-58a1-42b1-b2b1-85c9039bda36','eef258eb-d51d-4888-b935-0568b6c2cd74',72,false),
  ('1633e38c-8de6-4de3-aa95-d5d7919f5fbb','cc2f0e90-73bd-4e5f-95e3-bc447618eab8',145,false),
  ('70ff8fac-6f0b-4795-9705-ed664c55f040','0589d55d-4977-4783-8133-5907d1e47ab2',95,false),
  ('68769c6a-259f-4b09-bd34-25e19d72f62a','a4f5adff-c117-4f10-a596-c6dedbf52caa',98,true),
  ('8393081b-9ead-417e-b3f1-ad62ccfbd6db','358b7d92-a9e5-45b6-ae50-33bcc4290f34',98,true),
  ('e81b7531-1b0d-46b7-9b79-463e03b01c3c','78a64543-0327-4faf-af2a-faad4c08ccda',2,false),
  ('8393081b-9ead-417e-b3f1-ad62ccfbd6db','7e991c16-e50a-4bb1-bbb9-a67305b87d11',51,false),
  ('7c683a01-b165-4d05-baab-d36f93a3f32f','e01ec877-7ef1-4833-86a9-9e612dd99fdf',156,true),
  ('68769c6a-259f-4b09-bd34-25e19d72f62a','0a070fa4-8d48-45f6-97c9-4afed3ad48b5',31,false),
  ('52e2d29c-f30f-4031-86e6-1771ea51f376','2b5894a7-dff6-4b75-bde2-8eedcc3eec71',91,true),
  ('8fd34ba9-5dc5-49fa-b12d-6a6f815e0982','c820976f-8735-432a-838a-ac59b0496455',67,true),
  ('e71b73a3-44bf-434a-8a1d-bf2444e5fcf4','6902aa2f-44ac-4221-ac95-0abc12a8ed08',140,false),
  ('8546874d-dae3-487b-9876-953415a580c0','72920514-d612-4ae1-b12f-1d9bd8a8c4b8',30,false),
  ('e6f09199-f1b5-4709-9cef-cc33df416523','8c19931d-6fdb-426b-9917-e17bc0af7c9a',38,true),
  ('3bd6b7aa-58a1-42b1-b2b1-85c9039bda36','794afe47-daf6-4d0e-bf52-2b21d35f13ad',37,false),
  ('8fd34ba9-5dc5-49fa-b12d-6a6f815e0982','7f7b40c0-b274-4793-bec3-6a31ec821c75',58,true),
  ('e71b73a3-44bf-434a-8a1d-bf2444e5fcf4','e9ff6dca-ea5a-4707-98bc-0441fe97cafd',60,true),
  ('460675e5-0121-407b-803b-2e10117beb42','3aaf88f3-d16a-4a78-8739-5d1ab051d33c',87,true),
  ('8393081b-9ead-417e-b3f1-ad62ccfbd6db','d388c1fe-508a-43dd-aaa0-43184c69ca44',58,false),
  ('1dcfb27d-fd67-4997-80b6-1c67f9139b29','a9ffeae3-cfdd-4711-a722-3c735db8746a',77,false),
  ('df437436-8fcc-47da-b19f-02a525a8f695','8e2396dd-dbc6-4325-ae12-83fc08c58934',186,true),
  ('1633e38c-8de6-4de3-aa95-d5d7919f5fbb','48004e80-a27a-4d12-a840-82063b009ab3',122,false),
  ('52e2d29c-f30f-4031-86e6-1771ea51f376','206db8fa-4a46-42d0-ba7c-343dcf1cd424',83,true),
  ('8fd34ba9-5dc5-49fa-b12d-6a6f815e0982','4aa33db0-c38f-4951-b0a5-2f3d67455b6a',189,true),
  ('8fd34ba9-5dc5-49fa-b12d-6a6f815e0982','0d9f3607-8c72-41f6-93d9-57470c8bf827',108,false),
  ('68769c6a-259f-4b09-bd34-25e19d72f62a','99393463-bffe-470a-961f-b6e50010c60b',7,true),
  ('460675e5-0121-407b-803b-2e10117beb42','0134241e-63d6-4553-9e18-bed5294b7415',118,false),
  ('475561ea-de8e-4478-81d6-609724fca985','3af32413-f8da-4404-be9d-e00422c473cb',105,true),
  ('58c074ac-7d9e-483f-9a61-0e94f32dc59d','e03ee6de-cef3-4b9e-8735-8d865bfd2364',127,false),
  ('460675e5-0121-407b-803b-2e10117beb42','be8f9397-a59b-4089-ace0-d27474da5022',50,true),
  ('7c683a01-b165-4d05-baab-d36f93a3f32f','f63a0dad-8dde-4201-a1af-ac4e605a3022',131,true),
  ('eba4ab51-532c-4f5b-9fc8-9ad18da92702','59def5b3-e746-47ba-8967-916bc45c8ac7',16,true),
  ('7e1ca4cd-e152-4100-8acc-c41288fe1b52','8962833b-dd4d-461a-8e7f-52d4e87675a5',3,false),
  ('df437436-8fcc-47da-b19f-02a525a8f695','7facaf3f-71f2-4ecf-afcc-8183fa7a3552',143,false),
  ('460675e5-0121-407b-803b-2e10117beb42','d5a216ef-b8ce-475e-aacc-0fd937511b01',106,true),
  ('460675e5-0121-407b-803b-2e10117beb42','9439a59b-4d08-4cb2-8299-58bca450b42b',90,true),
  ('460675e5-0121-407b-803b-2e10117beb42','173c9ea1-4bd0-47f8-8b00-dfec85a8e554',69,true),
  ('3bd6b7aa-58a1-42b1-b2b1-85c9039bda36','1c826eb6-6442-4b30-8592-b618bb63084d',102,false),
  ('3bd6b7aa-58a1-42b1-b2b1-85c9039bda36','51df5516-1155-4d34-82d3-1407e195df67',36,false),
  ('33b9147a-36f5-4a54-b70e-80acc20a2ee7','1de53f96-aed0-40d7-bf1d-815c2aa9798d',17,false),
  ('8393081b-9ead-417e-b3f1-ad62ccfbd6db','1924cbdc-0f1d-49d2-ba1b-d2e81350c134',63,false),
  ('1dcfb27d-fd67-4997-80b6-1c67f9139b29','dd4c97ff-c99d-4b26-b64e-e1be5a8b5173',108,true),
  ('1633e38c-8de6-4de3-aa95-d5d7919f5fbb','c6b79623-df67-407a-bc18-5342ee5262da',8,false),
  ('1dcfb27d-fd67-4997-80b6-1c67f9139b29','3b26f099-765a-4ec8-a02a-2bb3c3f4c1f1',90,false),
  ('d75a3e8f-2bdd-4fde-aea4-c3f52436d9e6','c768882f-efdb-402e-8589-a1bbdb238330',118,false),
  ('58c074ac-7d9e-483f-9a61-0e94f32dc59d','c5fd2d3d-0fba-4d92-8e25-74dcffe4c218',110,true),
  ('09cf43fd-e29d-4c78-b9c5-42af9c230474','3b26f099-765a-4ec8-a02a-2bb3c3f4c1f1',45,true),
  ('09cf43fd-e29d-4c78-b9c5-42af9c230474','f4742294-0cec-41e6-9cd8-76ff3d1c6c02',120,true),
  ('475561ea-de8e-4478-81d6-609724fca985','1c826eb6-6442-4b30-8592-b618bb63084d',102,false),
  ('460675e5-0121-407b-803b-2e10117beb42','657fa69d-3bed-43a4-b2f8-5afcddc3ed98',148,false),
  ('1dcfb27d-fd67-4997-80b6-1c67f9139b29','4731d304-e894-4032-946a-c83a677b3cbe',33,true),
  ('68769c6a-259f-4b09-bd34-25e19d72f62a','75b8b228-89cf-4eb3-a863-55fa666fc8b7',40,true),
  ('df437436-8fcc-47da-b19f-02a525a8f695','b2c963c4-5161-429a-b73a-fe90b3463cb9',78,true),
  ('1633e38c-8de6-4de3-aa95-d5d7919f5fbb','9c9036f9-e7f8-402c-af91-877106786ac7',116,false),
  ('1dcfb27d-fd67-4997-80b6-1c67f9139b29','edbfc808-5df2-4741-bcde-8d3c03e32e58',120,false),
  ('3bd6b7aa-58a1-42b1-b2b1-85c9039bda36','b5ba133a-e2c2-487e-92ea-a76b4bb8effa',111,true),
  ('8fd34ba9-5dc5-49fa-b12d-6a6f815e0982','d75d50ea-06a1-41ed-9827-1097ab3554b6',40,false),
  ('8546874d-dae3-487b-9876-953415a580c0','b68d2cce-6b01-4f23-b50a-a3869c63da75',20,false),
  ('7e1ca4cd-e152-4100-8acc-c41288fe1b52','3baaf2fc-1505-42f5-a0db-2f1598438f87',86,false),
  ('8546874d-dae3-487b-9876-953415a580c0','6574d343-22b3-4af5-b9c0-3a96de3e0f23',124,false),
  ('33b9147a-36f5-4a54-b70e-80acc20a2ee7','c1f87ed5-abb9-4903-8234-520e504109c5',29,false),
  ('d75a3e8f-2bdd-4fde-aea4-c3f52436d9e6','f0b5a8e4-5460-4417-b058-719c6d6836e3',136,true),
  ('e71b73a3-44bf-434a-8a1d-bf2444e5fcf4','cbc1948c-fca3-43ee-8b9d-32ea79c767ef',76,true),
  ('542c402b-747c-4190-9239-627abdef9e02','37e50a32-673c-49e9-9824-e3e7c978bdfd',74,true),
  ('8fd34ba9-5dc5-49fa-b12d-6a6f815e0982','bd25c728-cc3c-46da-bd19-25a95226e614',129,false),
  ('8546874d-dae3-487b-9876-953415a580c0','9f834a93-b8cc-46c3-af2b-16e2581709f4',43,false),
  ('e6f09199-f1b5-4709-9cef-cc33df416523','94989385-e4c1-4082-a8a6-b985c38b7ace',24,true),
  ('e6f09199-f1b5-4709-9cef-cc33df416523','552dfaf1-a43d-404f-a288-d347ae3e15d8',22,false),
  ('1633e38c-8de6-4de3-aa95-d5d7919f5fbb','f0d8abc5-e4ff-4334-ae5b-61d4aefdd1f9',180,false),
  ('460675e5-0121-407b-803b-2e10117beb42','ff153154-91f5-4de1-84bb-7c189502bb76',171,true),
  ('7c683a01-b165-4d05-baab-d36f93a3f32f','d954bd65-3418-4749-8a4d-3d5e3e6ee633',144,true),
  ('68769c6a-259f-4b09-bd34-25e19d72f62a','590c490e-48b2-4e64-81e0-ea8b99a5b1eb',57,true),
  ('8546874d-dae3-487b-9876-953415a580c0','4ac47d53-e83a-4f56-9759-94fa42c37d18',45,false),
  ('1dcfb27d-fd67-4997-80b6-1c67f9139b29','d300e764-9583-4b59-97b8-c0698978f080',85,false),
  ('68769c6a-259f-4b09-bd34-25e19d72f62a','3ec9d618-b827-483d-8301-ae599e51a94f',52,true),
  ('33b9147a-36f5-4a54-b70e-80acc20a2ee7','ed73a909-5814-4480-b944-5392e9741390',117,true),
  ('ee07c52d-878c-4da6-b17f-f6a409cda90e','7210ea1b-d8af-4be6-a172-bb7034a2f0df',117,true),
  ('6457117a-ce37-4f2a-a0bf-7f008b544ae3','99393463-bffe-470a-961f-b6e50010c60b',7,true),
  ('8546874d-dae3-487b-9876-953415a580c0','f128cce0-8d1a-4b9f-a25b-7efb92e5a270',94,true),
  ('7c683a01-b165-4d05-baab-d36f93a3f32f','f1c20764-78a6-4289-be7f-fb8861fc16f5',29,true),
  ('d75a3e8f-2bdd-4fde-aea4-c3f52436d9e6','f8deb8d1-1fcf-421e-b309-41109b43f862',24,false),
  ('460675e5-0121-407b-803b-2e10117beb42','69f7690b-f1a5-457e-8b4e-343eaee0e8f3',27,true),
  ('7c683a01-b165-4d05-baab-d36f93a3f32f','3c70bb63-7dbf-4aa6-96fe-47eaf5ca5910',109,false),
  ('8fd34ba9-5dc5-49fa-b12d-6a6f815e0982','47b95ef4-04fe-44e5-b80b-5da757a4a654',4,true),
  ('542c402b-747c-4190-9239-627abdef9e02','24145fc4-12da-4f74-8115-323729efa897',1,false),
  ('7c683a01-b165-4d05-baab-d36f93a3f32f','8a5aaa9e-9d14-4d9a-8123-efdbf99086a8',176,true),
  ('d75a3e8f-2bdd-4fde-aea4-c3f52436d9e6','cd827bd3-b41c-4599-a38c-708931d2695b',128,true),
  ('542c402b-747c-4190-9239-627abdef9e02','f5f4ee8a-28d6-40ad-868e-dc7679579c54',43,true),
  ('7e1ca4cd-e152-4100-8acc-c41288fe1b52','418df147-cab4-4e35-96b8-788e87ac750f',23,false),
  ('52e2d29c-f30f-4031-86e6-1771ea51f376','80d885a3-6bee-40d4-a838-61d36facee26',81,true),
  ('58c074ac-7d9e-483f-9a61-0e94f32dc59d','81d81066-725d-4614-9701-de800322ab08',157,false),
  ('33b9147a-36f5-4a54-b70e-80acc20a2ee7','e6e676ed-51f4-4530-a420-3d65bcb97540',61,true),
  ('ee07c52d-878c-4da6-b17f-f6a409cda90e','9f2d5a20-1680-433c-9d19-ade1d9de5618',76,true),
  ('58c074ac-7d9e-483f-9a61-0e94f32dc59d','abb2fdb3-99bb-457b-984f-c2616117bdf1',125,false),
  ('8546874d-dae3-487b-9876-953415a580c0','dd4c97ff-c99d-4b26-b64e-e1be5a8b5173',108,true),
  ('09cf43fd-e29d-4c78-b9c5-42af9c230474','880a8433-0cd0-4148-9e8a-bbcd13530f89',56,true),
  ('ee07c52d-878c-4da6-b17f-f6a409cda90e','37e50a32-673c-49e9-9824-e3e7c978bdfd',85,true),
  ('e6f09199-f1b5-4709-9cef-cc33df416523','ebd177b9-70b0-46cb-9ee9-b35c80c9f94b',100,false),
  ('eba4ab51-532c-4f5b-9fc8-9ad18da92702','dbf91025-4731-49aa-8304-58f0a9219cd3',69,false),
  ('e6f09199-f1b5-4709-9cef-cc33df416523','a36f0ae0-bdb8-46ae-b1ad-5ac153840e58',99,false),
  ('d75a3e8f-2bdd-4fde-aea4-c3f52436d9e6','a33eb8d1-47a8-47de-b975-668fb2fc113f',46,false),
  ('1633e38c-8de6-4de3-aa95-d5d7919f5fbb','597c75bd-146a-4732-9d3e-d3b5ddcba9e4',35,false),
  ('e71b73a3-44bf-434a-8a1d-bf2444e5fcf4','44383ef8-8f53-4f56-b120-8529f6040f11',127,true),
  ('653515ee-372f-4074-a45b-4136f46952a9','c1f87ed5-abb9-4903-8234-520e504109c5',95,true),
  ('d75a3e8f-2bdd-4fde-aea4-c3f52436d9e6','70996c1a-8743-4e1a-abf1-0c78a423e9b2',44,false),
  ('ee07c52d-878c-4da6-b17f-f6a409cda90e','de03e877-cd80-491a-bc52-780993356d6d',105,true),
  ('1633e38c-8de6-4de3-aa95-d5d7919f5fbb','0143beca-baa5-4d28-abd0-b6bdd7ae8fdb',25,false),
  ('8546874d-dae3-487b-9876-953415a580c0','a4f5adff-c117-4f10-a596-c6dedbf52caa',22,false),
  ('58c074ac-7d9e-483f-9a61-0e94f32dc59d','8e2396dd-dbc6-4325-ae12-83fc08c58934',15,false),
  ('eba4ab51-532c-4f5b-9fc8-9ad18da92702','d39de556-82a1-4777-9215-a5622b813177',76,true),
  ('3bd6b7aa-58a1-42b1-b2b1-85c9039bda36','87ab2239-aabc-4212-bfe5-90bfc12757db',115,false),
  ('1633e38c-8de6-4de3-aa95-d5d7919f5fbb','123e943b-22fa-4cf3-87ac-15d6c4f0c370',196,false),
  ('df437436-8fcc-47da-b19f-02a525a8f695','883e37b1-65ca-4525-a501-d995422ccc4f',130,false),
  ('8393081b-9ead-417e-b3f1-ad62ccfbd6db','d9732095-2ba1-4be0-9565-84ae67c2e4c7',19,true),
  ('3bd6b7aa-58a1-42b1-b2b1-85c9039bda36','4c1ff6bf-59b1-44e0-b423-704ee9d658e6',55,false),
  ('653515ee-372f-4074-a45b-4136f46952a9','3b26f099-765a-4ec8-a02a-2bb3c3f4c1f1',90,false),
  ('d75a3e8f-2bdd-4fde-aea4-c3f52436d9e6','fd7c9a21-a50f-4ef9-8fbe-c64b12757f63',91,false),
  ('475561ea-de8e-4478-81d6-609724fca985','4010a149-feb0-469b-b0e1-4853f90a4091',109,true),
  ('58c074ac-7d9e-483f-9a61-0e94f32dc59d','bd25c728-cc3c-46da-bd19-25a95226e614',129,false),
  ('7e1ca4cd-e152-4100-8acc-c41288fe1b52','0a070fa4-8d48-45f6-97c9-4afed3ad48b5',93,true),
  ('542c402b-747c-4190-9239-627abdef9e02','532b3514-8072-4ad3-ab4c-5cc1c20be1f4',86,true),
  ('e6f09199-f1b5-4709-9cef-cc33df416523','025e0a9c-4dfc-42de-880e-31b32b7a9200',59,true),
  ('460675e5-0121-407b-803b-2e10117beb42','9e6370ae-7ca7-4b53-970b-3d5b0885fb99',112,false),
  ('e81b7531-1b0d-46b7-9b79-463e03b01c3c','70df3eca-fec5-4e8b-b569-5c7d03271604',86,false),
  ('6457117a-ce37-4f2a-a0bf-7f008b544ae3','bd4ad40d-a482-44b2-a876-68f0d03622db',26,true),
  ('33b9147a-36f5-4a54-b70e-80acc20a2ee7','2b5894a7-dff6-4b75-bde2-8eedcc3eec71',91,true),
  ('d75a3e8f-2bdd-4fde-aea4-c3f52436d9e6','545b008c-9f1f-4437-96d0-c9159d4e90d2',15,false),
  ('460675e5-0121-407b-803b-2e10117beb42','79b8ef93-376e-47ab-ad05-97f28cf436a2',54,true),
  ('7c683a01-b165-4d05-baab-d36f93a3f32f','cf720232-a4bf-4a99-9e5e-f9b56c8e4c06',145,true),
  ('70ff8fac-6f0b-4795-9705-ed664c55f040','b905c235-385f-455a-a39b-a8cde24c2bbe',22,false),
  ('68769c6a-259f-4b09-bd34-25e19d72f62a','05c022e1-cab6-4483-aa28-80e072aa4fa9',48,true),
  ('1633e38c-8de6-4de3-aa95-d5d7919f5fbb','68ba7872-46c6-4552-bdbd-b09710883765',113,false),
  ('7c683a01-b165-4d05-baab-d36f93a3f32f','bcac9dba-6f36-432b-bead-60eea7c67edd',19,true),
  ('8fd34ba9-5dc5-49fa-b12d-6a6f815e0982','9a885301-9e46-4e85-9594-88617b4a1ff2',81,true),
  ('e81b7531-1b0d-46b7-9b79-463e03b01c3c','ab4cad5c-17f4-43bd-82e9-e7557ce5553b',65,true),
  ('eba4ab51-532c-4f5b-9fc8-9ad18da92702','1c5ff357-1c86-41fb-bc22-0ef6c880cf14',71,false),
  ('1633e38c-8de6-4de3-aa95-d5d7919f5fbb','9bc8a44d-42d1-415b-9392-5f5d70da1f76',48,true),
  ('df437436-8fcc-47da-b19f-02a525a8f695','c3c1aae1-4ae1-4b60-9f7c-f314ee51c1c8',121,false),
  ('d75a3e8f-2bdd-4fde-aea4-c3f52436d9e6','8962833b-dd4d-461a-8e7f-52d4e87675a5',3,false),
  ('1633e38c-8de6-4de3-aa95-d5d7919f5fbb','4b509d58-4a0a-4344-aca6-47a439aa52c4',159,false),
  ('475561ea-de8e-4478-81d6-609724fca985','30809408-6e0a-4da6-a24a-9e397b41c8d3',53,false),
  ('1633e38c-8de6-4de3-aa95-d5d7919f5fbb','c2e9c852-aa25-4208-9870-fd187ec4983b',111,false),
  ('58c074ac-7d9e-483f-9a61-0e94f32dc59d','d452b3e8-39f8-4319-8e80-46826dc8d4ae',168,false),
  ('460675e5-0121-407b-803b-2e10117beb42','c02932d1-c4de-4145-b375-8aa26967e017',169,true),
  ('8546874d-dae3-487b-9876-953415a580c0','81e7f861-09b5-43f8-b49b-3ecf5575511b',64,false),
  ('df437436-8fcc-47da-b19f-02a525a8f695','bd823fc5-02cc-404f-b683-182ceea9d4d6',28,true),
  ('e71b73a3-44bf-434a-8a1d-bf2444e5fcf4','9c244e5c-fbfb-4668-b554-22b760971221',32,true),
  ('8fd34ba9-5dc5-49fa-b12d-6a6f815e0982','52182f4d-35ed-423d-8c3b-41d070fb4ed6',190,false),
  ('33b9147a-36f5-4a54-b70e-80acc20a2ee7','4731d304-e894-4032-946a-c83a677b3cbe',87,false),
  ('8fd34ba9-5dc5-49fa-b12d-6a6f815e0982','eeadc881-5b70-4ce6-9770-7198c567cbea',170,false),
  ('7c683a01-b165-4d05-baab-d36f93a3f32f','0f9356e0-c3a2-42a3-b709-1d635a9a0a7d',50,true),
  ('7c683a01-b165-4d05-baab-d36f93a3f32f','3fdc3d32-227b-474d-a659-8ed8c6abce06',11,true),
  ('58c074ac-7d9e-483f-9a61-0e94f32dc59d','9a885301-9e46-4e85-9594-88617b4a1ff2',81,true),
  ('e6f09199-f1b5-4709-9cef-cc33df416523','2d545907-3b68-4f3e-8e11-154d009a897c',71,false),
  ('8fd34ba9-5dc5-49fa-b12d-6a6f815e0982','241beb39-2ef6-462c-a558-15c60a64e2d0',119,false),
  ('70ff8fac-6f0b-4795-9705-ed664c55f040','758c75b9-6b4b-41f2-8f8d-41ecf9208c81',50,true),
  ('68769c6a-259f-4b09-bd34-25e19d72f62a','d7c630f0-b01d-4d46-9e20-7b0305cc9046',12,true),
  ('653515ee-372f-4074-a45b-4136f46952a9','9f834a93-b8cc-46c3-af2b-16e2581709f4',43,false),
  ('33b9147a-36f5-4a54-b70e-80acc20a2ee7','6df35e8c-6adf-45ea-901f-152d50e73555',71,false),
  ('460675e5-0121-407b-803b-2e10117beb42','bcc8e77f-517b-4fa8-b994-6864c51e8ea4',192,true),
  ('8546874d-dae3-487b-9876-953415a580c0','2c64e5e1-1917-44ce-a2b9-61031a30ab6f',17,false),
  ('58c074ac-7d9e-483f-9a61-0e94f32dc59d','8a5aaa9e-9d14-4d9a-8123-efdbf99086a8',14,false),
  ('33b9147a-36f5-4a54-b70e-80acc20a2ee7','590c490e-48b2-4e64-81e0-ea8b99a5b1eb',57,true),
  ('70ff8fac-6f0b-4795-9705-ed664c55f040','efe4b064-26fb-46cf-aab8-93b1306896d2',27,false),
  ('475561ea-de8e-4478-81d6-609724fca985','fd7c9a21-a50f-4ef9-8fbe-c64b12757f63',91,false),
  ('7c683a01-b165-4d05-baab-d36f93a3f32f','a987dd2c-58cd-46d2-8074-abb21faeb2c4',5,true),
  ('eba4ab51-532c-4f5b-9fc8-9ad18da92702','18d31a33-1db1-42f8-9e67-cac8019b165a',55,false),
  ('8546874d-dae3-487b-9876-953415a580c0','c701989a-9e3c-45d6-9cff-bbc04a7bca59',101,false),
  ('460675e5-0121-407b-803b-2e10117beb42','f24e2d13-ccbc-4708-80ee-49ca3769a65d',95,true),
  ('8393081b-9ead-417e-b3f1-ad62ccfbd6db','0ed114b5-5c5e-4eb6-84b5-d37921a23230',14,true),
  ('7c683a01-b165-4d05-baab-d36f93a3f32f','ad7fc21f-8161-4422-b4a1-d374125be0ee',77,true),
  ('df437436-8fcc-47da-b19f-02a525a8f695','f65b57b9-5fc2-4d58-94fb-4f7aab113537',149,false),
  ('460675e5-0121-407b-803b-2e10117beb42','33319563-3631-42fb-a75b-986a097999c4',45,true),
  ('ee07c52d-878c-4da6-b17f-f6a409cda90e','1c826eb6-6442-4b30-8592-b618bb63084d',33,true),
  ('09cf43fd-e29d-4c78-b9c5-42af9c230474','e402fd5a-c394-488a-b1ee-63a9b9f3ee25',46,true),
  ('d75a3e8f-2bdd-4fde-aea4-c3f52436d9e6','897e8ff1-2b82-4a8d-8a7e-17172636e9a5',39,false),
  ('6457117a-ce37-4f2a-a0bf-7f008b544ae3','7c93d5c3-0454-4654-b84f-b00480cee39e',58,true),
  ('8393081b-9ead-417e-b3f1-ad62ccfbd6db','97f28b20-f956-471d-99c1-d7320317fcf8',39,false),
  ('68769c6a-259f-4b09-bd34-25e19d72f62a','dbe349b4-bc4f-43d8-a9d5-751863bd7d35',99,true),
  ('52e2d29c-f30f-4031-86e6-1771ea51f376','0cac3f00-67af-4c38-b7bd-5d78cad01cc4',118,true),
  ('52e2d29c-f30f-4031-86e6-1771ea51f376','d7c630f0-b01d-4d46-9e20-7b0305cc9046',12,true),
  ('3bd6b7aa-58a1-42b1-b2b1-85c9039bda36','f9d08863-d2ce-47f4-bc9b-8a19edba63a6',60,false),
  ('ee07c52d-878c-4da6-b17f-f6a409cda90e','c701989a-9e3c-45d6-9cff-bbc04a7bca59',34,true),
  ('df437436-8fcc-47da-b19f-02a525a8f695','657fa69d-3bed-43a4-b2f8-5afcddc3ed98',148,false),
  ('1633e38c-8de6-4de3-aa95-d5d7919f5fbb','eacf19b6-a958-4d8d-9fe4-969d20ea16e5',76,true),
  ('3bd6b7aa-58a1-42b1-b2b1-85c9039bda36','5850b172-9b26-44d3-b4b8-f84cf7c6ba46',117,false),
  ('33b9147a-36f5-4a54-b70e-80acc20a2ee7','31f40769-5409-44c0-a2d7-60d1a1497173',82,true),
  ('ee07c52d-878c-4da6-b17f-f6a409cda90e','b68d2cce-6b01-4f23-b50a-a3869c63da75',111,true),
  ('7e1ca4cd-e152-4100-8acc-c41288fe1b52','f128cce0-8d1a-4b9f-a25b-7efb92e5a270',94,true),
  ('33b9147a-36f5-4a54-b70e-80acc20a2ee7','7210ea1b-d8af-4be6-a172-bb7034a2f0df',106,true),
  ('1633e38c-8de6-4de3-aa95-d5d7919f5fbb','0895dbe8-2f07-45ca-929b-588d4e33bac3',23,false),
  ('8393081b-9ead-417e-b3f1-ad62ccfbd6db','55872a84-daf7-4325-9667-56c02020e2d5',79,true),
  ('475561ea-de8e-4478-81d6-609724fca985','f555ec56-be0b-47d3-a53c-67abe7b61187',35,false),
  ('1633e38c-8de6-4de3-aa95-d5d7919f5fbb','7b01cb98-9af8-4908-9aa6-8c8299f0af02',158,false),
  ('1633e38c-8de6-4de3-aa95-d5d7919f5fbb','d5a216ef-b8ce-475e-aacc-0fd937511b01',97,false),
  ('1633e38c-8de6-4de3-aa95-d5d7919f5fbb','20e850f7-3845-4849-8045-d4810c1cbb22',120,false),
  ('ee07c52d-878c-4da6-b17f-f6a409cda90e','3ec9d618-b827-483d-8301-ae599e51a94f',63,true),
  ('460675e5-0121-407b-803b-2e10117beb42','8b11a276-3ed0-47b7-a3b8-fbedfc514ee9',99,true),
  ('58c074ac-7d9e-483f-9a61-0e94f32dc59d','56bb1727-5ade-4798-a22c-28b03db955cb',37,false),
  ('e81b7531-1b0d-46b7-9b79-463e03b01c3c','68446a41-eebc-4d1d-a1de-7e130587a14e',79,false),
  ('68769c6a-259f-4b09-bd34-25e19d72f62a','ad4798f4-dbdc-4b97-b913-47e268df0d98',15,false),
  ('1633e38c-8de6-4de3-aa95-d5d7919f5fbb','2d356336-19ac-4224-9737-a3c97ec5f953',36,false),
  ('7e1ca4cd-e152-4100-8acc-c41288fe1b52','f9d08863-d2ce-47f4-bc9b-8a19edba63a6',60,false),
  ('df437436-8fcc-47da-b19f-02a525a8f695','1779b0a8-35c5-461d-b600-5aaa0035683a',64,true),
  ('58c074ac-7d9e-483f-9a61-0e94f32dc59d','09eafe6c-67c7-4a6b-8822-16837deae460',96,false),
  ('460675e5-0121-407b-803b-2e10117beb42','1aaaf7a0-38a7-4eaf-aaec-1448d6b68f66',84,true),
  ('460675e5-0121-407b-803b-2e10117beb42','e544e1c9-464b-4ee0-9122-41438bdd55ab',117,false),
  ('58c074ac-7d9e-483f-9a61-0e94f32dc59d','4b509d58-4a0a-4344-aca6-47a439aa52c4',159,false),
  ('d75a3e8f-2bdd-4fde-aea4-c3f52436d9e6','6574d343-22b3-4af5-b9c0-3a96de3e0f23',124,false),
  ('8fd34ba9-5dc5-49fa-b12d-6a6f815e0982','0e3fc60d-67f1-49b5-8cf5-0f2d18716c13',46,true),
  ('542c402b-747c-4190-9239-627abdef9e02','6d00a8ab-8130-4670-a3fb-741732217049',112,true),
  ('8546874d-dae3-487b-9876-953415a580c0','71ce4d9e-66a6-4ab8-9cb7-42f98b188b86',41,false),
  ('d75a3e8f-2bdd-4fde-aea4-c3f52436d9e6','bbf47daa-969e-4e16-a2d3-abb1568fbbd2',50,true),
  ('7e1ca4cd-e152-4100-8acc-c41288fe1b52','60af5f61-205f-4509-86ee-1c7a1b79e1d3',116,false),
  ('460675e5-0121-407b-803b-2e10117beb42','4bae5fd0-8865-4fe1-bab8-c0a09559489e',56,true),
  ('1dcfb27d-fd67-4997-80b6-1c67f9139b29','f555ec56-be0b-47d3-a53c-67abe7b61187',35,false),
  ('df437436-8fcc-47da-b19f-02a525a8f695','205e6d8a-83a0-44f6-9eb4-c2e317691d98',60,true),
  ('460675e5-0121-407b-803b-2e10117beb42','cebf291c-9a6b-4655-a23f-26776ccdb7a9',68,true),
  ('eba4ab51-532c-4f5b-9fc8-9ad18da92702','679098de-4ae7-4f0a-ad0f-a7429cf0cda4',31,false),
  ('1633e38c-8de6-4de3-aa95-d5d7919f5fbb','c90437b0-913b-46d7-8434-1486a83afaf1',138,false),
  ('8393081b-9ead-417e-b3f1-ad62ccfbd6db','18a12350-2956-491d-bccd-8a9351de09ff',96,true),
  ('70ff8fac-6f0b-4795-9705-ed664c55f040','357a0940-b1ac-463b-9cab-f01fc48e1464',1,false),
  ('542c402b-747c-4190-9239-627abdef9e02','0cac3f00-67af-4c38-b7bd-5d78cad01cc4',118,true),
  ('653515ee-372f-4074-a45b-4136f46952a9','794afe47-daf6-4d0e-bf52-2b21d35f13ad',37,false),
  ('460675e5-0121-407b-803b-2e10117beb42','e916ba05-0129-4ba7-b475-cf872f4c820a',140,false),
  ('d75a3e8f-2bdd-4fde-aea4-c3f52436d9e6','30809408-6e0a-4da6-a24a-9e397b41c8d3',53,false),
  ('df437436-8fcc-47da-b19f-02a525a8f695','0862ee07-3b2e-4c0c-b5cd-b544a3129a76',85,true),
  ('3bd6b7aa-58a1-42b1-b2b1-85c9039bda36','75b8b228-89cf-4eb3-a863-55fa666fc8b7',84,false),
  ('33b9147a-36f5-4a54-b70e-80acc20a2ee7','043f18d4-a5f0-4f75-931f-0101ff5b1259',68,false),
  ('475561ea-de8e-4478-81d6-609724fca985','0c14cc7d-b8ec-4cba-9f04-7b79a927aa6f',10,false),
  ('8546874d-dae3-487b-9876-953415a580c0','5ac0b251-b2a8-4808-9a1b-95f213af8a57',100,false),
  ('d75a3e8f-2bdd-4fde-aea4-c3f52436d9e6','9d0c9358-e050-4ea8-97ca-715b16da109a',78,false),
  ('1633e38c-8de6-4de3-aa95-d5d7919f5fbb','be4b1b51-af6b-451f-84e4-1b58fed41e96',69,true),
  ('d75a3e8f-2bdd-4fde-aea4-c3f52436d9e6','95fa9ffb-cf17-4a68-980f-59e8ee092e9c',9,false),
  ('e81b7531-1b0d-46b7-9b79-463e03b01c3c','97f28b20-f956-471d-99c1-d7320317fcf8',60,true),
  ('33b9147a-36f5-4a54-b70e-80acc20a2ee7','2956cce6-0533-418b-866f-bc27caaa9a53',75,true),
  ('e71b73a3-44bf-434a-8a1d-bf2444e5fcf4','e38e7b8b-04ee-4b0f-bbf0-51b5d7307730',37,true),
  ('df437436-8fcc-47da-b19f-02a525a8f695','c1b8ca3b-7893-4caf-8582-69f81834486e',97,true),
  ('8393081b-9ead-417e-b3f1-ad62ccfbd6db','ab4cad5c-17f4-43bd-82e9-e7557ce5553b',12,true),
  ('6457117a-ce37-4f2a-a0bf-7f008b544ae3','de7d0c8e-72d6-49ba-aee9-a8b242feab94',4,false),
  ('3bd6b7aa-58a1-42b1-b2b1-85c9039bda36','3018c128-693e-4955-8018-5e6770bbf1b6',76,false),
  ('68769c6a-259f-4b09-bd34-25e19d72f62a','0aa6e077-7fb9-4d57-802f-0446f23062e1',70,true),
  ('df437436-8fcc-47da-b19f-02a525a8f695','e8683bb7-e4b5-433f-b5a6-aad24f922075',76,true),
  ('df437436-8fcc-47da-b19f-02a525a8f695','1aaaf7a0-38a7-4eaf-aaec-1448d6b68f66',84,true),
  ('8546874d-dae3-487b-9876-953415a580c0','1447069e-896c-4609-8921-d66ff1faf073',59,false),
  ('52e2d29c-f30f-4031-86e6-1771ea51f376','a6ed7b89-558a-48ef-81ae-92c217fa0402',64,true),
  ('58c074ac-7d9e-483f-9a61-0e94f32dc59d','0a082979-4ad5-4336-8cf9-5b888141c149',41,false),
  ('475561ea-de8e-4478-81d6-609724fca985','fcc9eb95-6be0-4850-bf75-6a3b2b8d5dd4',48,true),
  ('df437436-8fcc-47da-b19f-02a525a8f695','8d0d7384-2f97-4fa4-bb62-48e6a0d95ed1',96,true),
  ('52e2d29c-f30f-4031-86e6-1771ea51f376','f5f4ee8a-28d6-40ad-868e-dc7679579c54',43,true),
  ('09cf43fd-e29d-4c78-b9c5-42af9c230474','206db8fa-4a46-42d0-ba7c-343dcf1cd424',94,true),
  ('58c074ac-7d9e-483f-9a61-0e94f32dc59d','c57d64c5-1bb6-4e53-b9f7-73d8027f7c05',174,false),
  ('33b9147a-36f5-4a54-b70e-80acc20a2ee7','ae2db9bb-88e6-4b9b-9372-48a7b0415596',73,false),
  ('8393081b-9ead-417e-b3f1-ad62ccfbd6db','0718117c-8535-4023-a2cd-fb0846506088',95,false),
  ('e81b7531-1b0d-46b7-9b79-463e03b01c3c','0d653085-0eb8-47ad-bd48-b1c406fac5e1',59,true),
  ('eba4ab51-532c-4f5b-9fc8-9ad18da92702','475f1575-fef8-4057-b959-2599c1a5fcc7',20,true),
  ('475561ea-de8e-4478-81d6-609724fca985','ae9a2315-b73d-44a2-a309-611a7214289b',110,true),
  ('e71b73a3-44bf-434a-8a1d-bf2444e5fcf4','357a0940-b1ac-463b-9cab-f01fc48e1464',158,true),
  ('460675e5-0121-407b-803b-2e10117beb42','3bfeecad-2a84-4ab6-83e7-3954a5f78fde',174,true),
  ('df437436-8fcc-47da-b19f-02a525a8f695','94c529d4-1fb6-41c1-8e5b-63c542b163d2',180,true),
  ('09cf43fd-e29d-4c78-b9c5-42af9c230474','5af9e6c6-9006-48b8-8376-4c8211750df5',15,true),
  ('58c074ac-7d9e-483f-9a61-0e94f32dc59d','7ad8d84c-896a-4ac7-865a-c9d1c77d17b8',156,false),
  ('3bd6b7aa-58a1-42b1-b2b1-85c9039bda36','9f834a93-b8cc-46c3-af2b-16e2581709f4',43,false),
  ('7c683a01-b165-4d05-baab-d36f93a3f32f','09eafe6c-67c7-4a6b-8822-16837deae460',96,true),
  ('460675e5-0121-407b-803b-2e10117beb42','2ffcdf90-9747-4eae-bc5a-46b587afa0dd',44,true),
  ('653515ee-372f-4074-a45b-4136f46952a9','3018c128-693e-4955-8018-5e6770bbf1b6',76,false),
  ('1633e38c-8de6-4de3-aa95-d5d7919f5fbb','1d16476b-dc45-493b-8dcf-2f5ca9feb8e7',92,true),
  ('eba4ab51-532c-4f5b-9fc8-9ad18da92702','2d545907-3b68-4f3e-8e11-154d009a897c',28,true),
  ('df437436-8fcc-47da-b19f-02a525a8f695','d778bb17-e937-4f1e-864b-f42afb41a394',58,true),
  ('460675e5-0121-407b-803b-2e10117beb42','8a5aaa9e-9d14-4d9a-8123-efdbf99086a8',187,true),
  ('460675e5-0121-407b-803b-2e10117beb42','ec25b03e-c285-4fb0-a39f-d1ce8b454716',101,true),
  ('ee07c52d-878c-4da6-b17f-f6a409cda90e','c1f87ed5-abb9-4903-8234-520e504109c5',40,false),
  ('542c402b-747c-4190-9239-627abdef9e02','6b1f5635-d581-4a5f-a8a9-018adb0d7f6a',2,false),
  ('33b9147a-36f5-4a54-b70e-80acc20a2ee7','59d30c55-f1b5-4b9a-a6d2-24ab72700b86',25,false),
  ('1633e38c-8de6-4de3-aa95-d5d7919f5fbb','e916ba05-0129-4ba7-b475-cf872f4c820a',61,true),
  ('e81b7531-1b0d-46b7-9b79-463e03b01c3c','ea1cdb15-60ac-4f77-88fa-0ff6de8fc034',8,true),
  ('e6f09199-f1b5-4709-9cef-cc33df416523','475f1575-fef8-4057-b959-2599c1a5fcc7',79,false),
  ('7c683a01-b165-4d05-baab-d36f93a3f32f','d75d50ea-06a1-41ed-9827-1097ab3554b6',150,true),
  ('7e1ca4cd-e152-4100-8acc-c41288fe1b52','2ba7b472-c7da-4278-a334-5c71b82ccc81',104,true),
  ('eba4ab51-532c-4f5b-9fc8-9ad18da92702','c432519a-afe9-4893-bf8d-78345120f991',34,false),
  ('58c074ac-7d9e-483f-9a61-0e94f32dc59d','2bda83a9-d3c0-4168-84c6-9d1ea9d2d979',94,true),
  ('1dcfb27d-fd67-4997-80b6-1c67f9139b29','bbf47daa-969e-4e16-a2d3-abb1568fbbd2',50,true),
  ('e71b73a3-44bf-434a-8a1d-bf2444e5fcf4','9896881a-d3bb-4e87-bb1b-5c71a7dc64a5',86,true),
  ('e6f09199-f1b5-4709-9cef-cc33df416523','8662d527-0737-46fb-8d0c-cb253e4f6e3d',33,true),
  ('df437436-8fcc-47da-b19f-02a525a8f695','0a2ef4ea-58d1-486f-bf94-e1cadbb0244a',91,false),
  ('52e2d29c-f30f-4031-86e6-1771ea51f376','edbfc808-5df2-4741-bcde-8d3c03e32e58',6,true),
  ('e81b7531-1b0d-46b7-9b79-463e03b01c3c','ebdafd46-abb1-4df6-8202-d60dba92c7b2',76,false),
  ('df437436-8fcc-47da-b19f-02a525a8f695','08757db7-1468-472d-9961-4892bfe162b4',183,true),
  ('1dcfb27d-fd67-4997-80b6-1c67f9139b29','5850b172-9b26-44d3-b4b8-f84cf7c6ba46',117,false),
  ('8fd34ba9-5dc5-49fa-b12d-6a6f815e0982','bcc8e77f-517b-4fa8-b994-6864c51e8ea4',9,false),
  ('3bd6b7aa-58a1-42b1-b2b1-85c9039bda36','57472148-b885-4897-82dd-1e94f390a04a',16,false),
  ('1633e38c-8de6-4de3-aa95-d5d7919f5fbb','11349b7f-d05e-47e1-8024-9a2b59e2b55c',99,false),
  ('3bd6b7aa-58a1-42b1-b2b1-85c9039bda36','b6879a79-d7df-43e0-bf65-b2abfd939a6f',87,false),
  ('475561ea-de8e-4478-81d6-609724fca985','c61d3f6f-89ae-425f-afde-64a5a61922a5',75,false),
  ('7e1ca4cd-e152-4100-8acc-c41288fe1b52','3a2d108d-da86-477d-a415-932053067242',92,false),
  ('542c402b-747c-4190-9239-627abdef9e02','ad4798f4-dbdc-4b97-b913-47e268df0d98',15,false),
  ('7c683a01-b165-4d05-baab-d36f93a3f32f','5c748e6f-cd1c-402f-8b18-791ac38598d4',174,true),
  ('1633e38c-8de6-4de3-aa95-d5d7919f5fbb','7b2ec403-1bad-4790-847c-f7f11dd96e5c',142,false),
  ('8546874d-dae3-487b-9876-953415a580c0','390a668a-99cd-486b-9fc5-b6fb897de469',137,true),
  ('1dcfb27d-fd67-4997-80b6-1c67f9139b29','897e8ff1-2b82-4a8d-8a7e-17172636e9a5',39,false),
  ('70ff8fac-6f0b-4795-9705-ed664c55f040','f2f32344-556c-4f68-ba7e-50fa62011a2e',48,false),
  ('460675e5-0121-407b-803b-2e10117beb42','f4936526-65dd-483c-b8b3-d09a84f054bb',201,true),
  ('09cf43fd-e29d-4c78-b9c5-42af9c230474','3baaf2fc-1505-42f5-a0db-2f1598438f87',49,true),
  ('09cf43fd-e29d-4c78-b9c5-42af9c230474','6d00a8ab-8130-4670-a3fb-741732217049',123,true),
  ('7e1ca4cd-e152-4100-8acc-c41288fe1b52','545b008c-9f1f-4437-96d0-c9159d4e90d2',15,false),
  ('33b9147a-36f5-4a54-b70e-80acc20a2ee7','24145fc4-12da-4f74-8115-323729efa897',1,false),
  ('1dcfb27d-fd67-4997-80b6-1c67f9139b29','3baaf2fc-1505-42f5-a0db-2f1598438f87',86,false),
  ('1633e38c-8de6-4de3-aa95-d5d7919f5fbb','96fdcbc3-888f-442d-984e-1e2067147f8c',44,false),
  ('7c683a01-b165-4d05-baab-d36f93a3f32f','0a393dc4-cb63-4ebd-b638-8c4477bba93c',159,true),
  ('653515ee-372f-4074-a45b-4136f46952a9','09263f12-9edd-4dd9-aa26-cc9fd5aab62e',5,true),
  ('e71b73a3-44bf-434a-8a1d-bf2444e5fcf4','1ef25ca2-09c3-4012-b570-f75834dd3191',133,true),
  ('33b9147a-36f5-4a54-b70e-80acc20a2ee7','de7d0c8e-72d6-49ba-aee9-a8b242feab94',4,false),
  ('68769c6a-259f-4b09-bd34-25e19d72f62a','00c562fc-fa9a-49c5-86a0-ac8faed03e4d',60,true),
  ('8393081b-9ead-417e-b3f1-ad62ccfbd6db','b181bbf0-bb0a-4e0b-a053-7ab0c2f19e6a',76,false),
  ('3bd6b7aa-58a1-42b1-b2b1-85c9039bda36','9d0c9358-e050-4ea8-97ca-715b16da109a',78,false),
  ('7c683a01-b165-4d05-baab-d36f93a3f32f','6e50092b-93a8-4d8c-8bde-30f8ca05d944',64,true),
  ('6457117a-ce37-4f2a-a0bf-7f008b544ae3','039dc74a-e5d3-49e0-b053-44e41ae75107',101,true),
  ('ee07c52d-878c-4da6-b17f-f6a409cda90e','2edd5ad6-a740-4fd4-b478-2b64f7620bf7',9,false),
  ('8fd34ba9-5dc5-49fa-b12d-6a6f815e0982','e8ee38c5-cfcf-4d3b-a0dc-f12a193d0aef',10,false),
  ('e71b73a3-44bf-434a-8a1d-bf2444e5fcf4','be5247ef-96c0-4842-a5c6-142ecbc2c546',24,true),
  ('58c074ac-7d9e-483f-9a61-0e94f32dc59d','6551e783-01f4-4c59-add9-6f70874d50f2',149,false),
  ('460675e5-0121-407b-803b-2e10117beb42','0143beca-baa5-4d28-abd0-b6bdd7ae8fdb',176,true),
  ('d75a3e8f-2bdd-4fde-aea4-c3f52436d9e6','251b00d7-eeea-4a23-b9ac-495b8b3ae16d',121,false),
  ('3bd6b7aa-58a1-42b1-b2b1-85c9039bda36','c701989a-9e3c-45d6-9cff-bbc04a7bca59',101,false),
  ('eba4ab51-532c-4f5b-9fc8-9ad18da92702','fac2b238-447b-484c-be55-277e14a9ef61',96,true),
  ('7c683a01-b165-4d05-baab-d36f93a3f32f','e8683bb7-e4b5-433f-b5a6-aad24f922075',65,true),
  ('d75a3e8f-2bdd-4fde-aea4-c3f52436d9e6','33f6e0d3-8021-4833-b714-308e9e7f9583',131,true),
  ('3bd6b7aa-58a1-42b1-b2b1-85c9039bda36','60af5f61-205f-4509-86ee-1c7a1b79e1d3',116,false),
  ('542c402b-747c-4190-9239-627abdef9e02','6f54d8ae-9b80-44cf-9a88-b230a06ac491',80,true),
  ('68769c6a-259f-4b09-bd34-25e19d72f62a','dbe5b791-60ca-44de-889d-aba0f689f01b',111,true),
  ('09cf43fd-e29d-4c78-b9c5-42af9c230474','d885bd2e-1294-4b55-9e39-3077be4d13f3',87,true),
  ('1633e38c-8de6-4de3-aa95-d5d7919f5fbb','fdd4ebd5-369a-4de6-8b33-551a3416da80',152,false),
  ('7c683a01-b165-4d05-baab-d36f93a3f32f','843df513-9718-4a53-a7a3-8c587cc9e17a',37,true),
  ('7c683a01-b165-4d05-baab-d36f93a3f32f','efbe86e4-0ac4-4eec-b8e6-d1ee708f65d3',117,false),
  ('475561ea-de8e-4478-81d6-609724fca985','caeb10de-ae13-4a7e-8ba9-db5e80e87d0e',66,false),
  ('653515ee-372f-4074-a45b-4136f46952a9','71ce4d9e-66a6-4ab8-9cb7-42f98b188b86',41,false),
  ('58c074ac-7d9e-483f-9a61-0e94f32dc59d','0134241e-63d6-4553-9e18-bed5294b7415',85,true),
  ('d75a3e8f-2bdd-4fde-aea4-c3f52436d9e6','222099c0-3aa4-4980-8d54-22ecf0b0637f',130,true),
  ('1633e38c-8de6-4de3-aa95-d5d7919f5fbb','0e0f17d7-092b-49d3-8248-99b74bcb335e',143,false),
  ('e71b73a3-44bf-434a-8a1d-bf2444e5fcf4','4855c1a1-8485-46aa-9a3a-f98dc043b989',116,true),
  ('52e2d29c-f30f-4031-86e6-1771ea51f376','251b00d7-eeea-4a23-b9ac-495b8b3ae16d',5,true),
  ('e81b7531-1b0d-46b7-9b79-463e03b01c3c','1fabf8a0-8f7c-4182-8edc-3c57502de339',26,true),
  ('58c074ac-7d9e-483f-9a61-0e94f32dc59d','94c529d4-1fb6-41c1-8e5b-63c542b163d2',21,false),
  ('70ff8fac-6f0b-4795-9705-ed664c55f040','455a4688-bf42-4ded-8dc0-c74b750520f2',29,false),
  ('8fd34ba9-5dc5-49fa-b12d-6a6f815e0982','eed8ebec-8e75-4f0b-aadb-a308604e500a',140,false),
  ('653515ee-372f-4074-a45b-4136f46952a9','9d0c9358-e050-4ea8-97ca-715b16da109a',78,false),
  ('1633e38c-8de6-4de3-aa95-d5d7919f5fbb','8e2396dd-dbc6-4325-ae12-83fc08c58934',15,false),
  ('e71b73a3-44bf-434a-8a1d-bf2444e5fcf4','8ce432bb-0be4-435e-9d9c-a0b27937a7c3',157,true),
  ('68769c6a-259f-4b09-bd34-25e19d72f62a','fd7c9a21-a50f-4ef9-8fbe-c64b12757f63',33,true),
  ('58c074ac-7d9e-483f-9a61-0e94f32dc59d','c3c1aae1-4ae1-4b60-9f7c-f314ee51c1c8',82,true),
  ('df437436-8fcc-47da-b19f-02a525a8f695','05264e17-560b-48c5-9467-4c45ac417520',147,false),
  ('8546874d-dae3-487b-9876-953415a580c0','4d6a759c-1d8c-4365-862b-0c1e621f240d',61,false),
  ('df437436-8fcc-47da-b19f-02a525a8f695','2bd1c495-1c2d-4cd5-8499-b0d28cce033e',159,true),
  ('52e2d29c-f30f-4031-86e6-1771ea51f376','0a070fa4-8d48-45f6-97c9-4afed3ad48b5',31,false),
  ('460675e5-0121-407b-803b-2e10117beb42','5fb0d38e-06d8-4db8-8160-b27fe233c9c7',114,false),
  ('1dcfb27d-fd67-4997-80b6-1c67f9139b29','9e38f508-3704-46be-ab6e-17e6e856222c',88,false),
  ('7c683a01-b165-4d05-baab-d36f93a3f32f','1d16476b-dc45-493b-8dcf-2f5ca9feb8e7',100,false),
  ('df437436-8fcc-47da-b19f-02a525a8f695','577bb128-9eaa-49f1-bb20-db5a62d41a43',126,false),
  ('d75a3e8f-2bdd-4fde-aea4-c3f52436d9e6','c79915f4-6403-4f23-a3d8-d099d1bb4754',132,false),
  ('7c683a01-b165-4d05-baab-d36f93a3f32f','52182f4d-35ed-423d-8c3b-41d070fb4ed6',3,true),
  ('653515ee-372f-4074-a45b-4136f46952a9','a0d89b77-8930-47ce-b51a-dfb990254e6e',82,false),
  ('3bd6b7aa-58a1-42b1-b2b1-85c9039bda36','2ba7b472-c7da-4278-a334-5c71b82ccc81',104,true),
  ('68769c6a-259f-4b09-bd34-25e19d72f62a','af59bb6c-706d-49b6-bd9a-9045f9a14e95',41,true),
  ('df437436-8fcc-47da-b19f-02a525a8f695','ee4ddbd8-2000-44a7-843c-41d3149e9f74',179,true),
  ('eba4ab51-532c-4f5b-9fc8-9ad18da92702','e8381746-f10f-4def-b659-1d782d33c9ac',58,false),
  ('df437436-8fcc-47da-b19f-02a525a8f695','eacf19b6-a958-4d8d-9fe4-969d20ea16e5',127,false),
  ('70ff8fac-6f0b-4795-9705-ed664c55f040','1d81649f-6d38-4709-98f3-b9a937d61223',116,false),
  ('e71b73a3-44bf-434a-8a1d-bf2444e5fcf4','96f6e88d-f020-4f47-8b14-539c4eb96cde',152,true),
  ('7e1ca4cd-e152-4100-8acc-c41288fe1b52','b68d2cce-6b01-4f23-b50a-a3869c63da75',20,false),
  ('460675e5-0121-407b-803b-2e10117beb42','8a14febd-0b15-4b48-ad14-f8804be06be9',17,true),
  ('3bd6b7aa-58a1-42b1-b2b1-85c9039bda36','4010a149-feb0-469b-b0e1-4853f90a4091',109,true),
  ('653515ee-372f-4074-a45b-4136f46952a9','a9ffeae3-cfdd-4711-a722-3c735db8746a',77,false),
  ('e81b7531-1b0d-46b7-9b79-463e03b01c3c','81283717-50d5-4321-bb67-630a30442558',9,true),
  ('58c074ac-7d9e-483f-9a61-0e94f32dc59d','a22e4f60-9ee6-457f-9e34-963f83c1db1d',161,false),
  ('3bd6b7aa-58a1-42b1-b2b1-85c9039bda36','0591671c-cf8f-4a32-93a3-2aad295fedc0',2,false),
  ('58c074ac-7d9e-483f-9a61-0e94f32dc59d','6586f85e-3221-44c0-8b8e-5d11898424d9',101,false),
  ('df437436-8fcc-47da-b19f-02a525a8f695','56bb1727-5ade-4798-a22c-28b03db955cb',164,true),
  ('df437436-8fcc-47da-b19f-02a525a8f695','a0e820aa-7820-4971-8bfc-92ee0442788a',102,true),
  ('1633e38c-8de6-4de3-aa95-d5d7919f5fbb','eed8ebec-8e75-4f0b-aadb-a308604e500a',140,false),
  ('e81b7531-1b0d-46b7-9b79-463e03b01c3c','18a12350-2956-491d-bccd-8a9351de09ff',3,false),
  ('542c402b-747c-4190-9239-627abdef9e02','3ec9d618-b827-483d-8301-ae599e51a94f',52,true),
  ('70ff8fac-6f0b-4795-9705-ed664c55f040','ce53c441-dfc7-449f-81aa-f3bf206f46e9',93,false),
  ('8546874d-dae3-487b-9876-953415a580c0','3baaf2fc-1505-42f5-a0db-2f1598438f87',86,false),
  ('e71b73a3-44bf-434a-8a1d-bf2444e5fcf4','321e1ff2-a5fc-46b4-9774-3fa795b1b015',113,true),
  ('1dcfb27d-fd67-4997-80b6-1c67f9139b29','a0d89b77-8930-47ce-b51a-dfb990254e6e',82,false),
  ('d75a3e8f-2bdd-4fde-aea4-c3f52436d9e6','c701989a-9e3c-45d6-9cff-bbc04a7bca59',101,false),
  ('653515ee-372f-4074-a45b-4136f46952a9','a78f0563-8cb9-4912-82f2-8fd6123b4938',65,false),
  ('68769c6a-259f-4b09-bd34-25e19d72f62a','157b24c4-dab0-412d-9b67-133090f054fc',67,true),
  ('542c402b-747c-4190-9239-627abdef9e02','edbfc808-5df2-4741-bcde-8d3c03e32e58',6,true),
  ('70ff8fac-6f0b-4795-9705-ed664c55f040','3610131a-eb2a-431c-b729-e64d6e326c33',149,false),
  ('460675e5-0121-407b-803b-2e10117beb42','ad7fc21f-8161-4422-b4a1-d374125be0ee',88,true),
  ('475561ea-de8e-4478-81d6-609724fca985','b68d2cce-6b01-4f23-b50a-a3869c63da75',20,false),
  ('e71b73a3-44bf-434a-8a1d-bf2444e5fcf4','5996a737-4679-4280-8790-7332f2f7e2d9',82,true),
  ('70ff8fac-6f0b-4795-9705-ed664c55f040','d437c27b-6f30-4893-8d96-c10831986716',114,false),
  ('1633e38c-8de6-4de3-aa95-d5d7919f5fbb','cdebcdac-f850-495e-a85a-f44b1e01b8c8',146,false),
  ('df437436-8fcc-47da-b19f-02a525a8f695','860ca25f-7e2e-46a7-94cf-62ee780ff821',53,true),
  ('653515ee-372f-4074-a45b-4136f46952a9','3af32413-f8da-4404-be9d-e00422c473cb',105,true),
  ('ee07c52d-878c-4da6-b17f-f6a409cda90e','5850b172-9b26-44d3-b4b8-f84cf7c6ba46',20,true),
  ('7c683a01-b165-4d05-baab-d36f93a3f32f','db5dab43-f2a5-4dfe-b30c-2d990d0e870a',102,true),
  ('3bd6b7aa-58a1-42b1-b2b1-85c9039bda36','2c64e5e1-1917-44ce-a2b9-61031a30ab6f',17,false),
  ('58c074ac-7d9e-483f-9a61-0e94f32dc59d','4bdd2f6f-4b26-48ec-b293-4573f9001958',63,true),
  ('460675e5-0121-407b-803b-2e10117beb42','2d356336-19ac-4224-9737-a3c97ec5f953',165,true),
  ('7e1ca4cd-e152-4100-8acc-c41288fe1b52','57472148-b885-4897-82dd-1e94f390a04a',16,false),
  ('33b9147a-36f5-4a54-b70e-80acc20a2ee7','37e50a32-673c-49e9-9824-e3e7c978bdfd',74,true),
  ('6457117a-ce37-4f2a-a0bf-7f008b544ae3','5ac0b251-b2a8-4808-9a1b-95f213af8a57',24,true),
  ('1633e38c-8de6-4de3-aa95-d5d7919f5fbb','c820976f-8735-432a-838a-ac59b0496455',67,true),
  ('3bd6b7aa-58a1-42b1-b2b1-85c9039bda36','ee4c88d5-2e97-4fb9-8d28-1d0e8196a97c',69,false),
  ('e81b7531-1b0d-46b7-9b79-463e03b01c3c','e9141bee-d938-4eaf-bf66-eb3a8dc7d653',52,true),
  ('8fd34ba9-5dc5-49fa-b12d-6a6f815e0982','b5e43f46-9a30-4b3f-844c-846a4cac115f',88,true),
  ('7c683a01-b165-4d05-baab-d36f93a3f32f','861c39cc-e1bf-46ef-82fa-7beb918597c9',62,true),
  ('8fd34ba9-5dc5-49fa-b12d-6a6f815e0982','3af16e56-1817-4f2c-b898-b4848f1cc914',79,true),
  ('df437436-8fcc-47da-b19f-02a525a8f695','66fbe0b2-82c1-4943-9782-224d5a2a081c',190,true),
  ('eba4ab51-532c-4f5b-9fc8-9ad18da92702','2fa7e86d-2057-4697-86e8-cd897444396a',68,false),
  ('df437436-8fcc-47da-b19f-02a525a8f695','110cf47c-2b08-4fbf-b4c7-04dfda3cc315',79,true),
  ('09cf43fd-e29d-4c78-b9c5-42af9c230474','d7c630f0-b01d-4d46-9e20-7b0305cc9046',23,true),
  ('8546874d-dae3-487b-9876-953415a580c0','8453518f-19bb-41a7-a65f-ec4a35e06c65',140,true),
  ('e6f09199-f1b5-4709-9cef-cc33df416523','a16ebffb-280f-46bc-83c5-4a94132178b2',11,false),
  ('7e1ca4cd-e152-4100-8acc-c41288fe1b52','b4422e9a-7f1d-44ca-9926-85dadce125da',14,false),
  ('7c683a01-b165-4d05-baab-d36f93a3f32f','3b36efab-841b-4e8f-b73a-886dbaeb98c2',38,true),
  ('7e1ca4cd-e152-4100-8acc-c41288fe1b52','11fd88b1-1905-4904-a28f-d462edb84c1c',70,false),
  ('475561ea-de8e-4478-81d6-609724fca985','a111be63-0fdf-4fac-af98-02dc4d3b8871',0,false),
  ('e6f09199-f1b5-4709-9cef-cc33df416523','d16df70e-015b-48c1-9c29-1a65d7467489',18,false),
  ('1dcfb27d-fd67-4997-80b6-1c67f9139b29','de7d0c8e-72d6-49ba-aee9-a8b242feab94',122,true),
  ('68769c6a-259f-4b09-bd34-25e19d72f62a','d183fbcf-eaa8-4a1f-ae0d-2a53df24257e',55,true),
  ('e71b73a3-44bf-434a-8a1d-bf2444e5fcf4','70707df2-1c6f-43a7-9eb6-2f6653417cef',124,true),
  ('6457117a-ce37-4f2a-a0bf-7f008b544ae3','721b0097-a698-4c52-add1-501ee04265a2',108,true),
  ('653515ee-372f-4074-a45b-4136f46952a9','b5ba133a-e2c2-487e-92ea-a76b4bb8effa',111,true),
  ('6457117a-ce37-4f2a-a0bf-7f008b544ae3','6ba17caf-fc02-4d8d-95a6-b0150ed63ba0',102,true),
  ('e81b7531-1b0d-46b7-9b79-463e03b01c3c','8145e0dd-ac32-4435-afdd-b9d763f55522',43,true),
  ('460675e5-0121-407b-803b-2e10117beb42','36622295-4f8e-4ed4-aa36-2b4cfffe55c0',80,true),
  ('8393081b-9ead-417e-b3f1-ad62ccfbd6db','d3929e4d-8cf2-4dad-b8d5-ecfe088e8136',49,false),
  ('8fd34ba9-5dc5-49fa-b12d-6a6f815e0982','a7bd2d24-9bdb-46ab-83b3-1a41eabf739d',73,false),
  ('d75a3e8f-2bdd-4fde-aea4-c3f52436d9e6','236395a1-24b3-49c9-a835-5dff9f4ff658',68,false),
  ('e71b73a3-44bf-434a-8a1d-bf2444e5fcf4','455a4688-bf42-4ded-8dc0-c74b750520f2',130,true),
  ('68769c6a-259f-4b09-bd34-25e19d72f62a','7938211f-9a18-4d26-8060-021d6f504d28',19,false),
  ('58c074ac-7d9e-483f-9a61-0e94f32dc59d','f4e1d437-9cb5-4b9b-9f87-3eda5f952a5e',206,true),
  ('653515ee-372f-4074-a45b-4136f46952a9','9ecdff88-788f-4c9f-95f7-3a1da983ef9b',107,true),
  ('460675e5-0121-407b-803b-2e10117beb42','7facaf3f-71f2-4ecf-afcc-8183fa7a3552',143,false),
  ('68769c6a-259f-4b09-bd34-25e19d72f62a','301b205f-c992-4213-92a1-be161819cf2d',79,true),
  ('ee07c52d-878c-4da6-b17f-f6a409cda90e','a9135ade-3d91-4807-b1af-ea9e38fd48bc',115,true),
  ('e71b73a3-44bf-434a-8a1d-bf2444e5fcf4','3cb8c20d-4d30-4a1d-bbd4-7ca9cec8b032',21,true),
  ('8546874d-dae3-487b-9876-953415a580c0','6ba17caf-fc02-4d8d-95a6-b0150ed63ba0',18,false),
  ('70ff8fac-6f0b-4795-9705-ed664c55f040','37a0b2eb-2ac1-402d-af13-9cd761d9550c',41,false),
  ('8393081b-9ead-417e-b3f1-ad62ccfbd6db','8a495816-1d5e-47b6-b8ea-022a3640b41a',80,true),
  ('7e1ca4cd-e152-4100-8acc-c41288fe1b52','d7c630f0-b01d-4d46-9e20-7b0305cc9046',114,false),
  ('475561ea-de8e-4478-81d6-609724fca985','57472148-b885-4897-82dd-1e94f390a04a',16,false),
  ('58c074ac-7d9e-483f-9a61-0e94f32dc59d','3bc9db66-ebc8-4ae2-acca-556f13d33fa9',68,true),
  ('8fd34ba9-5dc5-49fa-b12d-6a6f815e0982','1592ea26-b1d5-4f49-9e47-ffdcf1da093a',87,true),
  ('8546874d-dae3-487b-9876-953415a580c0','6e64b117-c0a1-4886-8046-85eed41424e1',103,false),
  ('7e1ca4cd-e152-4100-8acc-c41288fe1b52','89115505-0304-4a5c-9af8-4ddea678159a',32,false),
  ('460675e5-0121-407b-803b-2e10117beb42','185b84d6-bcf4-498f-a3ee-922f2ca10751',93,false),
  ('7c683a01-b165-4d05-baab-d36f93a3f32f','173c9ea1-4bd0-47f8-8b00-dfec85a8e554',58,true),
  ('1dcfb27d-fd67-4997-80b6-1c67f9139b29','b37480ea-a0cc-463d-ad7b-2ab939b18cb0',80,false),
  ('3bd6b7aa-58a1-42b1-b2b1-85c9039bda36','bdb3e9e4-4e66-428e-b517-bd0fef6063e8',71,false),
  ('460675e5-0121-407b-803b-2e10117beb42','8a2176f9-4f64-4ae7-8580-44ba1c1b5e3c',119,true),
  ('df437436-8fcc-47da-b19f-02a525a8f695','f126bb48-9342-4df0-9e31-df89f97d3652',189,true),
  ('8546874d-dae3-487b-9876-953415a580c0','bdb3e9e4-4e66-428e-b517-bd0fef6063e8',71,false),
  ('460675e5-0121-407b-803b-2e10117beb42','7f7b40c0-b274-4793-bec3-6a31ec821c75',144,false),
  ('475561ea-de8e-4478-81d6-609724fca985','c3abecd6-fbcd-4861-9670-e2c9a1ab0fc6',31,false),
  ('8546874d-dae3-487b-9876-953415a580c0','fedf7581-2828-47fc-a5e4-255226797983',1,false),
  ('ee07c52d-878c-4da6-b17f-f6a409cda90e','bd115f63-7988-43e8-aed2-01ece92e5508',116,true),
  ('7e1ca4cd-e152-4100-8acc-c41288fe1b52','e3c73f3a-8f96-401e-ae05-17c37ae29d1d',6,false),
  ('eba4ab51-532c-4f5b-9fc8-9ad18da92702','2cc4f0d1-da76-43ee-91e6-0021a911bd28',32,false),
  ('7e1ca4cd-e152-4100-8acc-c41288fe1b52','8adbdbc4-a54a-45ed-9af5-59c3b3b9eaf3',54,false),
  ('6457117a-ce37-4f2a-a0bf-7f008b544ae3','2956cce6-0533-418b-866f-bc27caaa9a53',75,true),
  ('e71b73a3-44bf-434a-8a1d-bf2444e5fcf4','3b48feb2-c5e3-4052-a057-4dcf049dbc0e',47,true),
  ('09cf43fd-e29d-4c78-b9c5-42af9c230474','6306a994-bbf9-4ae7-b1a1-cd564c73a148',13,true),
  ('ee07c52d-878c-4da6-b17f-f6a409cda90e','d183fbcf-eaa8-4a1f-ae0d-2a53df24257e',66,true),
  ('58c074ac-7d9e-483f-9a61-0e94f32dc59d','5fb0d38e-06d8-4db8-8160-b27fe233c9c7',89,true),
  ('8546874d-dae3-487b-9876-953415a580c0','c79915f4-6403-4f23-a3d8-d099d1bb4754',132,false),
  ('460675e5-0121-407b-803b-2e10117beb42','e8ee38c5-cfcf-4d3b-a0dc-f12a193d0aef',191,true),
  ('df437436-8fcc-47da-b19f-02a525a8f695','ef07c713-b996-4c8a-ba82-d249492197fc',31,true),
  ('460675e5-0121-407b-803b-2e10117beb42','74b2ebe9-c85c-4ad7-8560-b47aca8f5ac6',59,true),
  ('6457117a-ce37-4f2a-a0bf-7f008b544ae3','ad4798f4-dbdc-4b97-b913-47e268df0d98',15,false),
  ('eba4ab51-532c-4f5b-9fc8-9ad18da92702','bd017817-48f7-459d-af55-852b195f6658',51,false),
  ('09cf43fd-e29d-4c78-b9c5-42af9c230474','4aa33db0-c38f-4951-b0a5-2f3d67455b6a',39,false),
  ('e81b7531-1b0d-46b7-9b79-463e03b01c3c','6c332edf-ed9c-46f5-b87d-86f6da6682c9',49,true),
  ('8fd34ba9-5dc5-49fa-b12d-6a6f815e0982','96249cbc-0b54-472f-9e3d-34e96f7fb530',2,false),
  ('7c683a01-b165-4d05-baab-d36f93a3f32f','eacf19b6-a958-4d8d-9fe4-969d20ea16e5',116,false),
  ('8fd34ba9-5dc5-49fa-b12d-6a6f815e0982','abb2fdb3-99bb-457b-984f-c2616117bdf1',125,false),
  ('70ff8fac-6f0b-4795-9705-ed664c55f040','acf5b37d-b2e6-4b28-8479-aa688e0dedef',145,false),
  ('33b9147a-36f5-4a54-b70e-80acc20a2ee7','a8a1d7a3-ed03-42ec-9923-741bfeee01ca',69,false),
  ('460675e5-0121-407b-803b-2e10117beb42','27c43d40-40f0-42ef-b817-eb545947875f',1,true),
  ('d75a3e8f-2bdd-4fde-aea4-c3f52436d9e6','0784d90a-e316-4394-a0f7-4607e9597d5f',125,false),
  ('68769c6a-259f-4b09-bd34-25e19d72f62a','edbfc808-5df2-4741-bcde-8d3c03e32e58',6,true),
  ('d75a3e8f-2bdd-4fde-aea4-c3f52436d9e6','2ba7b472-c7da-4278-a334-5c71b82ccc81',104,true),
  ('09cf43fd-e29d-4c78-b9c5-42af9c230474','5850b172-9b26-44d3-b4b8-f84cf7c6ba46',20,true),
  ('1633e38c-8de6-4de3-aa95-d5d7919f5fbb','d452b3e8-39f8-4319-8e80-46826dc8d4ae',168,false),
  ('1633e38c-8de6-4de3-aa95-d5d7919f5fbb','bee153aa-a5c9-43c4-92ff-aad6b4c59eb3',43,false),
  ('58c074ac-7d9e-483f-9a61-0e94f32dc59d','47b95ef4-04fe-44e5-b80b-5da757a4a654',4,true),
  ('e81b7531-1b0d-46b7-9b79-463e03b01c3c','d3929e4d-8cf2-4dad-b8d5-ecfe088e8136',50,true),
  ('eba4ab51-532c-4f5b-9fc8-9ad18da92702','7a637156-ffa6-4a3e-b69e-ae43e64afdfe',9,true),
  ('33b9147a-36f5-4a54-b70e-80acc20a2ee7','22288a69-ac19-4ff5-9521-7895a0bca993',93,true),
  ('8fd34ba9-5dc5-49fa-b12d-6a6f815e0982','68ba7872-46c6-4552-bdbd-b09710883765',113,false),
  ('7e1ca4cd-e152-4100-8acc-c41288fe1b52','c61d3f6f-89ae-425f-afde-64a5a61922a5',75,false),
  ('6457117a-ce37-4f2a-a0bf-7f008b544ae3','dbe349b4-bc4f-43d8-a9d5-751863bd7d35',99,true),
  ('1dcfb27d-fd67-4997-80b6-1c67f9139b29','6b1f5635-d581-4a5f-a8a9-018adb0d7f6a',124,true),
  ('df437436-8fcc-47da-b19f-02a525a8f695','dba3ddb7-1258-4d81-b254-c2ce177a244b',24,true),
  ('653515ee-372f-4074-a45b-4136f46952a9','fcc9eb95-6be0-4850-bf75-6a3b2b8d5dd4',48,true),
  ('8546874d-dae3-487b-9876-953415a580c0','bd4ad40d-a482-44b2-a876-68f0d03622db',98,false),
  ('1dcfb27d-fd67-4997-80b6-1c67f9139b29','dd197b18-2747-4279-bb33-6c2d34376b59',123,true),
  ('6457117a-ce37-4f2a-a0bf-7f008b544ae3','0cac3f00-67af-4c38-b7bd-5d78cad01cc4',118,true),
  ('460675e5-0121-407b-803b-2e10117beb42','08eb5ba5-53d9-4130-bb32-ad1a164945a0',47,true),
  ('52e2d29c-f30f-4031-86e6-1771ea51f376','301b205f-c992-4213-92a1-be161819cf2d',79,true),
  ('33b9147a-36f5-4a54-b70e-80acc20a2ee7','5850b172-9b26-44d3-b4b8-f84cf7c6ba46',9,true),
  ('653515ee-372f-4074-a45b-4136f46952a9','d7c630f0-b01d-4d46-9e20-7b0305cc9046',114,false),
  ('1dcfb27d-fd67-4997-80b6-1c67f9139b29','0c14cc7d-b8ec-4cba-9f04-7b79a927aa6f',10,false),
  ('7c683a01-b165-4d05-baab-d36f93a3f32f','8a7b5028-ed33-47ff-bd2e-af94c946fc65',55,true),
  ('1633e38c-8de6-4de3-aa95-d5d7919f5fbb','ad9ed62d-577e-4d1a-8380-aaf1d290f78d',105,false),
  ('8fd34ba9-5dc5-49fa-b12d-6a6f815e0982','c8a58c75-e9d3-4f6a-8c41-553c4cb07101',176,false),
  ('e71b73a3-44bf-434a-8a1d-bf2444e5fcf4','0f1382ea-e89b-4a9e-84f9-3b10797a5612',16,true),
  ('d75a3e8f-2bdd-4fde-aea4-c3f52436d9e6','f9d08863-d2ce-47f4-bc9b-8a19edba63a6',60,false),
  ('1633e38c-8de6-4de3-aa95-d5d7919f5fbb','c22d5377-80e4-407a-9f44-ce373d142f1f',66,true),
  ('3bd6b7aa-58a1-42b1-b2b1-85c9039bda36','15ce83a5-2c01-470f-a908-df16e82740a2',8,false),
  ('58c074ac-7d9e-483f-9a61-0e94f32dc59d','c2e9c852-aa25-4208-9870-fd187ec4983b',111,false),
  ('33b9147a-36f5-4a54-b70e-80acc20a2ee7','b98836db-866b-4c49-b4e2-c7b6cd85f9c7',84,true),
  ('475561ea-de8e-4478-81d6-609724fca985','3a2d108d-da86-477d-a415-932053067242',92,false),
  ('e6f09199-f1b5-4709-9cef-cc33df416523','50daa88b-6df0-4141-a4f5-b3e08a78a087',57,true),
  ('e71b73a3-44bf-434a-8a1d-bf2444e5fcf4','041deaa0-019a-4323-bddf-3d10896a9d83',58,true),
  ('d75a3e8f-2bdd-4fde-aea4-c3f52436d9e6','b6879a79-d7df-43e0-bf65-b2abfd939a6f',87,false),
  ('58c074ac-7d9e-483f-9a61-0e94f32dc59d','d5a216ef-b8ce-475e-aacc-0fd937511b01',97,false),
  ('1dcfb27d-fd67-4997-80b6-1c67f9139b29','de03e877-cd80-491a-bc52-780993356d6d',26,false),
  ('460675e5-0121-407b-803b-2e10117beb42','d130bc6d-5128-492e-b724-14e144c05fb3',86,true),
  ('68769c6a-259f-4b09-bd34-25e19d72f62a','22288a69-ac19-4ff5-9521-7895a0bca993',93,true),
  ('33b9147a-36f5-4a54-b70e-80acc20a2ee7','60af5f61-205f-4509-86ee-1c7a1b79e1d3',10,true),
  ('58c074ac-7d9e-483f-9a61-0e94f32dc59d','b992954d-d347-43c1-b279-82bd338062a3',118,false),
  ('1633e38c-8de6-4de3-aa95-d5d7919f5fbb','b5337799-91a7-428f-908c-0dd55e051315',106,false),
  ('475561ea-de8e-4478-81d6-609724fca985','60af5f61-205f-4509-86ee-1c7a1b79e1d3',116,false),
  ('d75a3e8f-2bdd-4fde-aea4-c3f52436d9e6','a111be63-0fdf-4fac-af98-02dc4d3b8871',0,false),
  ('542c402b-747c-4190-9239-627abdef9e02','dd197b18-2747-4279-bb33-6c2d34376b59',3,false),
  ('e81b7531-1b0d-46b7-9b79-463e03b01c3c','ca6c91a2-ce9d-4122-910d-eb15d5e6538c',42,true),
  ('58c074ac-7d9e-483f-9a61-0e94f32dc59d','2abf4bc0-0e7c-423c-b49a-a25439b9e02b',62,true),
  ('e6f09199-f1b5-4709-9cef-cc33df416523','791b566d-5eb6-46aa-9168-b3c8f0a6be70',102,false),
  ('70ff8fac-6f0b-4795-9705-ed664c55f040','cbc1948c-fca3-43ee-8b9d-32ea79c767ef',83,false),
  ('ee07c52d-878c-4da6-b17f-f6a409cda90e','70ad6ab5-5444-4ade-ae1b-c2cf016a7ada',103,true),
  ('33b9147a-36f5-4a54-b70e-80acc20a2ee7','3baaf2fc-1505-42f5-a0db-2f1598438f87',38,true),
  ('7c683a01-b165-4d05-baab-d36f93a3f32f','47b95ef4-04fe-44e5-b80b-5da757a4a654',186,false),
  ('eba4ab51-532c-4f5b-9fc8-9ad18da92702','08f171fe-ae52-4dfb-a7a3-6a58b8120c97',46,false),
  ('ee07c52d-878c-4da6-b17f-f6a409cda90e','a0d89b77-8930-47ce-b51a-dfb990254e6e',53,true),
  ('df437436-8fcc-47da-b19f-02a525a8f695','3e0887e2-4cd3-4511-8508-20b3227d9d47',20,true),
  ('8393081b-9ead-417e-b3f1-ad62ccfbd6db','a0088a08-e885-4b49-9974-16374437be64',82,false),
  ('1dcfb27d-fd67-4997-80b6-1c67f9139b29','a111be63-0fdf-4fac-af98-02dc4d3b8871',0,false),
  ('52e2d29c-f30f-4031-86e6-1771ea51f376','de7d0c8e-72d6-49ba-aee9-a8b242feab94',4,false),
  ('8fd34ba9-5dc5-49fa-b12d-6a6f815e0982','8a5aaa9e-9d14-4d9a-8123-efdbf99086a8',14,false),
  ('8546874d-dae3-487b-9876-953415a580c0','21f0c670-cacb-4292-a703-5e1cad83a891',134,false),
  ('52e2d29c-f30f-4031-86e6-1771ea51f376','c9a7f99b-5a8b-40d0-a22f-03b65c4ba5cb',51,true),
  ('70ff8fac-6f0b-4795-9705-ed664c55f040','9a8fc795-edf1-4f0c-9e4d-65609fd37421',79,false),
  ('6457117a-ce37-4f2a-a0bf-7f008b544ae3','ea68b4b0-9df0-418c-a65b-334575c5794e',103,true),
  ('7e1ca4cd-e152-4100-8acc-c41288fe1b52','f8deb8d1-1fcf-421e-b309-41109b43f862',24,false),
  ('7c683a01-b165-4d05-baab-d36f93a3f32f','ab1286f8-3d0f-4088-b618-c589d903187e',135,false),
  ('1633e38c-8de6-4de3-aa95-d5d7919f5fbb','e724e532-fa2d-4d16-9913-123e203b1cbf',144,false),
  ('70ff8fac-6f0b-4795-9705-ed664c55f040','6902aa2f-44ac-4221-ac95-0abc12a8ed08',19,true),
  ('33b9147a-36f5-4a54-b70e-80acc20a2ee7','039dc74a-e5d3-49e0-b053-44e41ae75107',101,true),
  ('ee07c52d-878c-4da6-b17f-f6a409cda90e','f5f4ee8a-28d6-40ad-868e-dc7679579c54',54,true),
  ('52e2d29c-f30f-4031-86e6-1771ea51f376','ad4798f4-dbdc-4b97-b913-47e268df0d98',15,false),
  ('542c402b-747c-4190-9239-627abdef9e02','a9135ade-3d91-4807-b1af-ea9e38fd48bc',104,true),
  ('8fd34ba9-5dc5-49fa-b12d-6a6f815e0982','956d4cc6-d88f-41e3-be45-3a44ab2b676f',57,true),
  ('52e2d29c-f30f-4031-86e6-1771ea51f376','95b4cf17-fa4b-4981-a494-11490c8ca8ed',47,true),
  ('7c683a01-b165-4d05-baab-d36f93a3f32f','b73baa70-ec8e-4405-ad3f-7497b07a6100',41,true),
  ('475561ea-de8e-4478-81d6-609724fca985','68cf689d-8295-4fd2-9228-0224d28a291e',12,false),
  ('e6f09199-f1b5-4709-9cef-cc33df416523','2933d7a8-2cf3-4ffa-8237-5adabc9479f0',103,true),
  ('7c683a01-b165-4d05-baab-d36f93a3f32f','87376ece-005d-4dcf-8c8c-4953c1f0798f',130,true),
  ('460675e5-0121-407b-803b-2e10117beb42','b7ae83e9-7dc2-4717-ade6-7acf7b2934d9',32,true),
  ('542c402b-747c-4190-9239-627abdef9e02','418df147-cab4-4e35-96b8-788e87ac750f',97,true),
  ('33b9147a-36f5-4a54-b70e-80acc20a2ee7','f8deb8d1-1fcf-421e-b309-41109b43f862',96,true),
  ('33b9147a-36f5-4a54-b70e-80acc20a2ee7','ea68b4b0-9df0-418c-a65b-334575c5794e',103,true),
  ('d75a3e8f-2bdd-4fde-aea4-c3f52436d9e6','65748972-42fc-4d2a-bf2b-9083655e45f5',25,false),
  ('7e1ca4cd-e152-4100-8acc-c41288fe1b52','dd197b18-2747-4279-bb33-6c2d34376b59',123,true),
  ('1633e38c-8de6-4de3-aa95-d5d7919f5fbb','e544e1c9-464b-4ee0-9122-41438bdd55ab',86,true),
  ('70ff8fac-6f0b-4795-9705-ed664c55f040','0ad278ed-63e4-4440-893e-6bcc1d0e3bad',154,false),
  ('70ff8fac-6f0b-4795-9705-ed664c55f040','13d05d2f-50f1-4936-b9db-f3d665f7840f',91,false),
  ('1dcfb27d-fd67-4997-80b6-1c67f9139b29','f9d08863-d2ce-47f4-bc9b-8a19edba63a6',60,false),
  ('8546874d-dae3-487b-9876-953415a580c0','b37480ea-a0cc-463d-ad7b-2ab939b18cb0',80,false),
  ('475561ea-de8e-4478-81d6-609724fca985','9e38f508-3704-46be-ab6e-17e6e856222c',88,false),
  ('52e2d29c-f30f-4031-86e6-1771ea51f376','53b4f788-2af4-4c71-a8e2-092a04b1a3b2',116,true),
  ('1633e38c-8de6-4de3-aa95-d5d7919f5fbb','7ad8d84c-896a-4ac7-865a-c9d1c77d17b8',156,false),
  ('e81b7531-1b0d-46b7-9b79-463e03b01c3c','6735a634-e07b-42a8-9dc3-441a24402944',51,true),
  ('6457117a-ce37-4f2a-a0bf-7f008b544ae3','f5f4ee8a-28d6-40ad-868e-dc7679579c54',43,true),
  ('58c074ac-7d9e-483f-9a61-0e94f32dc59d','e916ba05-0129-4ba7-b475-cf872f4c820a',61,true),
  ('8546874d-dae3-487b-9876-953415a580c0','e5eea887-a655-420a-b6f0-785dc47def7f',51,false),
  ('58c074ac-7d9e-483f-9a61-0e94f32dc59d','42abe2a2-b962-407d-9613-ed1386544719',109,false),
  ('58c074ac-7d9e-483f-9a61-0e94f32dc59d','eeadc881-5b70-4ce6-9770-7198c567cbea',170,false),
  ('475561ea-de8e-4478-81d6-609724fca985','03bc612f-afb1-45eb-b7f8-f5c4070ecae5',63,false),
  ('475561ea-de8e-4478-81d6-609724fca985','2ba7b472-c7da-4278-a334-5c71b82ccc81',104,true),
  ('df437436-8fcc-47da-b19f-02a525a8f695','6e50092b-93a8-4d8c-8bde-30f8ca05d944',75,true),
  ('ee07c52d-878c-4da6-b17f-f6a409cda90e','126e8d71-e1dd-40c4-9b1c-daed45beef9e',1,false),
  ('8393081b-9ead-417e-b3f1-ad62ccfbd6db','cf4e1b47-2bf1-45e8-b123-1f7887d24af9',87,false),
  ('8fd34ba9-5dc5-49fa-b12d-6a6f815e0982','15973b6a-7e0c-4100-baec-949fc24a4882',154,false),
  ('df437436-8fcc-47da-b19f-02a525a8f695','3c70bb63-7dbf-4aa6-96fe-47eaf5ca5910',120,false),
  ('70ff8fac-6f0b-4795-9705-ed664c55f040','0482ba0c-ef6f-4a42-ae1f-3fb7b05062d6',49,false),
  ('09cf43fd-e29d-4c78-b9c5-42af9c230474','2edd5ad6-a740-4fd4-b478-2b64f7620bf7',9,false),
  ('8fd34ba9-5dc5-49fa-b12d-6a6f815e0982','b083b6d3-ce41-434b-8bb9-a7ad6a05e9bd',115,false),
  ('6457117a-ce37-4f2a-a0bf-7f008b544ae3','a6ed7b89-558a-48ef-81ae-92c217fa0402',64,true),
  ('68769c6a-259f-4b09-bd34-25e19d72f62a','7229fe38-1d68-42f8-b5a5-4c35fc811971',21,false),
  ('e71b73a3-44bf-434a-8a1d-bf2444e5fcf4','09eafe6c-67c7-4a6b-8822-16837deae460',68,false),
  ('1dcfb27d-fd67-4997-80b6-1c67f9139b29','6b8306db-fa93-418e-9775-59f25476ad42',57,false),
  ('58c074ac-7d9e-483f-9a61-0e94f32dc59d','81bce1c8-129d-4d95-a59b-660a1263a598',178,false),
  ('58c074ac-7d9e-483f-9a61-0e94f32dc59d','eed8ebec-8e75-4f0b-aadb-a308604e500a',140,false),
  ('542c402b-747c-4190-9239-627abdef9e02','f8deb8d1-1fcf-421e-b309-41109b43f862',96,true),
  ('6457117a-ce37-4f2a-a0bf-7f008b544ae3','53b4f788-2af4-4c71-a8e2-092a04b1a3b2',116,true),
  ('3bd6b7aa-58a1-42b1-b2b1-85c9039bda36','c3dfe92b-9855-4992-b054-d0f696df8b7a',58,false),
  ('8546874d-dae3-487b-9876-953415a580c0','0591671c-cf8f-4a32-93a3-2aad295fedc0',2,false),
  ('ee07c52d-878c-4da6-b17f-f6a409cda90e','7938211f-9a18-4d26-8060-021d6f504d28',30,false),
  ('52e2d29c-f30f-4031-86e6-1771ea51f376','1ee866c0-b690-4eb6-82d8-f1426048ed42',18,false),
  ('df437436-8fcc-47da-b19f-02a525a8f695','f39fdb7b-2e3f-417f-99ff-2375529c7d40',123,false),
  ('ee07c52d-878c-4da6-b17f-f6a409cda90e','7e038577-3229-48a2-8c39-90601869f9f9',25,true),
  ('70ff8fac-6f0b-4795-9705-ed664c55f040','2bda83a9-d3c0-4168-84c6-9d1ea9d2d979',92,false),
  ('e71b73a3-44bf-434a-8a1d-bf2444e5fcf4','35e51643-57cf-4232-a6d3-ee9e19f1dd48',119,true),
  ('ee07c52d-878c-4da6-b17f-f6a409cda90e','039dc74a-e5d3-49e0-b053-44e41ae75107',112,true),
  ('475561ea-de8e-4478-81d6-609724fca985','b5ba133a-e2c2-487e-92ea-a76b4bb8effa',111,true),
  ('ee07c52d-878c-4da6-b17f-f6a409cda90e','1ee866c0-b690-4eb6-82d8-f1426048ed42',29,false),
  ('e71b73a3-44bf-434a-8a1d-bf2444e5fcf4','9b296786-ea8f-4561-9172-6f0d13b7dab8',156,true),
  ('6457117a-ce37-4f2a-a0bf-7f008b544ae3','24145fc4-12da-4f74-8115-323729efa897',0,true),
  ('460675e5-0121-407b-803b-2e10117beb42','1779b0a8-35c5-461d-b600-5aaa0035683a',64,true),
  ('1633e38c-8de6-4de3-aa95-d5d7919f5fbb','c8a58c75-e9d3-4f6a-8c41-553c4cb07101',176,false),
  ('70ff8fac-6f0b-4795-9705-ed664c55f040','1ef25ca2-09c3-4012-b570-f75834dd3191',26,false),
  ('542c402b-747c-4190-9239-627abdef9e02','dbe349b4-bc4f-43d8-a9d5-751863bd7d35',99,true),
  ('7c683a01-b165-4d05-baab-d36f93a3f32f','ea26d290-9614-4f92-85ad-fb33b2e7bafd',7,true),
  ('09cf43fd-e29d-4c78-b9c5-42af9c230474','590c490e-48b2-4e64-81e0-ea8b99a5b1eb',68,true),
  ('09cf43fd-e29d-4c78-b9c5-42af9c230474','fd7c9a21-a50f-4ef9-8fbe-c64b12757f63',44,true),
  ('68769c6a-259f-4b09-bd34-25e19d72f62a','83d89401-a895-4fad-a313-d096949b948c',113,true),
  ('d75a3e8f-2bdd-4fde-aea4-c3f52436d9e6','901d1ae1-bf2e-4494-b3c2-4f56d401a16c',129,false),
  ('e6f09199-f1b5-4709-9cef-cc33df416523','141d338e-20f3-4c90-9631-c3102ff4050b',82,false),
  ('58c074ac-7d9e-483f-9a61-0e94f32dc59d','412f9120-c9fa-4482-b272-5849a50792ff',84,true),
  ('653515ee-372f-4074-a45b-4136f46952a9','b4422e9a-7f1d-44ca-9926-85dadce125da',14,false),
  ('52e2d29c-f30f-4031-86e6-1771ea51f376','af59bb6c-706d-49b6-bd9a-9045f9a14e95',41,true),
  ('8fd34ba9-5dc5-49fa-b12d-6a6f815e0982','3bc9db66-ebc8-4ae2-acca-556f13d33fa9',68,true),
  ('df437436-8fcc-47da-b19f-02a525a8f695','635db411-27f8-4f21-9481-3c08dd5daa66',163,true),
  ('475561ea-de8e-4478-81d6-609724fca985','9f834a93-b8cc-46c3-af2b-16e2581709f4',43,false),
  ('52e2d29c-f30f-4031-86e6-1771ea51f376','3ec9d618-b827-483d-8301-ae599e51a94f',52,true),
  ('7c683a01-b165-4d05-baab-d36f93a3f32f','4bdd2f6f-4b26-48ec-b293-4573f9001958',127,false),
  ('ee07c52d-878c-4da6-b17f-f6a409cda90e','2956cce6-0533-418b-866f-bc27caaa9a53',86,true),
  ('df437436-8fcc-47da-b19f-02a525a8f695','0fc3987a-afd1-4105-9b6a-c11a10e922e4',46,true),
  ('df437436-8fcc-47da-b19f-02a525a8f695','9daae88f-e86b-4d83-8cae-1d7a8657e435',14,true),
  ('475561ea-de8e-4478-81d6-609724fca985','24145fc4-12da-4f74-8115-323729efa897',125,true),
  ('52e2d29c-f30f-4031-86e6-1771ea51f376','fd7c9a21-a50f-4ef9-8fbe-c64b12757f63',33,true),
  ('58c074ac-7d9e-483f-9a61-0e94f32dc59d','b4ed8883-58e0-4ad2-9633-63b48f360f75',39,false),
  ('e81b7531-1b0d-46b7-9b79-463e03b01c3c','d63f3d79-1876-4d1e-8dd3-df986f18b8ff',22,true),
  ('8546874d-dae3-487b-9876-953415a580c0','1c826eb6-6442-4b30-8592-b618bb63084d',102,false),
  ('ee07c52d-878c-4da6-b17f-f6a409cda90e','6f54d8ae-9b80-44cf-9a88-b230a06ac491',91,true),
  ('df437436-8fcc-47da-b19f-02a525a8f695','5fb0d38e-06d8-4db8-8160-b27fe233c9c7',114,false),
  ('460675e5-0121-407b-803b-2e10117beb42','ab1286f8-3d0f-4088-b618-c589d903187e',146,false),
  ('460675e5-0121-407b-803b-2e10117beb42','1d16476b-dc45-493b-8dcf-2f5ca9feb8e7',111,false),
  ('3bd6b7aa-58a1-42b1-b2b1-85c9039bda36','6ba17caf-fc02-4d8d-95a6-b0150ed63ba0',18,false),
  ('df437436-8fcc-47da-b19f-02a525a8f695','9c02ca8d-6def-4187-a329-573f7c7f7128',182,true),
  ('52e2d29c-f30f-4031-86e6-1771ea51f376','1de53f96-aed0-40d7-bf1d-815c2aa9798d',17,false),
  ('df437436-8fcc-47da-b19f-02a525a8f695','c22d5377-80e4-407a-9f44-ce373d142f1f',135,false),
  ('d75a3e8f-2bdd-4fde-aea4-c3f52436d9e6','eef258eb-d51d-4888-b935-0568b6c2cd74',72,false),
  ('df437436-8fcc-47da-b19f-02a525a8f695','f6b33a5d-59b1-45ca-951a-fb7b81307c9e',129,false),
  ('1633e38c-8de6-4de3-aa95-d5d7919f5fbb','6b25e693-2bf5-4c07-82c0-a627fb2682de',195,false),
  ('475561ea-de8e-4478-81d6-609724fca985','4d6a759c-1d8c-4365-862b-0c1e621f240d',61,false),
  ('653515ee-372f-4074-a45b-4136f46952a9','eef258eb-d51d-4888-b935-0568b6c2cd74',72,false),
  ('6457117a-ce37-4f2a-a0bf-7f008b544ae3','edbfc808-5df2-4741-bcde-8d3c03e32e58',6,true),
  ('7c683a01-b165-4d05-baab-d36f93a3f32f','18ebfa19-4bc3-45eb-8f14-50ef4326c3a7',56,true),
  ('3bd6b7aa-58a1-42b1-b2b1-85c9039bda36','e5eea887-a655-420a-b6f0-785dc47def7f',51,false),
  ('6457117a-ce37-4f2a-a0bf-7f008b544ae3','31f40769-5409-44c0-a2d7-60d1a1497173',82,true),
  ('3bd6b7aa-58a1-42b1-b2b1-85c9039bda36','7e038577-3229-48a2-8c39-90601869f9f9',112,false),
  ('6457117a-ce37-4f2a-a0bf-7f008b544ae3','9e38f508-3704-46be-ab6e-17e6e856222c',36,true),
  ('542c402b-747c-4190-9239-627abdef9e02','721b0097-a698-4c52-add1-501ee04265a2',108,true),
  ('d75a3e8f-2bdd-4fde-aea4-c3f52436d9e6','9436a91e-b2d1-4d65-a058-308db187e32e',123,false),
  ('70ff8fac-6f0b-4795-9705-ed664c55f040','041deaa0-019a-4323-bddf-3d10896a9d83',100,false),
  ('58c074ac-7d9e-483f-9a61-0e94f32dc59d','1592ea26-b1d5-4f49-9e47-ffdcf1da093a',87,true),
  ('d75a3e8f-2bdd-4fde-aea4-c3f52436d9e6','418df147-cab4-4e35-96b8-788e87ac750f',23,false),
  ('542c402b-747c-4190-9239-627abdef9e02','c3abecd6-fbcd-4861-9670-e2c9a1ab0fc6',89,true),
  ('7e1ca4cd-e152-4100-8acc-c41288fe1b52','c701989a-9e3c-45d6-9cff-bbc04a7bca59',101,false),
  ('3bd6b7aa-58a1-42b1-b2b1-85c9039bda36','de7d0c8e-72d6-49ba-aee9-a8b242feab94',122,true),
  ('df437436-8fcc-47da-b19f-02a525a8f695','cc7eb688-0f3a-43ca-98c8-6dac6b35c8f0',82,true),
  ('33b9147a-36f5-4a54-b70e-80acc20a2ee7','f077ff87-1e94-4ebb-810c-ef01b7ca2e06',110,true),
  ('33b9147a-36f5-4a54-b70e-80acc20a2ee7','09f0bd4e-d2a6-48f1-afa9-f8dc11f9cc01',13,true),
  ('7c683a01-b165-4d05-baab-d36f93a3f32f','3cbc9e9b-a487-49bd-bd55-6a2eb5f7b13f',25,true),
  ('df437436-8fcc-47da-b19f-02a525a8f695','9b69d3d7-6c06-4b9e-bd48-406d36f973cb',136,false),
  ('52e2d29c-f30f-4031-86e6-1771ea51f376','7210ea1b-d8af-4be6-a172-bb7034a2f0df',106,true),
  ('e81b7531-1b0d-46b7-9b79-463e03b01c3c','6b887268-c182-422a-ac59-d0c895a9a3c4',53,true),
  ('e6f09199-f1b5-4709-9cef-cc33df416523','8c4cd0d0-5131-409f-976a-c52754141d19',19,false),
  ('df437436-8fcc-47da-b19f-02a525a8f695','1d16476b-dc45-493b-8dcf-2f5ca9feb8e7',111,false),
  ('7e1ca4cd-e152-4100-8acc-c41288fe1b52','fedf7581-2828-47fc-a5e4-255226797983',1,false),
  ('542c402b-747c-4190-9239-627abdef9e02','2b5894a7-dff6-4b75-bde2-8eedcc3eec71',91,true),
  ('eba4ab51-532c-4f5b-9fc8-9ad18da92702','46808b24-1245-4dda-8fcf-61675ebbcf8f',13,true),
  ('58c074ac-7d9e-483f-9a61-0e94f32dc59d','cdebcdac-f850-495e-a85a-f44b1e01b8c8',146,false),
  ('d75a3e8f-2bdd-4fde-aea4-c3f52436d9e6','93118ea7-223b-4949-97e1-5b060d5f8eb1',38,false),
  ('460675e5-0121-407b-803b-2e10117beb42','56bb1727-5ade-4798-a22c-28b03db955cb',164,true),
  ('8fd34ba9-5dc5-49fa-b12d-6a6f815e0982','04f5f680-d604-4d81-a2a2-59c3dcdac8f7',186,false),
  ('8546874d-dae3-487b-9876-953415a580c0','cd827bd3-b41c-4599-a38c-708931d2695b',128,true),
  ('33b9147a-36f5-4a54-b70e-80acc20a2ee7','af59bb6c-706d-49b6-bd9a-9045f9a14e95',41,true),
  ('8fd34ba9-5dc5-49fa-b12d-6a6f815e0982','04a726eb-50e2-4621-bafa-9ad722f1382d',102,false),
  ('1dcfb27d-fd67-4997-80b6-1c67f9139b29','4c1ff6bf-59b1-44e0-b423-704ee9d658e6',55,false),
  ('8fd34ba9-5dc5-49fa-b12d-6a6f815e0982','a859c848-43cc-4ea7-8f53-f2b43f68d466',123,false),
  ('460675e5-0121-407b-803b-2e10117beb42','c820976f-8735-432a-838a-ac59b0496455',134,false),
  ('7c683a01-b165-4d05-baab-d36f93a3f32f','e916ba05-0129-4ba7-b475-cf872f4c820a',129,false),
  ('e6f09199-f1b5-4709-9cef-cc33df416523','0aac3017-8f9d-4431-bb9b-bbb23b6a4020',51,true),
  ('df437436-8fcc-47da-b19f-02a525a8f695','aa8da7e4-1390-4251-b020-79865f6edc62',26,true),
  ('e6f09199-f1b5-4709-9cef-cc33df416523','bb717869-d6a9-43e8-8341-d7b972d14db9',46,true),
  ('58c074ac-7d9e-483f-9a61-0e94f32dc59d','f0d8abc5-e4ff-4334-ae5b-61d4aefdd1f9',180,false)
ON CONFLICT DO NOTHING;

INSERT INTO journey_pattern.journey_pattern
  (journey_pattern_id, on_route_id)
VALUES
  ('0754b42b-ecec-4e31-a3a7-695d223b34e6','d75a3e8f-2bdd-4fde-aea4-c3f52436d9e6'),
  ('07d11bbe-5ef7-4b8e-9f98-fca9ac26080e','1dcfb27d-fd67-4997-80b6-1c67f9139b29'),
  ('109f8b93-bf95-4076-b32f-2b40c9ed5e7a','3bd6b7aa-58a1-42b1-b2b1-85c9039bda36'),
  ('11678841-e840-49d7-8ec2-764ae2d0adbd','edb8a7f0-8661-44d6-9025-3058f96d4cb4'),
  ('1437ebed-4170-4c11-9b52-6c6f420ba771','e71b73a3-44bf-434a-8a1d-bf2444e5fcf4'),
  ('1d195645-0867-4661-9ad7-1c4fc051730f','68769c6a-259f-4b09-bd34-25e19d72f62a'),
  ('29ab7f0c-8f16-4e89-9f3d-4d98f272ef9e','1633e38c-8de6-4de3-aa95-d5d7919f5fbb'),
  ('2c23c705-3475-4f0e-a6f3-f5cfbafcbf8b','e2946cf6-d93d-4838-84c4-162e43fddf6e'),
  ('3498074b-22d5-4e38-bece-c67aad3c58d3','8546874d-dae3-487b-9876-953415a580c0'),
  ('35e77299-e917-469c-aa04-35f84e826533','6295196b-2126-4028-b38d-aa15ed1289d1'),
  ('39ff2865-f582-419c-b757-93b0c772b8bf','e1c919c9-7110-4769-b0de-59cf5965ac59'),
  ('40310c7a-2b9e-45c6-9d46-1dad0fd2580a','eba4ab51-532c-4f5b-9fc8-9ad18da92702'),
  ('433528a7-f3dd-4215-8079-f572772f22a1','33b9147a-36f5-4a54-b70e-80acc20a2ee7'),
  ('4443063b-2cab-4299-9989-54f0851a6cde','10eb4028-22b6-419e-8a2a-a963db774370'),
  ('4f80b9c2-21b2-4460-9e38-0d0691b29cbe','835484b9-2a7c-4e42-9f03-fbc5465d23f7'),
  ('51fa1f6c-67cf-43fd-a497-55cb4c2cf38f','475561ea-de8e-4478-81d6-609724fca985'),
  ('53dfde7d-2fe8-4d75-859e-6815d29298f6','653515ee-372f-4074-a45b-4136f46952a9'),
  ('5fc571df-71a4-4897-8d2c-badee0aa80b4','6457117a-ce37-4f2a-a0bf-7f008b544ae3'),
  ('655d34dc-310f-4cc1-b515-aa924d954cf2','460675e5-0121-407b-803b-2e10117beb42'),
  ('6721dc2f-bb38-4b0f-adf1-52f63769abae','41be1866-a199-4823-a183-d071b86f5883'),
  ('696e8f61-cb3e-4f6c-b5fc-7e4b205a29a2','ee07c52d-878c-4da6-b17f-f6a409cda90e'),
  ('6a4b1450-dab2-49ca-bd56-0dddce09254a','df437436-8fcc-47da-b19f-02a525a8f695'),
  ('6dbb9721-634b-4624-a8a2-37187c05d9e0','70ff8fac-6f0b-4795-9705-ed664c55f040'),
  ('6ddd91bc-b77d-4db5-a7b7-d957619aaa7e','8393081b-9ead-417e-b3f1-ad62ccfbd6db'),
  ('6e18a8b2-22a7-49ca-ac00-7e6825098fe6','13877655-e397-4831-ad39-b9286d9db30c'),
  ('737fd67b-442b-4a35-afa9-8ef6b67dfec6','e6f09199-f1b5-4709-9cef-cc33df416523'),
  ('858805dc-d281-4c45-bcc9-d6e281dd7c1c','58c074ac-7d9e-483f-9a61-0e94f32dc59d'),
  ('91538119-36a3-488d-86bc-715bcb37f079','7615f326-4c52-40fc-8345-67cd38f8e8bb'),
  ('97e52ee8-59e2-46fa-a780-a8dbc1cfa02e','7e1ca4cd-e152-4100-8acc-c41288fe1b52'),
  ('9c87984c-005b-4f53-aa6f-08bd0ee1c728','d28f9a45-4c4b-477d-9d9a-fa6698600dbe'),
  ('9d57fcef-0e78-4423-a7de-2e7577bd705e','52e2d29c-f30f-4031-86e6-1771ea51f376'),
  ('a0654de8-d5f7-4dce-8da7-2acf961ffcd0','542c402b-747c-4190-9239-627abdef9e02'),
  ('a16f5781-8638-449d-8a1c-ecbe76f360b8','596cebc5-9c92-4745-a47f-0dcde41a419d'),
  ('a47d7478-3b8b-442a-8410-609b8d8cd746','7c683a01-b165-4d05-baab-d36f93a3f32f'),
  ('a6decc0a-27c8-4e8e-814a-5039051a141c','7ffe44f7-370a-4f19-bf8f-8ddf3ef53852'),
  ('a740f206-5cf9-4c14-a6c6-97250eb166a1','bf05ed96-7ae8-4f82-a0e8-6fcb5db7dd0c'),
  ('a9136ad8-d185-4c7b-9969-057b65dc9b00','89591b80-4216-4a34-903b-c3065114a5d1'),
  ('bfc72fdf-3099-4e63-9df0-13f3de6043f9','e81b7531-1b0d-46b7-9b79-463e03b01c3c'),
  ('c38f8533-2ba8-4c70-9748-9954293dd986','8fd34ba9-5dc5-49fa-b12d-6a6f815e0982'),
  ('cd367925-c29f-4122-94b7-6f5e503bf448','3fe29d8e-875d-4802-b105-a60c2f0f721d'),
  ('cee96ddb-eb3a-4ba8-9624-aee00df218fd','a276b28d-ef5e-41bc-a32a-bfbd8b7b7eec'),
  ('d15a7520-e63f-464e-9da7-c75d65d00278','8bd83436-6091-4482-b882-6eea69045e5c'),
  ('d2c2d1c0-f420-48d0-9dd6-ee21286f1a5c','3477ca53-7c77-4348-899c-5894add57a85'),
  ('d3a965b3-0e9b-45e0-9727-836ef00e53a9','9c31bbed-c177-46d0-8a8a-6efd0acf41a7'),
  ('dcc897bb-16a3-427e-bea5-c1ae9b5e5ae9','6c2d2a9d-c057-4bca-8784-d21dc228401a'),
  ('f29accd0-93f8-4a3b-bbac-99d2065dc04b','09cf43fd-e29d-4c78-b9c5-42af9c230474'),
  ('43e1985d-4643-4415-8367-c4a37fbc0a87','03d55414-e5cf-4cce-9faf-d86ccb7e5f98')
ON CONFLICT DO NOTHING;

INSERT INTO journey_pattern.scheduled_stop_point_in_journey_pattern
  (journey_pattern_id, scheduled_stop_point_label, scheduled_stop_point_sequence, is_timing_point, is_via_point, via_point_name_i18n, via_point_short_name_i18n)
VALUES
  ('43e1985d-4643-4415-8367-c4a37fbc0a87','H1234', 0, FALSE, FALSE, NULL, NULL),
  ('43e1985d-4643-4415-8367-c4a37fbc0a87','H1235', 1, TRUE, TRUE, '{"fi_FI":"Paikka","sv_FI":"Plats"}', '{"fi_FI":"Pai.","sv_FI":"Pla."}'),
  ('43e1985d-4643-4415-8367-c4a37fbc0a87','H1236', 2, FALSE, FALSE, NULL, NULL),
  ('3498074b-22d5-4e38-bece-c67aad3c58d3','E1164',3,false,false,NULL,NULL),
  ('5fc571df-71a4-4897-8d2c-badee0aa80b4','E1033',20,true,false,NULL,NULL),
  ('1437ebed-4170-4c11-9b52-6c6f420ba771','E1007',1,false,false,NULL,NULL),
  ('6ddd91bc-b77d-4db5-a7b7-d957619aaa7e','Ki0550',1,false,false,NULL,NULL),
  ('696e8f61-cb3e-4f6c-b5fc-7e4b205a29a2','E1156',18,false,false,NULL,NULL),
  ('6dbb9721-634b-4624-a8a2-37187c05d9e0','V1777',0,true,false,NULL,NULL),
  ('655d34dc-310f-4cc1-b515-aa924d954cf2','V1009',23,false,false,NULL,NULL),
  ('6a4b1450-dab2-49ca-bd56-0dddce09254a','H1577',16,true,false,NULL,NULL),
  ('c38f8533-2ba8-4c70-9748-9954293dd986','H1580',26,false,false,NULL,NULL),
  ('53dfde7d-2fe8-4d75-859e-6815d29298f6','E1166',2,false,false,NULL,NULL),
  ('6a4b1450-dab2-49ca-bd56-0dddce09254a','E1426',32,false,false,NULL,NULL),
  ('f29accd0-93f8-4a3b-bbac-99d2065dc04b','H2129',2,false,false,NULL,NULL),
  ('53dfde7d-2fe8-4d75-859e-6815d29298f6','E1168',1,false,false,NULL,NULL),
  ('655d34dc-310f-4cc1-b515-aa924d954cf2','H1919',4,true,false,NULL,NULL),
  ('07d11bbe-5ef7-4b8e-9f98-fca9ac26080e','E1973',6,false,false,NULL,NULL),
  ('6ddd91bc-b77d-4db5-a7b7-d957619aaa7e','Ki0402',10,false,false,NULL,NULL),
  ('bfc72fdf-3099-4e63-9df0-13f3de6043f9','Ki0719',3,false,false,NULL,NULL),
  ('433528a7-f3dd-4215-8079-f572772f22a1','H2143',0,true,false,NULL,NULL),
  ('6dbb9721-634b-4624-a8a2-37187c05d9e0','E1908',29,false,false,NULL,NULL),
  ('109f8b93-bf95-4076-b32f-2b40c9ed5e7a','H2064',15,true,false,NULL,NULL),
  ('40310c7a-2b9e-45c6-9d46-1dad0fd2580a','E5133',16,true,false,NULL,NULL),
  ('a0654de8-d5f7-4dce-8da7-2acf961ffcd0','H2065',6,true,false,NULL,NULL),
  ('51fa1f6c-67cf-43fd-a497-55cb4c2cf38f','E1037',0,true,false,NULL,NULL),
  ('109f8b93-bf95-4076-b32f-2b40c9ed5e7a','E1971',4,true,false,NULL,NULL),
  ('a47d7478-3b8b-442a-8410-609b8d8cd746','E1423',28,false,false,NULL,NULL),
  ('737fd67b-442b-4a35-afa9-8ef6b67dfec6','E6212',10,false,false,NULL,NULL),
  ('f29accd0-93f8-4a3b-bbac-99d2065dc04b','E1972',16,false,false,NULL,NULL),
  ('07d11bbe-5ef7-4b8e-9f98-fca9ac26080e','E1164',3,false,false,NULL,NULL),
  ('f29accd0-93f8-4a3b-bbac-99d2065dc04b','H2065',7,true,false,NULL,NULL),
  ('40310c7a-2b9e-45c6-9d46-1dad0fd2580a','E6211',11,false,false,NULL,NULL),
  ('c38f8533-2ba8-4c70-9748-9954293dd986','V1010',20,false,false,NULL,NULL),
  ('a47d7478-3b8b-442a-8410-609b8d8cd746','E1428',32,false,false,NULL,NULL),
  ('655d34dc-310f-4cc1-b515-aa924d954cf2','H1913',2,false,false,NULL,NULL),
  ('6dbb9721-634b-4624-a8a2-37187c05d9e0','V1439',6,false,false,NULL,NULL),
  ('6ddd91bc-b77d-4db5-a7b7-d957619aaa7e','Ki0741',11,false,false,NULL,NULL),
  ('6ddd91bc-b77d-4db5-a7b7-d957619aaa7e','Ki0477',3,false,false,NULL,NULL),
  ('40310c7a-2b9e-45c6-9d46-1dad0fd2580a','E6206',5,false,false,NULL,NULL),
  ('6ddd91bc-b77d-4db5-a7b7-d957619aaa7e','Ki0737',15,false,false,NULL,NULL),
  ('97e52ee8-59e2-46fa-a780-a8dbc1cfa02e','H2064',16,true,false,NULL,NULL),
  ('1437ebed-4170-4c11-9b52-6c6f420ba771','E1028',4,false,false,NULL,NULL),
  ('109f8b93-bf95-4076-b32f-2b40c9ed5e7a','E1037',0,true,false,NULL,NULL),
  ('f29accd0-93f8-4a3b-bbac-99d2065dc04b','E1165',19,false,false,NULL,NULL),
  ('3498074b-22d5-4e38-bece-c67aad3c58d3','H1318',14,false,false,NULL,NULL),
  ('c38f8533-2ba8-4c70-9748-9954293dd986','V1290',21,false,false,NULL,NULL),
  ('858805dc-d281-4c45-bcc9-d6e281dd7c1c','E6340',4,false,false,NULL,NULL),
  ('655d34dc-310f-4cc1-b515-aa924d954cf2','H1923',5,false,false,NULL,NULL),
  ('1d195645-0867-4661-9ad7-1c4fc051730f','H1323',9,true,false,NULL,NULL),
  ('a0654de8-d5f7-4dce-8da7-2acf961ffcd0','H2127',4,false,false,NULL,NULL),
  ('c38f8533-2ba8-4c70-9748-9954293dd986','H1576',27,true,false,NULL,NULL),
  ('bfc72fdf-3099-4e63-9df0-13f3de6043f9','Ki0477',15,false,false,NULL,NULL),
  ('858805dc-d281-4c45-bcc9-d6e281dd7c1c','E1405',14,false,false,NULL,NULL),
  ('c38f8533-2ba8-4c70-9748-9954293dd986','E6334',7,false,false,NULL,NULL),
  ('858805dc-d281-4c45-bcc9-d6e281dd7c1c','E6334',7,false,false,NULL,NULL),
  ('696e8f61-cb3e-4f6c-b5fc-7e4b205a29a2','H2511',0,true,false,NULL,NULL),
  ('a0654de8-d5f7-4dce-8da7-2acf961ffcd0','E1156',17,false,false,NULL,NULL),
  ('109f8b93-bf95-4076-b32f-2b40c9ed5e7a','E1164',3,false,false,NULL,NULL),
  ('51fa1f6c-67cf-43fd-a497-55cb4c2cf38f','H2128',18,false,false,NULL,NULL),
  ('433528a7-f3dd-4215-8079-f572772f22a1','E1972',15,false,false,NULL,NULL),
  ('858805dc-d281-4c45-bcc9-d6e281dd7c1c','E7106',1,false,false,NULL,NULL),
  ('a47d7478-3b8b-442a-8410-609b8d8cd746','V1205',19,false,false,NULL,NULL),
  ('737fd67b-442b-4a35-afa9-8ef6b67dfec6','E6203',14,false,false,NULL,NULL),
  ('29ab7f0c-8f16-4e89-9f3d-4d98f272ef9e','E7102',3,false,false,NULL,NULL),
  ('6dbb9721-634b-4624-a8a2-37187c05d9e0','V1211',16,false,false,NULL,NULL),
  ('5fc571df-71a4-4897-8d2c-badee0aa80b4','H2143',0,true,false,NULL,NULL),
  ('6dbb9721-634b-4624-a8a2-37187c05d9e0','E1950',24,false,false,NULL,NULL),
  ('5fc571df-71a4-4897-8d2c-badee0aa80b4','H1329',7,false,false,NULL,NULL),
  ('0754b42b-ecec-4e31-a3a7-695d223b34e6','E1164',3,false,false,NULL,NULL),
  ('0754b42b-ecec-4e31-a3a7-695d223b34e6','E1971',5,true,false,NULL,NULL),
  ('6a4b1450-dab2-49ca-bd56-0dddce09254a','H1581',17,false,false,NULL,NULL),
  ('858805dc-d281-4c45-bcc9-d6e281dd7c1c','H2020',43,true,false,NULL,NULL),
  ('1437ebed-4170-4c11-9b52-6c6f420ba771','E1014',3,false,false,NULL,NULL),
  ('9d57fcef-0e78-4423-a7de-2e7577bd705e','E1972',14,false,false,NULL,NULL),
  ('6dbb9721-634b-4624-a8a2-37187c05d9e0','V1437',7,false,false,NULL,NULL),
  ('f29accd0-93f8-4a3b-bbac-99d2065dc04b','E1157',17,true,false,NULL,NULL),
  ('a47d7478-3b8b-442a-8410-609b8d8cd746','E6333',35,false,false,NULL,NULL),
  ('1437ebed-4170-4c11-9b52-6c6f420ba771','E1949',11,false,false,NULL,NULL),
  ('1437ebed-4170-4c11-9b52-6c6f420ba771','V1219',21,false,false,NULL,NULL),
  ('a47d7478-3b8b-442a-8410-609b8d8cd746','V1009',22,false,false,NULL,NULL),
  ('bfc72fdf-3099-4e63-9df0-13f3de6043f9','Ki0551',16,false,false,NULL,NULL),
  ('f29accd0-93f8-4a3b-bbac-99d2065dc04b','H1329',8,false,false,NULL,NULL),
  ('c38f8533-2ba8-4c70-9748-9954293dd986','V1204',24,false,false,NULL,NULL),
  ('29ab7f0c-8f16-4e89-9f3d-4d98f272ef9e','E1405',14,false,false,NULL,NULL),
  ('29ab7f0c-8f16-4e89-9f3d-4d98f272ef9e','V1288',22,false,false,NULL,NULL),
  ('1437ebed-4170-4c11-9b52-6c6f420ba771','V1449',31,false,false,NULL,NULL),
  ('6dbb9721-634b-4624-a8a2-37187c05d9e0','E1948',25,false,false,NULL,NULL),
  ('6ddd91bc-b77d-4db5-a7b7-d957619aaa7e','Ki0743',6,false,false,NULL,NULL),
  ('6dbb9721-634b-4624-a8a2-37187c05d9e0','E1116',33,true,false,NULL,NULL),
  ('29ab7f0c-8f16-4e89-9f3d-4d98f272ef9e','H1512',34,true,false,NULL,NULL),
  ('1437ebed-4170-4c11-9b52-6c6f420ba771','E1053',5,true,false,NULL,NULL),
  ('6ddd91bc-b77d-4db5-a7b7-d957619aaa7e','Ki0461',5,false,false,NULL,NULL),
  ('07d11bbe-5ef7-4b8e-9f98-fca9ac26080e','H2064',16,true,false,NULL,NULL),
  ('97e52ee8-59e2-46fa-a780-a8dbc1cfa02e','E1155',4,false,false,NULL,NULL),
  ('6dbb9721-634b-4624-a8a2-37187c05d9e0','V1286',12,false,false,NULL,NULL),
  ('1437ebed-4170-4c11-9b52-6c6f420ba771','V1207',17,true,false,NULL,NULL),
  ('1437ebed-4170-4c11-9b52-6c6f420ba771','V1289',23,false,false,NULL,NULL),
  ('9d57fcef-0e78-4423-a7de-2e7577bd705e','H1321',8,false,false,NULL,NULL),
  ('6a4b1450-dab2-49ca-bd56-0dddce09254a','E6333',36,false,false,NULL,NULL),
  ('97e52ee8-59e2-46fa-a780-a8dbc1cfa02e','H1328',15,false,false,NULL,NULL),
  ('858805dc-d281-4c45-bcc9-d6e281dd7c1c','E1538',10,false,false,NULL,NULL),
  ('f29accd0-93f8-4a3b-bbac-99d2065dc04b','H2506',1,true,false,NULL,NULL),
  ('bfc72fdf-3099-4e63-9df0-13f3de6043f9','Ki0726',6,false,false,NULL,NULL),
  ('a47d7478-3b8b-442a-8410-609b8d8cd746','E1426',31,false,false,NULL,NULL),
  ('3498074b-22d5-4e38-bece-c67aad3c58d3','E1973',6,false,false,NULL,NULL),
  ('1437ebed-4170-4c11-9b52-6c6f420ba771','V1218',19,false,false,NULL,NULL),
  ('a47d7478-3b8b-442a-8410-609b8d8cd746','E6339',39,false,false,NULL,NULL),
  ('858805dc-d281-4c45-bcc9-d6e281dd7c1c','V1288',22,false,false,NULL,NULL),
  ('858805dc-d281-4c45-bcc9-d6e281dd7c1c','E7113',0,true,false,NULL,NULL),
  ('29ab7f0c-8f16-4e89-9f3d-4d98f272ef9e','E6340',4,false,false,NULL,NULL),
  ('a0654de8-d5f7-4dce-8da7-2acf961ffcd0','H1323',10,true,false,NULL,NULL),
  ('f29accd0-93f8-4a3b-bbac-99d2065dc04b','H2511',0,true,false,NULL,NULL),
  ('858805dc-d281-4c45-bcc9-d6e281dd7c1c','E1535',9,false,false,NULL,NULL),
  ('6a4b1450-dab2-49ca-bd56-0dddce09254a','E6335',37,false,false,NULL,NULL),
  ('6a4b1450-dab2-49ca-bd56-0dddce09254a','H1919',4,true,false,NULL,NULL),
  ('97e52ee8-59e2-46fa-a780-a8dbc1cfa02e','E1166',2,false,false,NULL,NULL),
  ('29ab7f0c-8f16-4e89-9f3d-4d98f272ef9e','E1437',18,false,false,NULL,NULL),
  ('6a4b1450-dab2-49ca-bd56-0dddce09254a','H1909',1,false,false,NULL,NULL),
  ('3498074b-22d5-4e38-bece-c67aad3c58d3','H2128',19,false,false,NULL,NULL),
  ('bfc72fdf-3099-4e63-9df0-13f3de6043f9','Ki0724',5,false,false,NULL,NULL),
  ('858805dc-d281-4c45-bcc9-d6e281dd7c1c','V1202',25,false,false,NULL,NULL),
  ('29ab7f0c-8f16-4e89-9f3d-4d98f272ef9e','H1914',41,false,false,NULL,NULL),
  ('9d57fcef-0e78-4423-a7de-2e7577bd705e','H1323',9,true,false,NULL,NULL),
  ('a47d7478-3b8b-442a-8410-609b8d8cd746','E7105',42,false,false,NULL,NULL),
  ('9d57fcef-0e78-4423-a7de-2e7577bd705e','E1165',16,false,false,NULL,NULL),
  ('737fd67b-442b-4a35-afa9-8ef6b67dfec6','E6207',15,false,false,NULL,NULL),
  ('6a4b1450-dab2-49ca-bd56-0dddce09254a','E7101',41,false,false,NULL,NULL),
  ('29ab7f0c-8f16-4e89-9f3d-4d98f272ef9e','V1010',20,false,false,NULL,NULL),
  ('6dbb9721-634b-4624-a8a2-37187c05d9e0','V1294',11,true,false,NULL,NULL),
  ('40310c7a-2b9e-45c6-9d46-1dad0fd2580a','E5117',17,false,false,NULL,NULL),
  ('6a4b1450-dab2-49ca-bd56-0dddce09254a','E1423',29,false,false,NULL,NULL),
  ('bfc72fdf-3099-4e63-9df0-13f3de6043f9','Ki0401',8,false,false,NULL,NULL),
  ('9d57fcef-0e78-4423-a7de-2e7577bd705e','E1033',18,true,false,NULL,NULL),
  ('a47d7478-3b8b-442a-8410-609b8d8cd746','H1919',3,true,false,NULL,NULL),
  ('0754b42b-ecec-4e31-a3a7-695d223b34e6','H2128',19,false,false,NULL,NULL),
  ('5fc571df-71a4-4897-8d2c-badee0aa80b4','E1169',19,false,false,NULL,NULL),
  ('9d57fcef-0e78-4423-a7de-2e7577bd705e','H2065',5,true,false,NULL,NULL),
  ('53dfde7d-2fe8-4d75-859e-6815d29298f6','H1328',14,false,false,NULL,NULL),
  ('655d34dc-310f-4cc1-b515-aa924d954cf2','E1425',28,false,false,NULL,NULL),
  ('858805dc-d281-4c45-bcc9-d6e281dd7c1c','H1580',26,false,false,NULL,NULL),
  ('433528a7-f3dd-4215-8079-f572772f22a1','H1321',9,false,false,NULL,NULL),
  ('6a4b1450-dab2-49ca-bd56-0dddce09254a','E1539',34,false,false,NULL,NULL),
  ('6dbb9721-634b-4624-a8a2-37187c05d9e0','E1015',31,false,false,NULL,NULL),
  ('6a4b1450-dab2-49ca-bd56-0dddce09254a','E1438',24,true,false,NULL,NULL),
  ('6dbb9721-634b-4624-a8a2-37187c05d9e0','V1436',8,false,false,NULL,NULL),
  ('655d34dc-310f-4cc1-b515-aa924d954cf2','H1577',16,true,false,NULL,NULL),
  ('858805dc-d281-4c45-bcc9-d6e281dd7c1c','H1512',34,true,false,NULL,NULL),
  ('655d34dc-310f-4cc1-b515-aa924d954cf2','E7105',43,false,false,NULL,NULL),
  ('655d34dc-310f-4cc1-b515-aa924d954cf2','V1007',22,false,false,NULL,NULL),
  ('6dbb9721-634b-4624-a8a2-37187c05d9e0','V1291',20,false,false,NULL,NULL),
  ('29ab7f0c-8f16-4e89-9f3d-4d98f272ef9e','E1424',15,false,false,NULL,NULL),
  ('1d195645-0867-4661-9ad7-1c4fc051730f','H2127',3,false,false,NULL,NULL),
  ('f29accd0-93f8-4a3b-bbac-99d2065dc04b','H1323',11,true,false,NULL,NULL),
  ('5fc571df-71a4-4897-8d2c-badee0aa80b4','H2127',4,false,false,NULL,NULL),
  ('07d11bbe-5ef7-4b8e-9f98-fca9ac26080e','E1971',5,true,false,NULL,NULL),
  ('53dfde7d-2fe8-4d75-859e-6815d29298f6','H2143',21,true,false,NULL,NULL),
  ('6dbb9721-634b-4624-a8a2-37187c05d9e0','V1210',17,false,false,NULL,NULL),
  ('655d34dc-310f-4cc1-b515-aa924d954cf2','E6333',36,false,false,NULL,NULL),
  ('6dbb9721-634b-4624-a8a2-37187c05d9e0','E1019',30,true,false,NULL,NULL),
  ('6ddd91bc-b77d-4db5-a7b7-d957619aaa7e','Ki0475',2,true,false,NULL,NULL),
  ('6a4b1450-dab2-49ca-bd56-0dddce09254a','V1291',21,false,false,NULL,NULL),
  ('a47d7478-3b8b-442a-8410-609b8d8cd746','V1007',21,false,false,NULL,NULL),
  ('655d34dc-310f-4cc1-b515-aa924d954cf2','E1428',33,false,false,NULL,NULL),
  ('5fc571df-71a4-4897-8d2c-badee0aa80b4','H1321',9,false,false,NULL,NULL),
  ('0754b42b-ecec-4e31-a3a7-695d223b34e6','H2507',22,true,false,NULL,NULL),
  ('c38f8533-2ba8-4c70-9748-9954293dd986','E7106',1,false,false,NULL,NULL),
  ('655d34dc-310f-4cc1-b515-aa924d954cf2','H1581',17,false,false,NULL,NULL),
  ('655d34dc-310f-4cc1-b515-aa924d954cf2','V1291',21,false,false,NULL,NULL),
  ('f29accd0-93f8-4a3b-bbac-99d2065dc04b','H2127',5,false,false,NULL,NULL),
  ('6dbb9721-634b-4624-a8a2-37187c05d9e0','E1006',32,false,false,NULL,NULL),
  ('1437ebed-4170-4c11-9b52-6c6f420ba771','V1740',34,true,false,NULL,NULL),
  ('1437ebed-4170-4c11-9b52-6c6f420ba771','V1223',22,false,false,NULL,NULL),
  ('bfc72fdf-3099-4e63-9df0-13f3de6043f9','Ki0713',0,true,false,NULL,NULL),
  ('655d34dc-310f-4cc1-b515-aa924d954cf2','E1537',35,false,false,NULL,NULL),
  ('858805dc-d281-4c45-bcc9-d6e281dd7c1c','E1404',13,false,false,NULL,NULL),
  ('51fa1f6c-67cf-43fd-a497-55cb4c2cf38f','H2064',15,true,false,NULL,NULL),
  ('655d34dc-310f-4cc1-b515-aa924d954cf2','E6347',38,false,false,NULL,NULL),
  ('9d57fcef-0e78-4423-a7de-2e7577bd705e','E1157',15,true,false,NULL,NULL),
  ('6ddd91bc-b77d-4db5-a7b7-d957619aaa7e','Ki0720',14,false,false,NULL,NULL),
  ('109f8b93-bf95-4076-b32f-2b40c9ed5e7a','H2128',18,false,false,NULL,NULL),
  ('29ab7f0c-8f16-4e89-9f3d-4d98f272ef9e','V1204',24,false,false,NULL,NULL),
  ('29ab7f0c-8f16-4e89-9f3d-4d98f272ef9e','E6338',5,false,false,NULL,NULL),
  ('0754b42b-ecec-4e31-a3a7-695d223b34e6','H1318',14,false,false,NULL,NULL),
  ('6dbb9721-634b-4624-a8a2-37187c05d9e0','V1448',4,false,false,NULL,NULL),
  ('433528a7-f3dd-4215-8079-f572772f22a1','H1323',10,true,false,NULL,NULL),
  ('1437ebed-4170-4c11-9b52-6c6f420ba771','V1443',27,false,false,NULL,NULL),
  ('6ddd91bc-b77d-4db5-a7b7-d957619aaa7e','Ki0713',17,true,false,NULL,NULL),
  ('a47d7478-3b8b-442a-8410-609b8d8cd746','H1927',5,false,false,NULL,NULL),
  ('655d34dc-310f-4cc1-b515-aa924d954cf2','E1539',34,false,false,NULL,NULL),
  ('6dbb9721-634b-4624-a8a2-37187c05d9e0','V1425',5,false,false,NULL,NULL),
  ('433528a7-f3dd-4215-8079-f572772f22a1','E1165',17,false,false,NULL,NULL),
  ('696e8f61-cb3e-4f6c-b5fc-7e4b205a29a2','E1033',21,true,false,NULL,NULL),
  ('3498074b-22d5-4e38-bece-c67aad3c58d3','E1037',0,true,false,NULL,NULL),
  ('c38f8533-2ba8-4c70-9748-9954293dd986','E6336',6,false,false,NULL,NULL),
  ('97e52ee8-59e2-46fa-a780-a8dbc1cfa02e','E1168',1,false,false,NULL,NULL),
  ('6a4b1450-dab2-49ca-bd56-0dddce09254a','E1425',28,false,false,NULL,NULL),
  ('29ab7f0c-8f16-4e89-9f3d-4d98f272ef9e','E1404',13,false,false,NULL,NULL),
  ('655d34dc-310f-4cc1-b515-aa924d954cf2','E1438',24,true,false,NULL,NULL),
  ('c38f8533-2ba8-4c70-9748-9954293dd986','E7104',2,false,false,NULL,NULL),
  ('29ab7f0c-8f16-4e89-9f3d-4d98f272ef9e','H1580',26,false,false,NULL,NULL),
  ('696e8f61-cb3e-4f6c-b5fc-7e4b205a29a2','H1323',11,true,false,NULL,NULL),
  ('1437ebed-4170-4c11-9b52-6c6f420ba771','V1445',25,false,false,NULL,NULL),
  ('6a4b1450-dab2-49ca-bd56-0dddce09254a','E1537',35,false,false,NULL,NULL),
  ('29ab7f0c-8f16-4e89-9f3d-4d98f272ef9e','E1429',11,false,false,NULL,NULL),
  ('f29accd0-93f8-4a3b-bbac-99d2065dc04b','H1321',10,false,false,NULL,NULL),
  ('737fd67b-442b-4a35-afa9-8ef6b67dfec6','E6020',19,false,false,NULL,NULL),
  ('29ab7f0c-8f16-4e89-9f3d-4d98f272ef9e','E1535',9,false,false,NULL,NULL),
  ('5fc571df-71a4-4897-8d2c-badee0aa80b4','E1156',17,false,false,NULL,NULL),
  ('a47d7478-3b8b-442a-8410-609b8d8cd746','E6347',37,false,false,NULL,NULL),
  ('6a4b1450-dab2-49ca-bd56-0dddce09254a','E6339',40,false,false,NULL,NULL),
  ('655d34dc-310f-4cc1-b515-aa924d954cf2','H1931',7,false,false,NULL,NULL),
  ('c38f8533-2ba8-4c70-9748-9954293dd986','H1924',38,false,false,NULL,NULL),
  ('a0654de8-d5f7-4dce-8da7-2acf961ffcd0','E1157',16,true,false,NULL,NULL),
  ('6dbb9721-634b-4624-a8a2-37187c05d9e0','V1101',22,true,false,NULL,NULL),
  ('bfc72fdf-3099-4e63-9df0-13f3de6043f9','Ki0406',10,false,false,NULL,NULL),
  ('29ab7f0c-8f16-4e89-9f3d-4d98f272ef9e','H1576',27,false,false,NULL,NULL),
  ('9d57fcef-0e78-4423-a7de-2e7577bd705e','H2127',3,false,false,NULL,NULL),
  ('655d34dc-310f-4cc1-b515-aa924d954cf2','E1423',29,false,false,NULL,NULL),
  ('1d195645-0867-4661-9ad7-1c4fc051730f','E1972',14,false,false,NULL,NULL),
  ('696e8f61-cb3e-4f6c-b5fc-7e4b205a29a2','H1329',8,false,false,NULL,NULL),
  ('6a4b1450-dab2-49ca-bd56-0dddce09254a','V1007',22,false,false,NULL,NULL),
  ('1437ebed-4170-4c11-9b52-6c6f420ba771','E1117',0,true,false,NULL,NULL),
  ('a47d7478-3b8b-442a-8410-609b8d8cd746','V1291',20,false,false,NULL,NULL),
  ('a0654de8-d5f7-4dce-8da7-2acf961ffcd0','H1321',9,false,false,NULL,NULL),
  ('655d34dc-310f-4cc1-b515-aa924d954cf2','E7103',42,false,false,NULL,NULL),
  ('a47d7478-3b8b-442a-8410-609b8d8cd746','H1931',6,false,false,NULL,NULL),
  ('655d34dc-310f-4cc1-b515-aa924d954cf2','V1205',20,false,false,NULL,NULL),
  ('3498074b-22d5-4e38-bece-c67aad3c58d3','H1328',15,false,false,NULL,NULL),
  ('3498074b-22d5-4e38-bece-c67aad3c58d3','E1971',5,true,false,NULL,NULL),
  ('40310c7a-2b9e-45c6-9d46-1dad0fd2580a','E5139',13,false,false,NULL,NULL),
  ('c38f8533-2ba8-4c70-9748-9954293dd986','E1437',18,false,false,NULL,NULL),
  ('6dbb9721-634b-4624-a8a2-37187c05d9e0','V1011',21,false,false,NULL,NULL),
  ('53dfde7d-2fe8-4d75-859e-6815d29298f6','E1973',5,false,false,NULL,NULL),
  ('a0654de8-d5f7-4dce-8da7-2acf961ffcd0','H1329',7,false,false,NULL,NULL),
  ('07d11bbe-5ef7-4b8e-9f98-fca9ac26080e','H2143',22,true,false,NULL,NULL),
  ('a47d7478-3b8b-442a-8410-609b8d8cd746','H1511',8,true,false,NULL,NULL),
  ('6ddd91bc-b77d-4db5-a7b7-d957619aaa7e','Ki0725',12,false,false,NULL,NULL),
  ('c38f8533-2ba8-4c70-9748-9954293dd986','E1404',13,false,false,NULL,NULL),
  ('858805dc-d281-4c45-bcc9-d6e281dd7c1c','E1437',18,false,false,NULL,NULL),
  ('c38f8533-2ba8-4c70-9748-9954293dd986','V1206',23,false,false,NULL,NULL),
  ('1437ebed-4170-4c11-9b52-6c6f420ba771','V1416',26,false,false,NULL,NULL),
  ('6dbb9721-634b-4624-a8a2-37187c05d9e0','E1910',28,false,false,NULL,NULL),
  ('9d57fcef-0e78-4423-a7de-2e7577bd705e','H1329',6,false,false,NULL,NULL),
  ('1437ebed-4170-4c11-9b52-6c6f420ba771','V1714',32,false,false,NULL,NULL),
  ('a47d7478-3b8b-442a-8410-609b8d8cd746','H1930',0,true,false,NULL,NULL),
  ('6dbb9721-634b-4624-a8a2-37187c05d9e0','V1417',9,false,false,NULL,NULL),
  ('3498074b-22d5-4e38-bece-c67aad3c58d3','H2064',16,true,false,NULL,NULL),
  ('858805dc-d281-4c45-bcc9-d6e281dd7c1c','E1429',11,false,false,NULL,NULL),
  ('5fc571df-71a4-4897-8d2c-badee0aa80b4','H2065',6,true,false,NULL,NULL),
  ('433528a7-f3dd-4215-8079-f572772f22a1','H2065',6,true,false,NULL,NULL),
  ('07d11bbe-5ef7-4b8e-9f98-fca9ac26080e','E1168',1,false,false,NULL,NULL),
  ('51fa1f6c-67cf-43fd-a497-55cb4c2cf38f','E1164',3,false,false,NULL,NULL),
  ('29ab7f0c-8f16-4e89-9f3d-4d98f272ef9e','E1427',12,false,false,NULL,NULL),
  ('53dfde7d-2fe8-4d75-859e-6815d29298f6','E1037',0,true,false,NULL,NULL),
  ('9d57fcef-0e78-4423-a7de-2e7577bd705e','H2129',1,true,false,NULL,NULL),
  ('655d34dc-310f-4cc1-b515-aa924d954cf2','V1203',19,false,false,NULL,NULL),
  ('c38f8533-2ba8-4c70-9748-9954293dd986','E6332',8,false,false,NULL,NULL),
  ('0754b42b-ecec-4e31-a3a7-695d223b34e6','E1155',4,false,false,NULL,NULL),
  ('c38f8533-2ba8-4c70-9748-9954293dd986','E1535',9,false,false,NULL,NULL),
  ('9d57fcef-0e78-4423-a7de-2e7577bd705e','E1169',17,false,false,NULL,NULL),
  ('a47d7478-3b8b-442a-8410-609b8d8cd746','E7101',40,false,false,NULL,NULL),
  ('6dbb9721-634b-4624-a8a2-37187c05d9e0','V1299',15,false,false,NULL,NULL),
  ('1437ebed-4170-4c11-9b52-6c6f420ba771','V1298',20,false,false,NULL,NULL),
  ('6a4b1450-dab2-49ca-bd56-0dddce09254a','H1923',5,false,false,NULL,NULL),
  ('6dbb9721-634b-4624-a8a2-37187c05d9e0','V1208',18,true,false,NULL,NULL),
  ('858805dc-d281-4c45-bcc9-d6e281dd7c1c','V1290',21,false,false,NULL,NULL),
  ('6a4b1450-dab2-49ca-bd56-0dddce09254a','E6337',39,false,false,NULL,NULL),
  ('51fa1f6c-67cf-43fd-a497-55cb4c2cf38f','E1973',5,false,false,NULL,NULL),
  ('6a4b1450-dab2-49ca-bd56-0dddce09254a','H1511',9,true,false,NULL,NULL),
  ('a0654de8-d5f7-4dce-8da7-2acf961ffcd0','H2129',1,true,false,NULL,NULL),
  ('6ddd91bc-b77d-4db5-a7b7-d957619aaa7e','Ki0551',4,false,false,NULL,NULL),
  ('6a4b1450-dab2-49ca-bd56-0dddce09254a','V1201',18,false,false,NULL,NULL),
  ('5fc571df-71a4-4897-8d2c-badee0aa80b4','E1165',18,false,false,NULL,NULL),
  ('6a4b1450-dab2-49ca-bd56-0dddce09254a','E7103',42,false,false,NULL,NULL),
  ('6dbb9721-634b-4624-a8a2-37187c05d9e0','V1742',1,false,false,NULL,NULL),
  ('40310c7a-2b9e-45c6-9d46-1dad0fd2580a','E6027',0,true,false,NULL,NULL),
  ('f29accd0-93f8-4a3b-bbac-99d2065dc04b','E1169',20,false,false,NULL,NULL),
  ('40310c7a-2b9e-45c6-9d46-1dad0fd2580a','E6209',9,false,false,NULL,NULL),
  ('29ab7f0c-8f16-4e89-9f3d-4d98f272ef9e','H2020',43,true,false,NULL,NULL),
  ('6a4b1450-dab2-49ca-bd56-0dddce09254a','V1009',23,false,false,NULL,NULL),
  ('6a4b1450-dab2-49ca-bd56-0dddce09254a','E1428',33,false,false,NULL,NULL),
  ('1437ebed-4170-4c11-9b52-6c6f420ba771','V1110',13,false,false,NULL,NULL),
  ('858805dc-d281-4c45-bcc9-d6e281dd7c1c','H1914',41,false,false,NULL,NULL),
  ('696e8f61-cb3e-4f6c-b5fc-7e4b205a29a2','E1169',20,false,false,NULL,NULL),
  ('97e52ee8-59e2-46fa-a780-a8dbc1cfa02e','E1971',5,true,false,NULL,NULL),
  ('40310c7a-2b9e-45c6-9d46-1dad0fd2580a','E5101',12,false,false,NULL,NULL),
  ('c38f8533-2ba8-4c70-9748-9954293dd986','E7102',3,false,false,NULL,NULL),
  ('a47d7478-3b8b-442a-8410-609b8d8cd746','E1433',26,false,false,NULL,NULL),
  ('5fc571df-71a4-4897-8d2c-badee0aa80b4','H2129',1,true,false,NULL,NULL),
  ('1d195645-0867-4661-9ad7-1c4fc051730f','E1169',17,false,false,NULL,NULL),
  ('40310c7a-2b9e-45c6-9d46-1dad0fd2580a','E6216',8,false,false,NULL,NULL),
  ('1d195645-0867-4661-9ad7-1c4fc051730f','E1157',15,true,false,NULL,NULL),
  ('29ab7f0c-8f16-4e89-9f3d-4d98f272ef9e','V1206',23,false,false,NULL,NULL),
  ('737fd67b-442b-4a35-afa9-8ef6b67dfec6','E5140',8,false,false,NULL,NULL),
  ('6a4b1450-dab2-49ca-bd56-0dddce09254a','H1931',7,false,false,NULL,NULL),
  ('29ab7f0c-8f16-4e89-9f3d-4d98f272ef9e','E7106',1,false,false,NULL,NULL),
  ('29ab7f0c-8f16-4e89-9f3d-4d98f272ef9e','E1538',10,false,false,NULL,NULL),
  ('433528a7-f3dd-4215-8079-f572772f22a1','E1169',18,false,false,NULL,NULL),
  ('40310c7a-2b9e-45c6-9d46-1dad0fd2580a','E5103',14,false,false,NULL,NULL),
  ('07d11bbe-5ef7-4b8e-9f98-fca9ac26080e','H2128',19,false,false,NULL,NULL),
  ('07d11bbe-5ef7-4b8e-9f98-fca9ac26080e','E1166',2,false,false,NULL,NULL),
  ('737fd67b-442b-4a35-afa9-8ef6b67dfec6','E6205',16,false,false,NULL,NULL),
  ('655d34dc-310f-4cc1-b515-aa924d954cf2','E6335',37,false,false,NULL,NULL),
  ('a0654de8-d5f7-4dce-8da7-2acf961ffcd0','E1169',19,false,false,NULL,NULL),
  ('97e52ee8-59e2-46fa-a780-a8dbc1cfa02e','H2128',19,false,false,NULL,NULL),
  ('a47d7478-3b8b-442a-8410-609b8d8cd746','H1581',16,false,false,NULL,NULL)
ON CONFLICT DO NOTHING;
